Timestamp,P_n1,P_n4,P_n31,P_n54,P_n105,P_n114,P_n163,P_n188,P_n215,P_n229,P_n288,P_n296,P_n332,P_n342,P_n410,P_n415,P_n429,P_n458,P_n469,P_n495,P_n506,P_n516,P_n519,P_n549,P_n613,P_n636,P_n644,P_n679,P_n722,P_n726,P_n740,P_n752,P_n769,D_n1,D_n2,D_n3,D_n4,D_n6,D_n7,D_n8,D_n9,D_n10,D_n11,D_n13,D_n16,D_n17,D_n18,D_n19,D_n20,D_n21,D_n22,D_n23,D_n24,D_n25,D_n26,D_n27,D_n28,D_n29,D_n30,D_n31,D_n32,D_n33,D_n34,D_n35,D_n36,D_n39,D_n40,D_n41,D_n42,D_n43,D_n44,D_n45,D_n343,D_n344,D_n345,D_n346,D_n347,D_n349,D_n350,D_n351,D_n352,D_n353,D_n354,D_n355,D_n356,D_n357,D_n358,D_n360,D_n361,D_n362,D_n364,D_n365,D_n366,D_n367,D_n368,D_n369,D_n370,D_n371,D_n372,D_n373,D_n374,D_n375,D_n376,D_n377,D_n378,D_n379,D_n381,D_n382,D_n383,D_n384,D_n385,D_n386,D_n387,D_n388,D_n389,F_p227,F_p235,F_PUMP_1,L_T1
2026-10-04 00:00,28.35,33.45,36.78,36.73,50.33,53.77,52.2,54.96,39.08,52.15,52.52,42.27,56.19,46.36,30.66,45.27,36.39,43.14,47.35,51.56,53.33,54.6,47.25,54.52,55.76,45.23,47.29,47.05,45.94,46.85,43.71,48.89,48.3,1222.77,177.02,224.76,1996.94,328.13,186.35,76.98,147.04,53.76,730.92,45.48,85.15,497.18,39.59,134.17,217.14,79.37,170.13,165.54,42.83,5192.27,46.33,57.44,171.03,23.34,312.06,99.09,73.46,141.95,127.3,77.13,209.54,16.98,270.42,190.39,283.77,8.77,39.37,444.65,158.42,307.76,49.6,167.65,12.68,69.45,11.41,388.44,42.04,128.44,71.62,494.83,89.11,68.63,210.09,209.38,41.27,6.11,42.26,185.98,121.74,86.71,119.41,87.28,374.14,72.98,8.01,46.8,40.84,98.32,0.0,526.23,9.31,150.75,137.81,65.68,20.27,240.74,48.1,252.61,73.69,199.81,89.3,96.22,100.68,44.0,3.29
2026-10-04 00:05,28.35,33.45,36.8,36.82,50.37,53.81,52.29,55.04,39.09,52.25,52.6,42.32,56.24,46.46,30.75,45.35,36.48,43.23,47.39,51.59,53.38,54.68,47.32,54.61,55.85,45.31,47.38,47.13,45.99,46.92,43.74,48.97,48.36,1210.91,113.88,190.76,2580.42,117.74,423.33,226.47,310.92,82.38,318.17,48.9,54.39,178.4,78.32,83.03,138.83,34.55,145.83,129.93,5.1,5024.84,35.3,141.87,287.17,56.81,264.86,118.41,8.75,178.8,0.0,42.38,250.39,10.51,307.11,80.51,120.0,109.76,25.32,284.29,110.51,130.15,10.55,244.78,13.31,29.37,95.36,484.29,49.57,312.6,141.68,0.0,9.11,107.5,518.86,237.8,87.26,3.45,95.99,126.27,149.72,154.52,76.82,47.67,246.91,46.62,8.61,29.92,87.37,66.75,132.62,0.0,11.45,96.38,211.19,218.7,59.64,237.41,70.23,314.95,40.24,476.93,147.64,90.92,97.79,44.02,3.3
2026-10-04 00:10,28.35,33.44,36.78,36.68,50.29,53.72,52.15,54.91,39.08,52.11,52.5,42.24,56.15,46.32,30.62,45.24,36.35,43.09,47.31,51.53,53.29,54.55,47.2,54.48,55.71,45.19,47.27,47.03,45.9,46.83,43.69,48.87,48.27,1080.96,136.33,323.93,2090.01,348.42,235.86,283.08,345.8,96.26,379.4,80.0,107.92,527.92,64.32,138.65,92.35,41.2,133.6,214.8,37.77,5365.39,23.78,22.8,535.79,57.74,449.75,149.68,64.78,181.75,148.4,42.16,316.52,17.54,197.92,132.24,197.1,163.96,30.32,189.11,122.21,213.76,44.13,65.82,12.82,48.24,22.32,556.27,96.05,317.73,116.35,576.87,82.01,74.7,83.39,153.25,97.05,1.68,53.48,99.57,91.02,181.13,91.96,8.96,191.26,92.5,14.09,19.9,98.6,52.64,4.58,414.68,6.96,64.11,246.78,121.2,74.54,115.41,18.88,361.76,7.56,399.35,120.2,98.75,104.03,43.99,3.3
2026-10-04 00:15,28.42,33.49,36.82,36.92,50.43,53.89,52.38,55.13,39.09,52.38,52.65,42.34,56.31,46.56,30.86,45.43,36.58,43.32,47.45,51.63,53.44,54.74,47.4,54.66,55.94,45.38,47.45,47.17,46.02,46.96,43.75,49.0,48.38,708.96,115.1,255.6,1979.86,249.88,202.84,94.35,511.24,95.39,316.18,205.16,48.67,378.62,35.59,101.64,104.44,34.33,239.41,132.41,0.74,5894.87,3.91,41.38,264.81,47.33,354.88,6.44,1.27,78.33,43.66,28.18,13.61,12.86,253.26,198.76,296.25,123.11,25.6,213.87,108.94,321.29,62.65,132.34,12.76,72.51,94.66,282.95,51.86,260.47,64.38,169.71,45.95,110.23,151.34,196.1,143.48,4.02,46.0,64.0,107.44,136.74,77.64,119.21,119.55,41.72,36.13,22.51,109.72,33.83,120.09,407.71,8.22,72.51,244.54,205.85,24.84,37.14,37.97,184.01,100.64,232.56,144.46,88.84,92.47,44.04,3.31
2026-10-04 00:20,28.42,33.51,36.83,36.82,50.37,53.81,52.28,55.03,39.08,52.24,52.57,42.29,56.24,46.46,30.75,45.34,36.48,43.23,47.39,51.58,53.37,54.66,47.31,54.58,55.84,45.29,47.36,47.1,45.96,46.89,43.72,48.93,48.32,739.32,120.26,284.38,1846.69,212.98,438.74,68.12,462.65,24.57,222.12,70.18,88.06,322.7,25.93,54.49,50.74,24.12,144.39,127.1,25.11,4843.27,36.45,117.32,256.6,34.76,394.84,120.3,43.06,46.28,82.5,104.06,254.4,6.89,219.21,151.33,225.56,89.29,26.74,103.91,112.59,244.63,15.06,86.04,13.41,55.21,196.31,319.62,127.31,191.29,46.91,320.69,75.32,102.73,429.05,169.73,129.84,2.51,99.49,3.72,142.14,131.96,81.12,162.74,100.7,75.48,12.36,10.94,78.74,1.97,41.25,607.95,10.87,35.23,62.98,50.0,17.94,122.73,24.69,207.86,137.39,551.04,198.2,93.0,97.7,44.01,3.32
2026-10-04 00:25,28.49,33.58,36.88,36.85,50.41,53.87,52.31,55.06,39.09,52.3,52.64,42.33,56.27,46.48,30.79,45.38,36.52,43.26,47.43,51.61,53.41,54.7,47.36,54.61,55.87,45.33,47.41,47.16,46.01,46.96,43.75,49.0,48.38,441.1,61.33,186.98,1268.42,212.98,267.19,235.27,138.23,39.99,417.14,185.5,70.13,322.7,56.86,48.29,11.73,45.29,50.51,134.07,45.49,3891.36,29.67,129.5,189.22,29.59,259.61,4.45,78.01,52.26,65.13,24.59,9.41,6.11,264.2,85.76,127.83,110.54,13.64,24.02,58.47,138.63,50.47,131.47,12.45,31.29,143.9,455.25,91.18,162.85,102.85,253.18,74.5,23.78,473.61,204.57,38.8,2.28,60.59,35.39,146.64,161.37,41.37,152.6,251.09,60.11,32.66,2.53,144.73,18.71,48.12,574.21,11.22,8.14,102.51,86.88,61.95,198.77,37.72,296.06,128.83,280.07,88.2,89.41,95.06,44.02,3.33
2026-10-04 00:30,28.5,33.58,36.88,36.9,50.44,53.89,52.36,55.11,39.09,52.33,52.65,42.36,56.31,46.53,30.84,45.43,36.56,43.31,47.45,51.63,53.44,54.73,47.4,54.66,55.92,45.36,47.44,47.18,46.04,46.97,43.76,49.01,48.39,402.54,112.33,105.78,1336.02,162.05,247.77,352.9,440.61,108.18,0.0,124.8,20.5,245.54,32.02,62.19,71.15,0.0,120.72,20.18,39.44,4148.57,50.86,165.67,618.71,37.67,146.87,87.16,67.65,71.46,110.91,72.82,184.31,7.87,191.57,76.77,114.43,110.97,24.98,145.7,103.35,124.1,41.25,120.38,11.0,28.01,93.3,235.34,87.75,207.31,57.93,431.13,67.13,83.12,605.87,148.33,123.66,6.76,56.18,4.0,74.54,108.26,75.77,71.76,303.69,17.57,21.98,15.33,18.74,2.12,41.87,230.84,5.7,49.39,277.31,61.83,92.93,118.59,34.54,153.05,60.59,302.15,48.31,87.27,92.37,44.03,3.34
2026-10-04 00:35,28.52,33.61,36.91,36.8,50.36,53.8,52.25,55.0,39.09,52.24,52.6,42.31,56.22,46.44,30.73,45.33,36.47,43.2,47.37,51.57,53.36,54.65,47.3,54.57,55.82,45.3,47.38,47.12,45.98,46.92,43.73,48.96,48.35,292.98,123.53,260.53,1069.11,85.05,275.9,208.75,227.09,97.44,24.77,46.41,54.97,128.87,48.68,65.57,97.97,2.69,132.87,154.99,16.6,3908.06,11.98,128.84,575.83,39.68,361.72,31.48,28.46,140.96,41.51,39.61,66.56,8.3,63.87,68.63,102.3,85.46,27.47,200.63,115.01,110.94,30.44,25.59,10.81,25.04,228.45,327.41,92.06,218.36,88.06,161.34,90.26,70.46,471.19,49.45,63.73,2.69,62.56,120.7,114.53,118.09,83.32,58.7,244.06,47.12,8.17,21.12,97.41,63.81,115.3,274.93,8.76,68.02,249.8,70.88,54.97,67.42,7.34,212.92,49.55,316.16,86.2,91.41,98.62,44.0,3.35
2026-10-04 00:40,28.57,33.64,36.93,36.98,50.47,53.93,52.43,55.18,39.09,52.43,52.71,42.38,56.36,46.62,30.92,45.5,36.65,43.38,47.49,51.66,53.48,54.79,47.47,54.72,56.0,45.43,47.51,47.23,46.06,47.02,43.77,49.06,48.42,289.57,81.3,127.49,1007.15,198.52,0.0,375.87,185.14,36.99,0.0,83.36,108.44,300.8,66.57,65.38,50.53,0.0,106.75,136.12,26.21,2344.43,24.09,134.24,213.54,40.27,177.01,27.23,44.94,164.64,64.24,71.3,57.58,8.27,0.0,144.69,215.66,77.91,18.08,103.47,82.65,233.89,27.06,131.25,10.32,52.78,49.64,200.84,51.34,221.61,120.42,249.7,147.79,99.73,490.95,0.0,51.96,4.87,0.0,0.74,109.4,125.59,54.84,167.85,102.79,92.94,14.68,10.89,131.04,0.39,32.6,461.48,8.37,35.08,94.82,110.52,98.98,77.68,37.66,130.61,141.7,85.2,34.76,84.55,88.83,44.04,3.36
2026-10-04 00:45,28.57,33.66,36.95,36.85,50.37,53.81,52.3,55.05,39.09,52.28,52.65,42.34,56.25,46.47,30.79,45.37,36.51,43.25,47.39,51.59,53.38,54.65,47.34,54.59,55.86,45.33,47.42,47.17,46.02,46.97,43.75,49.01,48.38,188.08,86.49,145.62,736.33,125.66,269.56,182.62,0.0,44.47,321.9,54.26,27.4,190.4,24.57,102.91,103.81,34.95,75.71,49.64,3.65,2023.7,1.71,43.18,298.61,1.7,202.18,127.49,6.25,186.17,27.65,61.57,269.59,13.02,381.59,121.52,181.13,120.64,19.23,212.57,88.0,196.44,14.68,143.11,8.63,44.33,194.67,432.12,64.13,9.36,44.45,107.48,140.14,90.04,157.91,295.47,0.0,5.44,61.12,112.45,82.91,154.89,58.34,131.42,379.94,23.48,9.55,22.37,54.81,59.45,102.04,421.71,6.34,72.07,114.0,74.26,48.09,80.85,41.06,281.02,110.95,437.22,62.07,89.1,97.68,44.01,3.37
2026-10-04 00:50,28.6,33.68,36.96,36.97,50.49,53.95,52.44,55.19,39.09,52.42,52.73,42.4,56.37,46.6,30.91,45.5,36.64,43.39,47.51,51.67,53.5,54.8,47.47,54.72,55.99,45.43,47.52,47.25,46.09,47.05,43.78,49.09,48.45,243.68,78.54,66.71,706.22,178.15,248.34,258.81,201.45,59.75,70.31,124.54,41.14,269.94,20.11,29.59,87.31,7.63,26.75,133.24,43.92,2190.77,29.67,23.22,424.55,31.68,92.62,58.54,75.33,104.93,45.3,20.05,123.8,3.74,90.88,156.57,233.36,67.11,17.47,178.79,79.84,253.09,29.12,97.31,10.21,57.12,161.7,168.48,42.7,174.31,36.38,176.11,19.87,68.83,84.92,70.37,56.54,3.16,56.31,59.37,86.7,151.82,52.98,122.3,400.27,35.26,21.93,18.82,65.57,31.39,74.25,589.17,6.63,60.61,153.17,103.39,68.15,210.53,27.92,109.57,103.25,354.59,59.71,82.72,87.45,44.04,3.38
2026-10-04 00:55,28.63,33.71,36.99,37.02,50.49,53.95,52.47,55.22,39.09,52.44,52.75,42.42,56.38,46.65,30.96,45.54,36.68,43.42,47.51,51.67,53.5,54.82,47.5,54.75,56.03,45.46,47.54,47.27,46.11,47.06,43.79,49.1,48.46,249.49,166.42,82.49,553.52,167.1,129.18,192.59,377.43,51.28,406.97,134.69,18.04,253.19,39.47,65.08,11.69,44.19,137.66,43.57,5.63,1338.18,9.2,93.9,458.49,15.52,114.53,22.66,9.66,194.44,24.95,65.25,47.93,8.23,324.01,75.14,112.0,87.51,37.01,23.93,153.35,121.46,34.49,86.74,10.66,27.41,172.8,26.25,70.67,85.42,71.4,97.0,31.99,98.96,343.4,250.88,105.93,2.58,29.29,78.43,83.08,105.26,112.26,69.16,60.09,15.46,23.72,2.52,47.45,41.46,26.35,419.3,6.36,8.11,131.45,82.47,50.71,94.77,24.89,17.07,58.39,315.55,96.49,81.33,86.95,44.04,3.39
2026-10-04 01:00,28.63,33.71,36.99,36.96,50.46,53.92,52.41,55.16,39.09,52.4,52.7,42.38,56.35,46.58,30.91,45.48,36.63,43.36,47.48,51.65,53.48,54.77,47.45,54.7,55.97,45.41,47.49,47.22,46.07,47.02,43.77,49.06,48.42,227.02,123.68,188.06,575.66,162.78,284.12,83.46,261.67,22.78,318.12,26.53,3.73,246.64,72.06,31.04,23.68,34.54,146.76,133.94,20.67,1394.36,19.69,129.62,441.97,24.02,261.11,26.28,35.46,153.27,74.67,20.12,55.56,3.93,247.64,42.36,63.14,45.97,27.5,48.5,116.52,68.47,26.98,165.64,7.64,15.45,107.76,161.76,45.76,132.18,130.35,290.27,57.89,62.04,474.03,191.75,73.44,1.34,64.43,105.52,148.35,118.7,83.42,94.3,295.1,3.2,4.67,5.1,102.46,55.79,0.0,352.71,11.35,16.44,58.39,19.96,21.98,104.0,47.53,105.2,79.61,447.64,124.99,84.51,89.5,44.03,3.4
2026-10-04 01:05,28.67,33.75,37.02,37.17,50.56,54.03,52.6,55.35,39.09,52.6,52.87,42.47,56.47,46.79,31.11,45.66,36.83,43.56,47.58,51.72,53.58,54.91,47.63,54.85,56.17,45.57,47.68,47.38,46.18,47.16,43.83,49.21,48.53,189.28,0.0,49.18,493.44,237.81,233.53,214.48,153.12,24.2,132.25,75.67,44.6,360.33,51.63,111.83,57.03,14.36,25.82,82.71,17.47,969.35,24.52,24.71,394.09,33.61,68.28,55.4,29.96,170.26,44.32,0.0,117.15,14.15,258.98,23.76,35.41,14.46,0.0,116.78,7.61,38.4,6.67,157.95,9.06,8.67,33.14,279.02,45.64,184.96,93.39,172.27,42.31,85.1,90.38,200.53,42.97,3.36,52.96,77.19,65.17,162.69,0.0,54.89,79.41,38.23,13.32,12.29,66.13,40.8,39.08,115.64,4.99,39.59,62.03,106.53,56.48,132.23,45.32,181.45,46.34,348.34,0.0,74.09,80.63,44.07,3.41
2026-10-04 01:10,28.64,33.73,37.01,37.04,50.51,53.97,52.5,55.25,39.09,52.47,52.77,42.42,56.41,46.66,30.98,45.55,36.7,43.45,47.53,51.69,53.53,54.83,47.53,54.77,56.06,45.47,47.57,47.29,46.12,47.08,43.8,49.12,48.47,206.0,154.1,66.6,473.18,144.89,296.12,203.53,258.68,29.88,467.33,33.83,25.16,219.54,34.11,32.07,134.02,50.74,157.91,179.8,5.94,1192.78,39.46,97.85,307.97,27.59,92.47,89.46,10.18,1.02,52.64,74.43,189.18,4.06,254.91,108.12,161.15,44.85,34.27,274.45,144.89,174.77,42.17,80.59,9.61,39.44,114.98,400.25,54.36,151.85,61.7,204.64,36.78,18.22,357.85,197.38,72.6,5.26,67.15,44.69,149.72,144.17,103.94,83.76,269.28,21.56,5.96,28.88,99.16,23.62,49.88,249.46,11.45,93.04,76.61,88.13,53.6,166.81,23.12,260.29,70.71,335.62,6.67,79.92,85.14,44.04,3.42
2026-10-04 01:15,28.68,33.76,37.04,37.13,50.55,54.02,52.57,55.32,39.1,52.59,52.85,42.47,56.45,46.75,31.08,45.63,36.8,43.53,47.57,51.71,53.57,54.88,47.6,54.82,56.14,45.56,47.66,47.36,46.17,47.15,43.82,49.2,48.52,265.46,150.65,108.36,492.87,89.64,80.36,202.65,338.9,56.14,86.3,99.18,23.88,135.83,53.92,101.78,102.15,9.37,77.53,50.62,27.51,1208.75,9.66,3.23,258.34,27.97,150.45,49.02,47.19,88.11,53.31,10.11,103.65,12.88,212.63,20.33,30.3,54.56,33.5,209.19,135.02,32.86,28.72,130.73,10.14,7.41,113.49,273.89,35.22,153.93,97.53,207.24,79.53,36.11,11.82,164.64,95.11,3.91,18.22,19.2,57.06,67.88,101.62,108.67,279.84,20.47,17.46,22.02,75.16,10.15,54.41,112.22,4.37,70.92,143.92,43.52,53.36,158.44,37.51,178.12,91.74,262.8,35.66,74.95,81.39,44.06,3.44
2026-10-04 01:20,28.7,33.78,37.05,37.13,50.54,54.0,52.57,55.32,39.09,52.55,52.83,42.46,56.45,46.74,31.07,45.63,36.79,43.52,47.56,51.71,53.56,54.87,47.6,54.82,56.14,45.54,47.63,47.34,46.15,47.13,43.81,49.18,48.51,217.74,48.95,167.08,458.99,112.42,277.86,123.33,308.84,44.7,275.95,51.05,53.71,170.34,21.59,24.72,25.89,29.96,94.82,160.93,12.45,1269.15,22.5,24.05,645.68,36.89,231.98,9.31,21.34,226.17,41.92,19.43,19.69,3.13,199.04,0.0,0.0,44.99,10.89,53.01,48.77,0.0,27.44,89.37,10.35,0.0,107.74,171.15,18.89,203.0,39.06,162.94,36.66,69.22,87.96,154.12,86.68,3.1,63.01,61.24,104.28,164.42,33.02,51.68,340.6,46.03,8.99,5.58,60.23,32.37,47.52,295.05,7.98,17.97,114.59,119.74,32.48,144.43,25.64,111.3,43.63,317.05,0.0,76.36,81.81,44.05,3.45
2026-10-04 01:25,28.72,33.8,37.07,37.18,50.56,54.04,52.61,55.36,39.09,52.6,52.84,42.47,56.48,46.8,31.13,45.67,36.84,43.57,47.58,51.72,53.58,54.9,47.63,54.84,56.18,45.57,47.67,47.36,46.16,47.14,43.82,49.19,48.52,256.5,84.55,140.55,399.07,10.81,9.83,255.42,246.49,50.17,231.06,68.97,36.78,16.37,60.11,25.9,20.59,25.09,79.01,150.3,21.18,1240.51,26.08,35.36,434.17,12.59,195.14,53.89,36.33,114.7,51.38,0.0,113.95,3.28,236.63,83.29,124.15,91.77,18.8,42.17,72.98,134.64,12.55,87.31,12.94,30.38,37.27,135.8,35.78,69.27,108.74,199.72,14.71,22.07,129.32,183.22,69.18,2.82,2.23,84.51,104.28,76.4,57.03,79.16,22.93,31.52,12.14,4.44,23.51,44.68,20.91,353.48,7.98,14.3,128.62,60.19,67.26,108.63,25.05,88.31,66.83,146.27,77.17,75.0,79.49,44.06,3.46
2026-10-04 01:30,28.72,33.8,37.08,37.14,50.53,53.99,52.57,55.32,39.09,52.55,52.84,42.46,56.44,46.75,31.08,45.63,36.8,43.52,47.54,51.7,53.54,54.85,47.59,54.8,56.14,45.55,47.65,47.35,46.16,47.14,43.82,49.19,48.51,228.16,63.6,108.82,398.06,141.44,214.44,130.7,189.39,14.06,172.34,62.23,29.17,214.3,37.44,16.81,59.71,18.71,84.14,133.59,24.33,1111.08,25.47,0.0,221.93,33.03,151.08,50.1,41.72,112.86,55.97,48.82,105.94,2.13,155.54,123.2,183.63,49.74,14.14,122.28,61.16,199.15,24.07,58.22,18.81,44.94,76.56,367.32,54.94,181.74,67.72,217.57,75.33,90.24,0.0,120.43,53.15,4.62,48.63,53.5,76.54,122.81,42.9,68.96,130.67,25.0,10.96,12.87,50.57,28.28,40.23,271.95,5.86,41.46,36.04,24.66,34.42,81.11,16.71,238.88,58.21,263.9,82.04,75.91,83.1,44.05,3.47
2026-10-04 01:35,28.74,33.82,37.09,37.25,50.61,54.09,52.68,55.43,39.1,52.67,52.9,42.51,56.53,46.86,31.19,45.73,36.91,43.64,47.63,51.76,53.63,54.98,47.7,54.91,56.25,45.63,47.73,47.42,46.21,47.2,43.84,49.25,48.56,263.31,35.69,145.2,500.97,92.78,78.55,0.0,238.03,31.84,326.55,120.38,29.17,140.58,35.74,69.42,94.64,35.46,68.57,68.2,25.93,1228.4,35.83,82.27,519.09,26.78,201.6,16.19,44.48,125.72,37.76,36.46,34.24,8.78,96.83,18.73,27.91,44.84,7.94,193.81,32.07,30.27,0.0,31.38,20.16,6.83,81.78,192.4,27.24,147.35,64.64,146.78,57.08,82.53,300.89,74.97,66.8,4.51,17.81,57.22,29.45,104.53,24.08,89.79,163.8,25.0,21.2,20.4,50.2,30.25,23.68,335.0,2.25,65.71,81.61,65.44,0.0,108.0,9.0,125.12,75.8,226.59,36.73,70.53,75.03,44.07,3.49
2026-10-04 01:40,28.76,33.84,37.11,37.28,50.64,54.14,52.7,55.45,39.1,52.7,52.92,42.52,56.56,46.88,31.22,45.76,36.94,43.66,47.67,51.78,53.67,55.01,47.73,54.95,56.27,45.65,47.75,47.44,46.23,47.21,43.85,49.26,48.57,204.87,50.15,0.0,578.85,154.03,229.44,8.57,86.13,22.06,207.88,30.91,21.63,233.38,11.72,47.48,28.1,22.57,0.0,67.44,10.95,1121.91,20.35,67.85,331.03,20.08,0.0,86.7,18.79,59.91,43.34,35.04,183.34,6.01,6.94,74.53,111.09,73.19,11.15,57.55,55.22,120.48,39.93,66.15,20.88,27.19,88.72,129.03,17.67,110.48,21.2,168.47,21.21,94.15,248.13,5.38,24.17,0.79,52.03,10.92,101.82,94.47,33.83,109.8,292.2,18.54,5.44,6.06,42.4,5.77,57.54,288.43,7.79,19.51,56.54,50.14,2.26,94.18,18.98,83.91,92.69,284.87,58.78,68.51,71.35,44.08,3.5
2026-10-04 01:45,28.77,33.85,37.12,37.24,50.59,54.07,52.67,55.42,39.09,52.64,52.9,42.5,56.52,46.85,31.19,45.73,36.91,43.63,47.61,51.75,53.62,54.95,47.69,54.89,56.24,45.62,47.73,47.42,46.21,47.2,43.84,49.25,48.56,203.16,35.32,71.88,469.71,86.21,25.48,63.82,167.91,17.23,324.97,96.03,25.82,130.63,16.52,53.41,23.66,35.29,47.17,52.16,22.03,1226.93,21.34,23.1,402.55,18.16,99.81,65.88,37.78,122.77,39.83,43.98,139.32,6.76,106.61,108.43,161.62,22.17,7.85,48.45,35.85,175.28,5.38,31.3,18.74,39.56,67.27,207.61,22.99,99.94,29.88,154.82,18.02,90.71,84.5,82.55,47.12,2.86,5.78,86.22,54.03,83.88,23.82,89.26,190.23,22.13,16.91,5.1,50.49,45.58,49.83,427.9,4.13,16.42,44.16,18.27,16.8,64.06,8.98,135.01,75.36,97.99,68.98,70.81,76.22,44.07,3.51
2026-10-04 01:50,28.79,33.87,37.14,37.29,50.65,54.14,52.72,55.47,39.1,52.72,52.94,42.53,56.57,46.9,31.24,45.77,36.95,43.68,47.67,51.78,53.67,55.0,47.73,54.95,56.29,45.67,47.78,47.46,46.24,47.24,43.86,49.29,48.59,219.95,91.25,38.26,517.18,123.71,165.73,92.23,274.0,39.26,185.46,43.69,13.06,187.45,33.62,19.42,82.93,20.14,90.38,59.9,11.91,1322.58,2.71,13.68,484.38,0.0,53.12,23.07,20.43,13.34,23.83,52.82,48.79,2.46,99.8,33.91,50.55,51.63,20.29,169.82,87.43,54.82,16.45,24.49,19.12,12.37,37.89,125.34,23.01,0.0,60.82,92.64,35.61,57.25,50.03,77.28,76.9,3.02,37.58,58.65,31.24,44.29,61.55,104.14,232.0,11.19,7.69,17.87,20.88,31.01,13.22,241.02,2.39,57.57,100.64,59.28,24.29,128.09,7.03,81.51,87.92,158.47,76.67,66.98,71.14,44.07,3.52
2026-10-04 01:55,28.8,33.87,37.15,37.26,50.6,54.08,52.69,55.43,39.09,52.68,52.93,42.52,56.53,46.87,31.21,45.75,36.92,43.65,47.62,51.76,53.63,54.96,47.71,54.91,56.25,45.64,47.75,47.44,46.23,47.22,43.85,49.27,48.58,204.74,43.39,66.04,533.25,136.49,209.38,109.28,214.99,23.01,324.4,36.27,15.13,206.81,25.99,25.09,60.99,35.22,51.73,114.98,1.93,1174.79,12.46,57.76,337.42,0.0,91.69,39.58,3.31,140.52,41.94,47.19,83.7,3.18,111.74,56.21,83.78,20.53,9.65,124.9,50.3,90.86,22.1,42.13,18.45,20.51,58.5,127.68,50.15,0.0,47.01,163.02,49.79,48.21,211.24,86.52,60.34,2.5,47.48,30.97,92.94,60.94,29.27,22.76,311.1,12.97,6.39,13.14,28.53,16.37,53.59,321.34,7.11,42.34,58.98,86.23,28.78,49.79,12.09,83.03,19.21,359.21,36.41,68.34,75.34,44.07,3.54
2026-10-04 02:00,28.82,33.9,37.17,37.3,50.64,54.13,52.72,55.47,39.1,52.71,52.93,42.53,56.57,46.89,31.25,45.78,36.96,43.68,47.66,51.78,53.67,55.0,47.74,54.95,56.29,45.66,47.77,47.45,46.24,47.23,43.86,49.27,48.58,207.83,94.02,48.35,503.58,94.05,128.18,39.39,205.66,20.59,173.21,45.67,16.66,142.5,41.51,42.92,7.62,18.81,94.84,158.13,16.37,1020.76,16.41,30.69,438.96,20.82,67.12,35.2,28.07,70.94,10.8,48.15,74.44,5.43,121.79,51.15,76.24,32.0,20.91,15.6,91.04,82.68,8.49,28.69,23.09,18.66,53.77,144.82,0.0,114.54,75.1,41.98,47.79,38.66,112.24,94.3,57.72,1.03,29.07,36.04,46.5,98.5,63.42,54.08,344.9,14.28,8.04,1.64,6.29,19.05,20.54,298.64,3.56,5.29,52.78,47.29,10.37,89.18,8.23,94.18,45.65,235.06,17.04,67.25,71.68,44.07,3.55
2026-10-04 02:05,28.82,33.9,37.18,37.3,50.64,54.12,52.73,55.48,39.1,52.72,52.95,42.53,56.57,46.91,31.25,45.78,36.97,43.69,47.66,51.78,53.67,55.01,47.75,54.96,56.3,45.67,47.79,47.46,46.24,47.24,43.86,49.29,48.59,160.56,66.38,101.02,534.55,134.03,103.91,85.36,200.15,42.71,180.0,83.26,36.53,203.09,15.34,46.14,50.97,19.54,13.07,161.99,15.04,1119.89,35.58,42.99,411.51,17.97,140.25,57.74,25.79,78.27,8.65,46.71,122.1,5.84,48.79,91.01,135.65,9.88,14.76,104.38,55.74,147.11,14.78,62.96,17.58,33.2,65.87,176.69,49.1,98.88,27.75,33.61,19.25,78.81,157.22,37.78,56.17,2.39,23.56,51.0,0.0,76.02,44.77,91.43,241.52,31.31,14.66,10.98,23.17,26.96,30.94,230.37,0.0,35.39,109.49,38.82,22.48,87.53,18.06,114.9,77.19,198.05,92.34,66.85,71.68,44.07,3.56
2026-10-04 02:10,28.84,33.92,37.19,37.32,50.65,54.14,52.74,55.49,39.09,52.72,52.95,42.54,56.58,46.91,31.26,45.8,36.98,43.7,47.67,51.79,53.68,55.02,47.76,54.97,56.31,45.67,47.78,47.46,46.25,47.24,43.86,49.29,48.59,167.95,43.29,85.13,457.55,84.73,99.17,95.46,151.77,29.43,150.13,48.11,19.06,128.38,8.57,28.96,27.58,16.3,44.59,35.9,16.84,1347.36,20.48,67.99,405.89,19.08,118.2,40.14,28.88,126.34,9.03,36.97,84.88,3.66,140.07,72.17,107.57,25.47,9.63,56.48,44.02,116.67,19.06,46.05,23.13,26.33,26.98,174.23,52.59,105.02,15.49,35.09,24.62,60.88,248.66,108.45,42.6,1.71,22.49,13.36,29.92,68.84,29.2,68.14,367.62,16.33,8.47,5.94,28.03,7.06,22.39,413.84,2.29,19.15,75.43,20.61,25.14,48.02,13.21,113.3,57.53,108.62,34.51,66.47,70.21,44.07,3.57
2026-10-04 02:15,28.88,33.94,37.22,37.4,50.69,54.19,52.82,55.57,39.1,52.81,53.02,42.58,56.63,47.0,31.35,45.87,37.06,43.78,47.71,51.82,53.72,55.07,47.83,55.03,56.39,45.74,47.86,47.53,46.3,47.31,43.89,49.36,48.65,130.96,19.01,36.41,521.82,46.17,14.04,99.85,116.84,20.67,114.94,76.96,22.41,69.96,27.04,16.81,57.11,12.48,17.05,89.21,8.55,1461.37,25.73,38.66,295.92,25.8,50.55,1.0,14.67,113.65,6.27,44.22,2.12,2.13,72.36,61.65,91.88,27.22,4.23,116.95,23.79,99.65,6.95,55.08,20.76,22.49,31.35,55.7,31.9,142.0,48.91,24.37,5.09,56.75,141.41,56.03,32.79,2.12,3.18,27.23,39.31,62.58,12.82,35.81,350.52,19.21,13.55,12.31,44.37,14.39,37.12,65.72,3.01,39.65,52.99,90.87,26.29,25.82,15.8,36.22,30.23,147.82,64.77,60.53,65.73,44.08,3.59
2026-10-04 02:20,28.88,33.95,37.22,37.3,50.63,54.11,52.72,55.46,39.09,52.72,52.95,42.53,56.56,46.9,31.25,45.78,36.96,43.68,47.65,51.77,53.66,54.99,47.74,54.94,56.29,45.67,47.78,47.46,46.24,47.24,43.86,49.29,48.59,131.09,62.49,83.34,409.93,60.95,105.31,116.72,85.82,32.12,307.04,49.2,37.87,92.35,22.2,11.05,82.65,33.34,76.81,48.44,12.36,1775.31,18.67,50.91,268.04,17.54,115.71,12.43,21.2,132.41,34.52,42.14,26.28,1.4,59.04,14.33,21.36,37.39,13.9,169.25,61.92,23.17,16.07,29.04,17.71,5.23,71.47,191.86,30.91,96.5,40.17,134.17,22.11,39.43,186.18,45.72,24.09,1.04,23.88,42.67,41.36,69.21,42.15,45.4,306.91,32.46,8.66,17.81,35.29,22.56,45.17,73.62,3.16,57.38,82.33,46.24,30.73,51.49,8.33,124.77,38.33,91.75,3.74,66.77,72.4,44.06,3.6
2026-10-04 02:25,28.9,33.96,37.23,37.36,50.67,54.16,52.78,55.53,39.09,52.76,52.99,42.56,56.6,46.96,31.31,45.84,37.02,43.74,47.69,51.8,53.7,55.04,47.8,54.99,56.35,45.71,47.83,47.5,46.27,47.28,43.87,49.33,48.62,100.48,35.86,15.82,465.8,98.94,32.06,83.24,199.28,26.48,146.65,96.71,23.76,149.91,15.33,42.63,41.78,15.92,82.87,74.44,13.52,2374.91,5.45,49.66,182.79,16.55,21.97,14.49,23.2,86.57,28.74,15.32,30.63,5.39,123.31,37.34,55.66,31.83,7.97,85.56,35.18,60.37,21.2,48.66,22.12,13.62,62.82,40.4,0.0,91.1,27.74,111.72,29.1,9.93,181.6,95.48,55.93,0.23,7.27,18.92,43.82,107.96,24.19,12.2,263.37,20.36,17.03,9.0,23.09,10.0,31.1,215.37,3.35,29.01,67.88,9.82,21.92,81.29,13.96,26.27,10.3,38.62,0.0,63.52,67.69,44.07,3.61
2026-10-04 02:30,28.9,33.97,37.24,37.39,50.69,54.19,52.8,55.55,39.1,52.79,53.0,42.57,56.62,46.99,31.33,45.86,37.05,43.77,47.71,51.82,53.72,55.07,47.82,55.02,56.37,45.73,47.85,47.52,46.29,47.29,43.88,49.34,48.63,107.74,40.84,87.79,553.52,74.24,95.2,79.22,129.99,26.61,143.85,28.77,42.2,112.49,32.47,20.86,25.18,15.62,38.27,55.74,0.0,3298.36,29.52,57.72,14.38,7.81,121.89,36.18,0.0,58.83,19.35,53.58,76.52,2.64,55.24,38.32,57.12,36.32,9.08,51.55,36.63,61.95,7.8,21.58,19.84,13.98,20.0,132.56,26.84,42.96,58.73,75.23,32.8,43.09,211.08,42.77,36.48,2.05,21.59,34.08,50.55,45.86,27.55,56.42,231.47,36.17,5.07,5.43,0.0,18.02,41.36,247.88,3.87,17.48,68.21,81.73,20.86,36.15,6.19,86.2,47.63,195.69,31.74,61.73,65.72,44.07,3.63
2026-10-04 02:35,28.92,33.98,37.25,37.39,50.69,54.19,52.8,55.54,39.1,52.81,53.01,42.57,56.62,46.98,31.34,45.86,37.05,43.76,47.71,51.81,53.72,55.06,47.81,55.01,56.37,45.74,47.85,47.52,46.29,47.3,43.88,49.35,48.64,79.71,35.4,67.5,499.09,80.86,122.6,111.37,104.87,34.01,93.19,62.02,15.57,122.52,22.9,25.64,37.79,10.12,53.13,27.15,10.07,3841.24,28.19,3.53,36.6,9.73,93.71,8.46,17.27,88.72,30.83,15.89,17.89,3.24,143.7,41.04,61.17,30.08,7.87,77.39,31.41,66.34,25.34,30.34,18.01,14.97,44.38,75.22,23.46,53.55,41.42,119.85,21.22,50.95,12.93,111.27,29.43,1.4,27.8,41.18,56.11,71.62,23.88,26.44,315.94,13.34,10.92,8.14,35.23,21.77,13.34,209.48,4.29,26.24,87.19,44.94,29.33,28.53,8.71,48.92,22.32,147.06,54.33,61.61,66.06,44.07,3.64
2026-10-04 02:40,28.92,33.98,37.25,37.38,50.67,54.16,52.79,55.54,39.1,52.8,53.02,42.58,56.61,46.98,31.33,45.85,37.04,43.76,47.7,51.81,53.71,55.05,47.81,55.0,56.36,45.74,47.86,47.53,46.3,47.31,43.88,49.36,48.64,74.1,41.28,40.22,521.24,55.57,15.29,110.42,45.47,31.52,76.19,8.63,38.92,84.21,21.98,25.3,40.53,8.27,55.58,59.78,13.14,5108.92,17.76,27.9,281.25,10.51,55.84,23.82,22.54,170.61,35.16,45.07,50.37,3.2,115.27,35.11,52.33,13.99,9.18,83.0,46.35,56.75,10.74,17.53,16.81,12.81,77.03,51.76,17.03,57.86,39.77,136.69,20.02,33.2,102.05,89.26,12.76,1.2,3.47,49.33,57.51,63.64,27.84,51.12,142.22,33.36,1.52,8.74,35.13,26.08,15.89,209.11,4.4,28.14,80.81,50.41,29.08,51.29,5.03,33.66,43.15,131.28,36.56,60.79,67.41,44.07,3.65
2026-10-04 02:45,28.92,33.99,37.26,37.39,50.69,54.19,52.81,55.55,39.1,52.78,52.99,42.56,56.63,46.98,31.34,45.86,37.05,43.77,47.71,51.82,53.72,55.07,47.82,55.01,56.37,45.73,47.84,47.51,46.28,47.28,43.88,49.33,48.63,88.55,22.27,46.64,545.41,44.82,69.85,33.7,28.72,13.34,128.78,22.17,40.44,67.91,19.71,34.49,25.78,13.98,31.46,52.12,7.67,5585.7,16.14,29.05,202.65,10.06,64.76,23.62,13.16,59.08,31.46,47.77,49.94,4.36,129.82,44.78,66.75,12.34,4.95,52.79,21.36,72.39,11.61,16.11,14.36,16.34,45.59,49.38,24.54,55.38,35.66,122.29,10.42,18.79,106.25,100.52,8.06,2.26,15.84,44.66,82.95,57.82,15.02,34.52,278.65,34.66,3.9,5.56,24.36,23.61,6.89,467.14,6.35,17.9,34.19,33.19,8.87,43.81,4.62,32.11,29.15,94.64,50.24,62.62,65.55,44.06,3.67
2026-10-04 02:50,28.93,34.0,37.27,37.47,50.71,54.21,52.87,55.62,39.1,52.9,53.07,42.61,56.66,47.07,31.42,45.93,37.13,43.84,47.73,51.84,53.75,55.1,47.88,55.06,56.45,45.8,47.92,47.58,46.33,47.35,43.9,49.41,48.68,80.47,29.44,52.92,492.0,35.37,75.34,70.49,99.75,2.19,112.19,44.54,0.0,53.59,16.69,13.24,39.46,12.18,29.96,102.86,6.83,5845.3,12.22,58.56,354.33,12.91,73.48,16.71,11.71,171.91,19.05,18.25,35.34,1.67,137.19,40.59,60.5,10.68,6.55,80.8,31.65,65.61,15.56,25.44,13.7,14.81,34.63,137.77,27.02,71.07,30.19,74.07,28.55,11.69,214.18,106.23,27.99,1.41,17.08,46.26,4.37,78.22,19.86,61.64,128.04,0.0,7.84,8.5,30.67,24.46,18.72,339.72,0.33,27.39,5.62,0.18,18.56,0.0,7.3,89.59,52.04,195.63,46.76,55.87,62.49,44.08,3.68
2026-10-04 02:55,28.95,34.01,37.28,37.43,50.7,54.2,52.84,55.58,39.1,52.84,53.02,42.59,56.64,47.03,31.38,45.89,37.09,43.81,47.72,51.83,53.73,55.08,47.85,55.04,56.41,45.76,47.88,47.54,46.3,47.31,43.89,49.36,48.65,72.96,49.08,39.86,344.64,47.12,77.71,31.64,52.63,13.82,164.68,25.73,37.98,71.39,19.27,14.38,40.37,17.88,18.34,68.06,2.09,6369.99,17.19,51.55,392.56,7.04,55.35,21.16,3.59,94.08,5.49,60.81,44.75,1.82,97.22,23.79,35.46,0.73,10.92,82.67,49.24,38.45,13.84,12.49,12.66,8.68,6.75,81.0,9.31,38.75,34.86,21.33,15.61,30.72,188.54,75.28,14.77,1.11,17.62,36.22,11.12,66.14,33.11,52.32,6.32,32.55,4.53,8.7,32.81,19.15,14.69,246.84,0.85,28.03,35.43,38.34,8.33,42.47,3.59,52.68,44.17,152.7,45.78,59.63,64.26,44.07,3.69
2026-10-04 03:00,28.96,34.02,37.29,37.47,50.72,54.22,52.88,55.63,39.1,52.88,53.06,42.61,56.67,47.06,31.42,45.93,37.13,43.85,47.74,51.84,53.76,55.12,47.89,55.07,56.45,45.79,47.91,47.57,46.33,47.35,43.9,49.4,48.67,62.17,24.31,51.38,550.19,57.47,44.53,67.14,65.43,21.08,166.06,41.54,33.76,87.07,18.87,18.23,8.15,18.03,7.48,75.72,10.63,6665.94,9.86,0.0,391.0,7.44,71.34,35.03,18.24,45.67,17.4,25.37,74.07,2.31,75.9,16.77,25.0,8.21,5.41,16.7,23.09,27.11,10.67,42.69,14.81,6.12,24.83,15.71,17.88,40.94,34.14,67.63,18.37,29.46,0.0,58.77,18.36,1.1,10.1,17.05,52.78,99.2,16.4,23.44,304.08,28.94,7.32,1.76,16.24,9.01,16.84,292.31,4.04,5.66,54.04,62.32,17.68,36.08,12.25,10.22,19.79,138.73,28.94,56.71,61.3,44.07,3.7
2026-10-04 03:05,28.96,34.02,37.3,37.5,50.73,54.23,52.9,55.64,39.1,52.9,53.07,42.61,56.68,47.1,31.45,45.95,37.16,43.87,47.75,51.85,53.77,55.13,47.91,55.08,56.48,45.82,47.94,47.59,46.33,47.36,43.9,49.41,48.68,71.38,34.54,51.22,575.81,40.66,58.37,49.29,69.85,31.66,181.99,58.49,20.95,61.61,11.91,27.58,41.67,19.76,18.08,135.24,6.31,7421.96,15.46,20.03,172.23,12.4,71.11,30.08,10.82,123.4,15.99,50.88,63.61,3.49,78.88,39.29,58.56,23.29,7.68,85.34,37.22,63.5,6.23,19.14,14.86,14.33,9.45,83.22,37.02,68.26,21.54,62.14,8.08,16.45,73.25,61.07,19.6,1.25,13.24,28.29,34.02,27.56,23.3,52.59,28.58,17.96,10.3,8.98,22.66,14.96,28.09,328.1,2.6,28.93,81.16,18.77,12.98,47.42,5.49,54.12,44.4,185.95,14.89,55.47,60.34,44.08,3.71
2026-10-04 03:10,28.98,34.04,37.31,37.41,50.7,54.19,52.82,55.57,39.1,52.83,53.03,42.59,56.63,47.01,31.36,45.88,37.07,43.79,47.72,51.82,53.73,55.07,47.84,55.03,56.39,45.76,47.88,47.54,46.3,47.32,43.89,49.37,48.65,67.66,21.7,55.0,551.05,29.96,49.51,76.44,49.68,17.9,92.94,25.02,19.53,45.4,15.18,14.53,13.64,10.09,35.03,77.25,4.72,7178.52,21.53,27.85,339.41,12.2,76.36,9.53,8.09,77.75,29.82,16.81,20.14,1.84,41.29,36.82,54.88,28.36,4.83,27.92,23.77,59.51,10.09,9.8,16.65,13.43,23.75,24.12,0.0,67.11,27.46,115.93,14.76,34.76,101.84,31.97,13.94,1.17,11.23,19.96,30.14,98.21,14.64,31.34,283.0,16.74,4.41,2.94,15.79,10.55,30.74,201.61,2.31,9.47,45.88,46.14,20.13,43.26,2.81,15.68,26.46,115.17,35.76,59.62,64.75,44.06,3.72
2026-10-04 03:15,28.99,34.06,37.33,37.42,50.7,54.2,52.83,55.57,39.1,52.82,53.04,42.59,56.64,47.01,31.37,45.89,37.08,43.8,47.72,51.82,53.74,55.08,47.84,55.03,56.4,45.76,47.88,47.55,46.31,47.32,43.89,49.37,48.66,64.0,14.5,41.34,485.63,46.98,80.24,41.51,25.73,19.93,131.39,21.98,6.93,71.19,18.19,22.25,24.64,14.27,44.98,63.7,10.22,6217.62,16.13,41.64,182.94,12.07,57.39,26.99,17.52,132.68,13.07,43.61,57.07,2.82,53.22,16.65,24.81,14.53,3.22,50.45,17.66,26.91,6.42,0.7,18.58,6.07,48.96,65.54,25.07,66.43,32.91,50.82,33.89,7.07,152.28,41.21,7.22,2.06,18.19,33.58,51.96,104.08,9.78,36.69,320.41,5.94,3.87,5.31,27.06,17.75,19.55,231.11,3.97,17.11,51.08,23.13,10.93,42.43,0.2,42.62,30.98,171.35,17.66,59.13,64.22,44.06,3.74
2026-10-04 03:20,29.0,34.06,37.34,37.45,50.71,54.2,52.85,55.6,39.1,52.86,53.06,42.61,56.65,47.05,31.4,45.91,37.11,43.82,47.73,51.83,53.74,55.09,47.86,55.05,56.43,45.79,47.91,47.57,46.33,47.34,43.9,49.4,48.67,67.91,25.31,56.66,441.48,65.9,30.81,53.44,86.47,15.99,50.55,1.36,9.34,99.84,24.63,0.0,27.23,5.49,37.0,39.83,10.01,7635.84,21.68,42.4,188.71,3.42,78.67,11.41,17.16,137.0,30.0,29.81,24.12,0.0,46.71,24.91,37.12,26.35,5.63,55.76,35.81,40.26,10.17,32.72,18.81,9.09,42.51,57.75,17.71,18.83,44.56,116.61,25.12,38.67,155.07,36.17,24.27,1.38,6.99,6.75,31.58,67.91,17.07,53.83,7.31,8.0,0.24,5.87,10.05,3.57,22.12,193.54,2.42,18.91,41.0,50.78,14.07,9.02,9.39,37.55,45.45,123.43,31.8,56.84,63.54,44.06,3.75
2026-10-04 03:25,29.03,34.09,37.36,37.49,50.73,54.23,52.89,55.64,39.1,52.9,53.07,42.61,56.68,47.09,31.44,45.94,37.15,43.86,47.75,51.85,53.77,55.13,47.9,55.08,56.47,45.81,47.93,47.59,46.34,47.36,43.9,49.41,48.68,61.79,37.7,42.75,460.3,41.98,43.01,86.06,58.75,23.41,73.12,54.13,22.2,63.62,1.03,29.06,47.09,7.94,14.76,64.56,4.45,5701.73,20.19,0.4,301.84,8.08,59.36,29.79,7.64,120.33,35.03,24.92,62.99,3.68,29.98,47.39,70.64,22.33,8.38,96.42,43.03,76.61,19.62,34.37,19.72,17.29,23.92,6.32,25.86,44.49,1.86,136.17,23.95,35.02,1.47,23.22,16.49,1.51,9.75,42.41,16.58,63.22,25.43,43.2,88.76,19.03,9.53,10.15,25.8,22.42,25.18,287.72,1.27,32.69,60.02,10.52,22.66,45.3,9.86,4.11,36.47,215.89,44.95,55.38,60.52,44.07,3.76
2026-10-04 03:30,29.05,34.11,37.38,37.49,50.72,54.22,52.88,55.63,39.1,52.88,53.07,42.61,56.67,47.08,31.44,45.94,37.15,43.85,47.74,51.84,53.76,55.11,47.89,55.07,56.46,45.81,47.93,47.58,46.34,47.35,43.9,49.41,48.68,70.18,33.08,1.27,462.32,26.56,79.23,51.51,87.73,19.46,99.32,0.0,17.51,40.24,18.27,4.3,20.02,10.78,47.57,65.94,7.65,4472.42,9.26,0.0,389.44,9.07,1.76,1.25,13.11,78.96,27.67,51.54,2.64,0.54,59.04,23.62,35.2,17.48,7.36,40.99,36.55,38.18,10.2,6.89,21.58,8.62,30.15,58.03,15.83,49.89,33.06,107.56,30.35,32.03,0.0,45.72,24.62,1.6,17.97,20.12,38.49,59.32,22.32,31.9,71.7,15.01,0.0,4.31,17.36,10.64,7.97,226.22,2.95,13.9,49.88,38.85,13.56,24.96,1.98,37.74,26.93,115.97,24.58,55.57,61.56,44.06,3.77
2026-10-04 03:35,29.05,34.12,37.39,37.46,50.73,54.23,52.87,55.62,39.1,52.86,53.05,42.6,56.67,47.06,31.41,45.93,37.12,43.84,47.75,51.84,53.76,55.13,47.88,55.07,56.45,45.79,47.91,47.56,46.32,47.33,43.9,49.39,48.66,60.78,10.22,62.17,496.05,38.04,70.01,51.64,55.49,6.62,108.71,21.81,35.02,57.64,13.32,3.06,25.27,11.8,15.73,62.6,2.04,4664.45,21.56,22.03,401.17,3.06,86.32,13.09,3.5,105.96,25.4,34.56,27.67,0.39,60.4,22.34,33.3,18.72,2.27,51.75,14.52,36.12,9.08,29.27,29.07,8.15,38.97,154.83,16.76,16.87,24.09,98.72,9.96,9.61,80.56,46.77,15.57,0.23,15.87,12.24,23.68,87.59,6.9,34.37,180.02,30.01,3.84,5.45,19.66,6.47,29.87,404.33,1.81,17.54,16.98,45.51,13.6,41.99,8.4,100.69,29.02,244.93,38.61,57.56,61.14,44.06,3.78
2026-10-04 03:40,29.08,34.15,37.42,37.54,50.77,54.28,52.94,55.68,39.1,52.93,53.1,42.63,56.72,47.12,31.49,45.99,37.19,43.91,47.79,51.87,53.81,55.17,47.94,55.13,56.51,45.84,47.96,47.61,46.35,47.38,43.91,49.43,48.7,66.02,17.11,19.09,415.86,71.03,51.71,32.05,90.59,18.8,47.64,37.21,34.84,107.62,5.3,22.78,24.19,5.17,2.3,97.84,9.24,3464.51,6.72,18.71,96.57,13.09,26.5,13.98,15.84,41.69,19.07,32.61,29.56,2.88,48.7,0.0,0.0,11.49,3.81,49.55,15.81,0.0,15.84,0.0,30.98,0.0,20.74,108.89,32.57,72.05,9.59,74.15,21.63,30.55,68.42,37.7,25.43,1.23,11.73,14.92,35.53,37.29,11.54,19.38,223.34,29.86,6.55,5.21,13.43,7.89,17.25,199.1,2.72,16.8,48.18,24.45,8.44,33.87,0.0,70.81,16.36,184.02,11.73,53.05,55.94,44.07,3.8
2026-10-04 03:45,29.1,34.17,37.44,37.53,50.77,54.28,52.93,55.68,39.1,52.93,53.1,42.63,56.72,47.12,31.48,45.99,37.19,43.9,47.79,51.87,53.81,55.17,47.94,55.13,56.51,45.84,47.96,47.61,46.36,47.38,43.91,49.43,48.7,56.93,16.03,27.99,485.92,18.51,2.17,94.54,9.02,19.08,128.68,13.86,15.54,28.04,18.21,34.52,23.38,13.97,7.62,66.88,2.09,3091.27,10.2,16.78,191.47,5.28,38.86,14.3,3.58,36.77,19.74,23.3,30.23,4.37,67.14,28.15,41.96,8.6,3.57,47.87,21.9,45.51,6.8,15.57,36.53,10.27,23.02,28.75,0.0,29.04,32.94,76.75,11.01,22.44,61.38,51.99,2.53,1.44,0.49,21.24,30.46,65.38,10.82,13.16,307.75,13.32,2.44,5.04,18.45,11.23,6.63,209.08,2.33,16.23,48.92,0.0,24.89,21.47,4.47,18.7,11.11,59.45,22.58,52.88,56.02,44.06,3.81
2026-10-04 03:50,29.12,34.18,37.45,37.52,50.77,54.28,52.92,55.67,39.1,52.93,53.09,42.62,56.71,47.11,31.47,45.98,37.18,43.89,47.79,51.87,53.81,55.18,47.93,55.12,56.5,45.83,47.95,47.6,46.35,47.37,43.91,49.42,48.69,76.56,22.37,40.24,458.42,54.57,53.88,74.83,46.47,20.01,121.17,10.97,25.77,82.69,15.94,21.77,36.47,13.16,23.64,88.08,2.46,2470.01,17.83,41.65,211.15,4.19,55.86,22.73,4.23,41.91,9.69,23.45,48.06,2.75,55.04,28.37,42.28,3.4,4.97,74.69,22.87,45.86,15.04,17.46,34.94,10.35,24.38,2.46,14.65,23.06,28.84,37.65,18.97,35.25,152.34,42.62,13.04,1.39,12.22,16.48,45.99,17.97,15.09,23.51,200.83,22.09,1.93,7.86,26.03,8.71,13.55,124.08,3.52,25.32,51.3,18.06,19.7,29.73,5.01,1.6,19.85,222.26,43.05,53.58,56.33,44.06,3.82
2026-10-04 03:55,29.13,34.2,37.47,37.46,50.72,54.23,52.87,55.61,39.1,52.86,53.05,42.6,56.67,47.05,31.41,45.92,37.12,43.83,47.75,51.84,53.76,55.11,47.88,55.07,56.44,45.78,47.9,47.56,46.32,47.34,43.9,49.39,48.67,95.55,6.73,66.42,448.57,47.15,28.24,62.58,47.12,9.93,121.58,28.49,26.47,71.43,6.92,27.33,16.11,13.2,0.0,104.96,2.84,1986.25,17.34,23.84,374.59,10.04,92.21,24.04,4.87,57.61,13.93,41.99,50.83,3.46,64.07,26.46,39.44,10.37,1.5,32.99,10.72,42.77,11.86,6.36,27.32,9.65,10.75,54.79,11.84,55.27,12.52,54.14,6.32,34.9,87.18,49.61,13.22,0.43,6.4,20.91,7.79,46.44,4.54,23.87,229.24,22.69,5.02,3.47,13.2,11.05,16.92,186.48,0.6,11.18,25.46,14.6,16.48,9.57,1.82,35.63,20.15,133.08,15.39,57.1,61.38,44.04,3.84
2026-10-04 04:00,29.15,34.22,37.49,37.51,50.75,54.26,52.91,55.65,39.1,52.91,53.08,42.62,56.7,47.1,31.46,45.96,37.17,43.88,47.77,51.86,53.79,55.15,47.92,55.1,56.48,45.82,47.94,47.59,46.34,47.36,43.91,49.41,48.69,103.95,9.85,63.96,419.33,62.06,64.19,14.36,48.12,18.15,56.94,21.2,16.3,94.03,3.39,12.92,29.14,6.18,18.47,88.86,5.77,1411.98,13.37,13.16,178.76,6.5,88.81,4.34,9.9,83.66,13.37,43.91,9.17,1.63,41.19,29.46,43.9,17.47,2.19,59.67,15.96,47.62,3.54,20.21,41.16,10.75,6.81,59.59,5.03,35.78,6.13,51.98,16.47,18.51,48.13,31.89,13.5,0.74,14.56,18.96,17.46,17.35,6.64,11.37,152.12,13.97,3.73,6.28,5.91,10.02,4.59,280.99,1.34,20.23,46.53,24.92,3.78,14.31,5.8,38.75,9.6,155.85,14.53,54.75,58.45,44.05,3.85
2026-10-04 04:05,29.16,34.23,37.5,37.51,50.74,54.25,52.91,55.66,39.1,52.91,53.08,42.62,56.69,47.1,31.46,45.97,37.17,43.88,47.77,51.86,53.78,55.15,47.92,55.1,56.49,45.82,47.94,47.6,46.34,47.36,43.91,49.42,48.69,144.66,13.72,35.56,456.39,39.66,68.48,28.1,29.89,4.97,144.76,27.32,18.77,60.1,6.1,35.04,5.01,15.72,13.68,70.02,6.66,1498.64,7.79,35.6,79.65,12.15,49.37,24.65,11.43,97.45,16.61,12.14,52.12,4.43,3.74,1.55,2.31,8.97,3.05,10.26,25.15,2.51,9.19,16.41,48.34,0.57,25.22,57.05,9.14,66.87,11.04,64.59,4.12,26.73,130.21,2.89,8.39,0.4,15.53,11.19,11.3,29.31,9.25,30.57,176.83,16.09,4.81,1.08,26.33,5.91,0.0,193.08,0.86,3.48,12.75,19.6,7.4,10.15,4.71,37.1,25.8,236.13,23.68,54.36,58.61,44.05,3.86
2026-10-04 04:10,29.18,34.25,37.52,37.55,50.77,54.29,52.95,55.7,39.1,52.95,53.1,42.63,56.73,47.14,31.51,46.01,37.21,43.92,47.8,51.88,53.82,55.18,47.96,55.13,56.53,45.85,47.97,47.62,46.36,47.38,43.91,49.44,48.7,204.49,25.44,42.38,482.88,48.98,14.88,24.05,0.0,16.62,76.49,28.0,15.19,74.22,13.3,25.69,19.25,8.31,13.46,62.09,5.43,1160.83,5.07,18.98,283.21,5.79,58.84,10.47,9.31,63.88,12.16,36.03,22.13,3.25,47.04,6.01,8.96,6.68,5.66,39.42,28.15,9.71,12.9,14.15,36.16,2.19,20.32,13.66,18.11,31.88,24.06,47.26,18.97,17.06,69.42,36.42,0.0,0.54,3.38,21.94,42.63,29.34,17.16,19.12,117.95,13.02,4.93,4.15,3.72,11.6,13.19,414.28,3.26,13.37,42.61,23.89,6.33,31.55,4.06,8.88,16.14,189.37,9.47,52.31,54.79,44.05,3.88
2026-10-04 04:15,29.19,34.26,37.53,37.53,50.76,54.26,52.93,55.67,39.1,52.92,53.1,42.63,56.71,47.11,31.48,45.98,37.19,43.9,47.78,51.87,53.8,55.15,47.94,55.11,56.5,45.83,47.96,47.61,46.36,47.38,43.91,49.44,48.7,231.82,16.85,49.28,397.77,15.21,50.79,33.47,28.46,15.03,49.58,39.82,0.0,23.05,15.37,18.78,22.09,5.38,21.42,124.72,5.18,1369.21,17.08,17.82,177.39,9.54,68.42,16.32,8.89,48.24,25.44,45.38,34.51,2.38,88.53,13.49,20.11,12.75,3.75,45.23,14.15,21.81,3.7,14.75,40.94,4.92,10.9,104.75,7.18,52.51,27.81,98.88,11.39,8.37,65.16,68.55,7.99,1.26,11.52,18.46,29.74,67.64,11.37,2.64,175.96,0.0,7.01,4.76,3.74,9.76,12.8,75.66,2.28,15.33,38.52,11.75,8.81,3.06,4.23,68.12,2.23,135.69,16.51,52.69,57.26,44.04,3.89
2026-10-04 04:20,29.19,34.26,37.53,38.16,50.88,54.41,53.23,55.96,39.1,53.25,53.26,42.73,56.89,47.48,32.0,46.32,37.69,44.24,47.9,51.97,53.94,55.33,48.23,55.32,56.83,46.08,48.19,47.78,46.47,47.52,43.97,49.57,48.8,310.71,16.31,30.3,428.45,53.03,44.89,42.74,24.17,13.52,57.96,29.19,14.99,80.36,10.74,10.58,15.8,6.29,22.26,64.56,4.35,1398.03,13.52,26.74,192.71,6.53,42.06,20.4,7.46,109.78,24.88,40.39,43.14,1.34,80.03,23.8,35.48,3.03,3.63,32.35,24.31,38.48,13.54,16.71,33.33,8.68,7.11,115.86,17.53,35.94,19.43,96.72,13.99,26.7,97.79,61.97,6.78,0.27,10.18,11.62,31.83,22.07,11.0,12.65,254.96,12.85,5.14,3.4,13.25,6.14,2.95,193.98,2.44,10.97,34.65,24.1,11.26,6.01,4.79,75.35,10.68,193.94,14.53,32.41,35.46,0.0,3.9
2026-10-04 04:25,29.18,34.26,37.53,38.17,50.88,54.4,53.24,55.97,39.1,53.26,53.26,42.73,56.88,47.48,32.0,46.32,37.69,44.24,47.9,51.96,53.94,55.32,48.23,55.31,56.83,46.09,48.2,47.78,46.47,47.52,43.97,49.57,48.8,410.12,0.88,28.09,411.81,18.1,27.76,51.92,39.92,0.0,70.93,15.92,10.46,27.43,12.12,23.01,13.86,7.7,24.12,36.08,4.9,1639.64,25.43,16.39,244.95,4.06,39.0,5.1,8.41,60.57,14.56,22.53,10.78,2.91,75.41,25.64,38.21,10.79,0.2,28.39,6.8,41.44,6.36,31.36,33.61,9.35,36.16,85.6,31.47,22.35,21.92,56.58,13.65,16.35,59.96,58.39,11.2,1.6,6.3,11.73,47.89,21.51,0.59,19.82,61.37,8.96,2.8,2.99,4.94,6.2,13.93,295.79,3.66,9.63,0.0,41.43,13.67,9.46,9.0,55.66,16.73,125.89,15.59,32.45,36.02,0.0,3.89
2026-10-04 04:30,29.17,34.25,37.52,38.2,50.9,54.43,53.27,56.0,39.1,53.29,53.29,42.75,56.91,47.52,32.04,46.36,37.73,44.28,47.92,51.98,53.96,55.36,48.26,55.35,56.87,46.11,48.23,47.81,46.49,47.54,43.98,49.6,48.82,420.97,34.26,25.02,413.4,20.13,52.07,0.0,68.16,5.42,8.12,49.09,19.09,30.5,9.51,13.66,43.65,0.88,15.83,3.83,2.78,1567.12,14.74,32.13,437.36,7.15,34.73,5.52,4.76,67.18,7.0,2.86,11.67,1.73,26.61,25.39,37.84,6.86,7.62,89.38,33.04,41.04,1.35,31.63,39.96,9.26,19.78,84.61,22.84,39.36,17.21,27.21,24.13,38.12,117.5,20.61,19.13,0.0,11.81,11.22,32.9,37.87,23.11,25.02,45.4,16.36,8.64,9.41,6.95,5.93,9.37,71.48,2.52,30.3,13.91,24.87,0.0,4.76,9.08,55.02,21.12,142.28,19.45,28.37,31.17,0.0,3.89
2026-10-04 04:35,29.16,34.25,37.51,38.16,50.88,54.41,53.23,55.96,39.1,53.23,53.25,42.72,56.89,47.47,31.99,46.32,37.69,44.24,47.9,51.97,53.94,55.33,48.23,55.32,56.82,46.08,48.18,47.77,46.46,47.51,43.96,49.56,48.79,486.48,23.69,59.74,364.91,49.47,69.57,73.72,52.54,10.72,108.0,38.04,10.16,74.96,4.46,31.95,40.92,11.73,2.58,66.48,0.72,1347.91,13.13,18.28,54.6,9.69,82.95,25.14,1.24,105.1,24.36,38.76,53.17,4.04,71.54,29.67,44.23,3.27,5.27,83.8,22.5,47.97,8.09,19.67,33.01,10.83,23.92,100.73,11.78,53.33,8.07,94.68,30.74,27.39,66.84,55.39,14.75,0.45,15.77,23.34,7.58,91.25,15.98,16.33,142.42,8.71,6.7,8.82,16.4,12.34,14.85,211.49,0.58,28.41,27.49,20.61,19.41,23.93,5.64,65.51,13.79,142.21,15.83,34.11,35.42,0.0,3.88
2026-10-04 04:40,29.15,34.24,37.51,38.19,50.9,54.44,53.26,55.99,39.1,53.27,53.27,42.74,56.91,47.5,32.02,46.35,37.71,44.27,47.93,51.98,53.96,55.36,48.25,55.34,56.85,46.1,48.21,47.79,46.47,47.53,43.97,49.59,48.81,592.26,9.86,7.78,367.08,59.01,37.47,58.53,13.62,19.34,0.0,34.82,10.53,89.41,11.98,13.72,25.78,0.0,23.66,69.81,2.53,1615.22,9.01,27.4,275.84,13.64,10.8,21.35,4.33,0.21,8.65,24.53,45.16,1.74,33.36,18.79,28.0,14.1,2.19,52.79,11.58,30.37,7.36,16.41,34.2,6.85,29.71,73.95,28.23,75.05,21.67,33.61,20.75,15.83,100.21,25.83,3.82,1.11,8.5,31.67,10.25,51.8,6.65,25.89,234.38,9.02,6.13,5.56,26.5,16.74,10.7,198.9,0.78,17.9,49.58,19.58,15.41,15.25,4.71,48.09,21.86,141.45,32.53,30.65,31.08,0.0,3.88
2026-10-04 04:45,29.14,34.23,37.5,38.17,50.89,54.43,53.24,55.97,39.1,53.25,53.26,42.73,56.9,47.49,32.01,46.33,37.7,44.25,47.92,51.97,53.95,55.34,48.24,55.33,56.84,46.09,48.2,47.78,46.47,47.52,43.97,49.58,48.8,719.31,30.13,42.96,364.04,55.66,83.41,92.01,54.24,11.54,0.0,13.46,14.55,84.33,4.42,11.24,36.93,0.0,13.78,110.93,8.3,1564.0,18.1,25.62,167.73,9.51,59.65,4.86,14.23,0.25,16.71,12.63,10.27,1.42,72.83,31.83,47.45,18.07,6.7,75.63,32.13,51.46,7.88,16.24,31.88,11.61,14.78,95.4,30.93,52.32,8.0,64.95,29.79,11.49,93.69,56.39,15.22,1.29,18.91,22.52,18.9,107.92,20.32,29.53,82.22,12.47,2.37,7.96,25.8,11.9,12.78,417.66,1.45,25.64,29.58,50.63,24.23,3.52,4.66,62.04,24.93,237.99,19.07,32.2,33.21,0.0,3.87
2026-10-04 04:50,29.13,34.22,37.49,38.17,50.89,54.42,53.24,55.97,39.1,53.25,53.26,42.73,56.89,47.48,32.0,46.33,37.69,44.25,47.91,51.97,53.95,55.34,48.23,55.32,56.83,46.08,48.19,47.78,46.46,47.52,43.97,49.57,48.8,688.57,1.53,29.84,346.24,37.55,45.29,52.27,51.81,16.5,91.81,51.71,23.17,56.9,13.79,23.78,18.07,9.97,23.22,83.76,5.81,1699.49,22.03,39.66,237.51,5.09,41.43,15.95,9.96,31.03,26.74,11.75,33.73,3.01,51.87,30.56,45.55,23.15,0.34,37.0,3.94,49.4,8.18,17.48,32.2,11.15,31.39,76.08,9.24,28.0,24.94,103.96,27.67,27.1,145.03,40.16,14.54,1.23,10.27,0.0,21.01,106.16,1.04,38.18,247.99,19.86,9.1,3.89,21.39,0.0,14.36,296.49,1.61,12.54,42.31,11.54,13.76,28.16,5.02,49.48,32.23,88.42,18.02,32.91,34.25,0.0,3.86
2026-10-04 04:55,29.12,34.22,37.49,38.18,50.89,54.42,53.25,55.98,39.1,53.27,53.26,42.73,56.9,47.49,32.02,46.34,37.71,44.26,47.92,51.97,53.95,55.34,48.25,55.33,56.84,46.1,48.2,47.79,46.47,47.52,43.97,49.58,48.8,746.64,10.5,29.84,342.33,79.54,29.17,0.0,72.72,26.32,67.81,50.62,30.76,120.52,19.86,14.76,4.65,7.36,22.63,121.83,5.36,1618.89,24.51,47.79,114.14,2.5,41.43,24.61,9.19,71.96,7.7,36.46,52.04,1.87,54.78,19.81,29.53,17.01,2.33,9.52,15.0,32.03,11.72,18.25,38.96,7.23,21.34,129.97,23.76,13.76,35.93,29.93,8.77,26.07,174.77,42.41,20.41,1.27,6.61,18.18,20.49,0.09,7.08,23.81,43.41,26.36,8.91,1.0,5.05,9.61,11.83,220.19,1.57,3.23,67.47,27.66,0.0,11.5,5.24,84.52,20.1,134.35,11.4,31.82,33.27,0.0,3.86
2026-10-04 05:00,29.12,34.22,37.48,38.16,50.88,54.41,53.23,55.96,39.1,53.24,53.26,42.73,56.88,47.47,31.99,46.32,37.69,44.24,47.9,51.97,53.94,55.33,48.23,55.31,56.82,46.08,48.19,47.78,46.46,47.52,43.97,49.57,48.8,913.2,29.9,40.8,270.68,65.11,39.72,80.62,34.45,16.44,99.01,36.44,20.65,98.66,7.01,43.25,28.94,10.75,18.32,58.48,3.66,1391.79,16.45,32.67,39.97,14.3,56.64,15.9,6.28,34.21,9.69,34.61,33.62,5.47,38.28,0.0,0.0,12.44,6.65,59.26,31.39,0.0,7.68,28.75,36.17,0.0,27.2,4.14,42.15,78.71,12.68,37.65,14.17,38.25,119.49,29.64,9.67,0.86,9.01,19.73,35.83,53.54,20.17,24.12,218.8,17.7,6.42,6.24,28.03,10.43,12.33,223.27,2.74,20.09,42.16,44.8,21.23,13.64,8.25,2.69,20.36,161.77,16.79,33.29,35.51,0.0,3.85
2026-10-04 05:05,29.1,34.21,37.48,38.17,50.89,54.41,53.24,55.97,39.1,53.24,53.26,42.73,56.89,47.48,32.0,46.33,37.69,44.25,47.91,51.97,53.95,55.34,48.23,55.32,56.83,46.08,48.19,47.78,46.46,47.52,43.97,49.57,48.8,1048.14,22.68,3.24,338.56,42.39,74.1,68.5,9.59,27.77,49.28,51.37,14.38,64.23,7.13,20.03,0.0,5.35,9.41,105.36,4.14,1368.47,10.27,19.41,0.0,17.5,4.5,19.05,7.1,64.07,19.29,23.45,40.29,2.53,72.1,16.07,23.95,9.83,5.04,0.0,26.93,25.98,7.84,21.89,35.67,5.86,30.03,155.11,7.15,96.31,12.9,74.99,33.14,19.6,70.99,55.83,2.69,1.74,16.8,7.29,31.26,87.87,15.3,51.59,114.83,12.32,9.04,0.0,20.53,3.85,26.77,154.11,2.39,0.0,71.19,60.58,18.04,28.51,6.28,100.87,43.55,155.89,34.13,32.83,34.57,0.0,3.85
2026-10-04 05:10,29.06,34.19,37.46,38.14,50.86,54.38,53.21,55.94,39.1,53.21,53.23,42.72,56.86,47.45,31.97,46.3,37.67,44.22,47.88,51.95,53.92,55.31,48.21,55.29,56.8,46.06,48.17,47.76,46.45,47.49,43.96,49.55,48.78,1382.07,10.56,13.02,499.09,53.63,41.36,85.01,36.49,23.79,194.3,55.79,18.99,81.26,17.85,26.3,19.1,21.1,24.4,56.91,1.92,1771.82,11.43,26.12,259.47,6.1,18.07,41.19,3.29,71.83,2.89,43.0,87.11,3.33,103.97,32.5,48.44,4.83,2.35,39.12,18.11,52.54,12.59,46.97,38.81,11.86,55.31,113.12,7.51,33.54,32.29,11.24,46.45,33.04,95.53,80.5,10.24,1.71,9.38,16.51,5.96,84.69,7.13,11.16,90.76,16.28,9.82,4.12,27.44,8.73,10.66,349.86,0.46,13.26,60.98,20.08,22.39,36.49,13.48,73.56,9.42,178.42,32.58,36.15,38.94,0.0,3.84
2026-10-04 05:15,29.06,34.18,37.45,38.14,50.88,54.4,53.22,55.95,39.1,53.21,53.24,42.72,56.88,47.46,31.98,46.31,37.67,44.22,47.9,51.96,53.93,55.32,48.21,55.3,56.81,46.06,48.17,47.76,46.45,47.5,43.96,49.55,48.79,1254.58,28.71,33.81,854.59,70.27,48.02,29.93,20.7,32.63,114.18,65.57,25.97,106.48,8.24,28.09,36.59,12.4,33.57,4.01,15.99,1635.41,9.5,45.82,347.84,7.48,46.94,21.14,27.43,51.6,21.77,34.58,44.7,3.55,0.0,40.33,60.11,16.04,6.38,74.94,32.98,65.19,13.92,48.04,39.0,14.71,49.53,162.58,41.4,41.16,14.9,84.63,6.37,16.33,167.57,0.0,5.81,2.42,10.89,9.38,42.55,78.87,19.36,31.75,253.92,22.26,11.55,7.89,21.34,4.96,10.87,114.0,3.26,25.41,83.64,58.68,7.88,26.05,13.78,105.73,26.81,153.41,10.93,35.52,37.03,0.0,3.83
2026-10-04 05:20,29.03,34.15,37.43,38.11,50.85,54.36,53.18,55.91,39.1,53.18,53.21,42.7,56.84,47.42,31.94,46.27,37.63,44.18,47.87,51.94,53.9,55.29,48.17,55.27,56.77,46.04,48.14,47.73,46.43,47.47,43.95,49.53,48.77,1557.66,22.17,20.69,1026.12,99.5,64.71,91.18,160.15,19.96,138.48,71.05,33.01,150.77,2.46,11.34,57.32,15.04,41.77,121.63,6.07,2265.49,10.68,41.18,369.51,13.98,28.73,9.72,10.41,77.55,27.77,58.19,20.55,1.43,82.45,40.96,61.05,37.21,4.93,117.39,30.81,66.22,9.05,65.84,34.59,14.94,36.74,93.18,25.32,76.94,4.45,107.96,26.15,38.97,150.6,63.84,44.95,3.11,14.67,25.91,2.55,56.11,14.96,65.07,84.91,28.29,12.51,12.35,32.06,13.7,15.54,299.17,0.19,39.8,51.17,33.84,24.01,50.71,18.89,60.6,54.93,233.71,34.31,39.31,42.21,0.0,3.83
2026-10-04 05:25,29.01,34.13,37.42,38.12,50.86,54.38,53.2,55.93,39.1,53.2,53.22,42.7,56.86,47.44,31.96,46.29,37.65,44.2,47.88,51.95,53.92,55.31,48.2,55.29,56.79,46.05,48.15,47.74,46.43,47.48,43.95,49.54,48.77,1499.65,29.15,65.38,1453.99,107.26,130.55,103.46,149.78,34.97,114.69,90.12,26.21,162.52,27.93,52.74,31.53,12.45,60.69,101.91,11.5,2005.9,13.14,46.15,179.13,5.34,90.77,23.26,19.73,77.05,13.37,19.18,49.19,6.67,94.25,54.49,81.21,31.17,6.48,64.57,34.63,88.08,5.61,38.4,36.84,19.88,57.14,83.83,2.87,29.39,50.53,51.98,29.45,34.22,168.78,72.98,42.04,1.5,29.6,26.12,28.3,87.27,19.66,52.21,177.0,22.46,15.87,6.8,27.57,13.81,30.29,311.93,2.16,21.89,89.64,63.15,27.24,94.87,11.02,54.52,44.08,260.45,17.19,38.37,39.44,0.0,3.82
2026-10-04 05:30,28.96,34.1,37.41,38.13,50.86,54.38,53.2,55.93,39.1,53.22,53.22,42.71,56.86,47.44,31.96,46.29,37.65,44.2,47.88,51.95,53.92,55.3,48.2,55.29,56.79,46.05,48.16,47.75,46.44,47.48,43.95,49.54,48.78,2123.41,27.4,30.73,1900.68,103.31,73.82,95.64,54.02,36.76,99.98,71.8,6.92,156.54,19.34,32.16,41.63,10.86,48.65,98.53,14.99,2455.32,13.62,26.28,426.36,14.37,42.67,16.8,25.71,68.71,9.25,45.1,35.53,4.07,90.61,29.07,43.33,35.07,6.09,85.26,28.63,46.99,7.15,40.24,44.95,10.6,67.34,88.06,41.32,79.09,34.99,35.97,54.69,62.85,96.11,70.16,15.16,1.46,16.74,26.59,33.44,52.94,18.48,43.69,139.92,5.93,12.64,8.97,63.34,14.06,35.37,47.81,2.56,28.9,94.24,59.19,25.19,47.42,11.55,57.27,36.88,130.42,11.98,37.86,39.67,0.0,3.81
2026-10-04 05:35,28.97,34.08,37.39,38.07,50.82,54.34,53.14,55.88,39.1,53.15,53.18,42.68,56.82,47.38,31.9,46.24,37.6,44.15,47.84,51.93,53.88,55.25,48.14,55.24,56.74,46.01,48.1,47.7,46.41,47.45,43.94,49.5,48.75,1681.68,21.19,89.73,2241.42,41.42,73.1,60.87,120.14,11.21,205.73,64.89,32.95,62.76,26.11,38.56,29.68,22.34,29.54,61.27,15.28,2130.19,16.56,71.91,248.4,21.89,124.58,33.11,26.2,74.0,63.31,39.0,70.01,4.88,63.67,14.64,21.83,50.89,4.71,60.77,29.61,23.67,7.0,23.3,42.76,5.34,81.97,101.84,53.73,120.44,47.23,246.1,19.72,54.63,263.0,49.3,33.72,2.29,16.58,50.46,63.19,77.9,14.3,82.0,208.7,28.24,11.43,6.4,26.8,26.68,34.13,303.12,4.83,20.6,28.73,15.32,16.03,119.09,6.69,66.23,69.23,218.94,38.67,43.01,45.68,0.0,3.81
2026-10-04 05:40,28.93,34.05,37.38,38.06,50.83,54.34,53.13,55.86,39.1,53.15,53.17,42.68,56.82,47.37,31.89,46.23,37.59,44.14,47.85,51.93,53.88,55.26,48.14,55.24,56.73,46.0,48.1,47.7,46.4,47.44,43.94,49.49,48.74,1955.27,76.22,47.51,2521.22,90.83,119.03,20.5,171.25,35.13,95.13,100.39,10.08,137.63,24.07,87.15,5.02,10.33,57.39,7.96,21.32,2553.18,13.26,12.97,76.24,14.86,65.97,61.17,36.57,82.1,42.41,16.84,129.36,11.03,202.45,96.04,143.15,67.83,16.95,10.29,73.96,155.25,23.6,55.98,41.41,35.04,62.1,33.39,48.45,81.77,43.55,164.86,29.91,35.95,47.45,156.76,48.06,2.63,26.99,23.67,63.32,48.88,51.42,73.2,282.93,8.64,17.68,1.08,43.86,12.51,43.95,49.11,4.84,3.49,90.06,49.53,5.4,66.36,16.06,21.71,61.79,202.67,78.28,43.85,45.69,0.0,3.8
2026-10-04 05:45,28.92,34.01,37.35,38.05,50.81,54.33,53.12,55.85,39.1,53.14,53.16,42.66,56.8,47.36,31.88,46.22,37.57,44.13,47.83,51.92,53.86,55.24,48.12,55.22,56.71,45.99,48.08,47.68,46.39,47.42,43.93,49.47,48.73,1649.11,66.47,118.63,2981.66,148.22,61.58,224.83,73.2,53.94,225.34,102.77,10.8,224.58,16.94,37.02,66.79,24.47,93.47,71.78,0.47,2911.72,24.59,38.38,221.75,29.29,164.71,97.4,0.81,76.88,52.95,30.59,205.96,4.68,149.72,69.35,103.36,8.65,14.78,136.78,60.15,112.1,30.54,105.28,43.65,25.3,46.04,104.22,60.79,161.16,30.64,205.84,26.01,85.16,140.35,115.93,20.54,1.38,13.96,4.19,93.41,78.2,44.84,114.64,96.49,9.25,18.1,14.4,25.08,2.22,38.97,284.91,7.15,46.37,138.26,63.7,59.2,27.4,30.21,67.77,96.78,125.01,71.66,45.96,47.51,0.0,3.79
2026-10-04 05:50,28.87,33.9,37.32,37.99,50.78,54.28,53.06,55.8,39.1,53.07,53.12,42.65,56.76,47.3,31.81,46.16,37.51,44.07,47.8,51.89,53.82,55.19,48.07,55.17,56.65,45.94,48.04,47.65,46.36,47.39,43.92,49.44,48.71,1701.56,99.02,132.35,4503.97,108.53,209.94,194.01,331.18,50.45,21.86,69.76,29.09,164.44,43.07,52.86,51.91,2.37,62.0,12.81,18.54,3222.72,30.66,87.7,277.84,2.23,183.76,43.93,31.8,97.53,38.36,20.4,92.89,6.69,0.0,116.54,173.7,41.43,22.02,106.3,96.29,188.38,8.18,58.81,46.96,42.51,100.6,144.53,38.16,12.25,77.91,149.1,42.85,77.22,320.75,0.0,92.95,2.43,47.61,39.66,36.42,95.02,66.79,112.32,146.12,24.93,12.28,11.19,77.2,20.96,65.89,341.19,2.79,36.04,129.32,49.41,51.09,158.09,16.87,93.99,94.83,265.19,79.35,49.64,53.22,0.0,3.78
2026-10-04 05:55,28.86,33.9,37.3,38.0,50.78,54.28,53.07,55.81,39.1,53.09,53.12,42.64,56.77,47.32,31.83,46.17,37.53,44.08,47.8,51.9,53.83,55.2,48.08,55.18,56.66,45.95,48.04,47.65,46.36,47.39,43.92,49.44,48.71,1546.11,41.1,128.63,3933.52,174.37,164.41,73.15,271.78,27.8,235.35,212.05,76.01,264.21,33.17,99.8,93.97,25.56,106.17,72.15,26.93,3711.44,3.33,102.78,271.92,37.52,178.59,81.61,46.18,113.23,59.79,22.23,172.58,12.63,119.18,90.31,134.61,56.6,9.14,192.44,41.59,145.98,15.06,27.68,55.99,32.95,135.55,86.95,94.04,206.46,60.01,232.41,51.14,67.65,375.87,92.28,76.28,4.49,37.28,98.97,131.86,48.99,27.72,53.23,120.43,65.15,37.34,20.25,25.65,52.32,93.66,178.38,10.09,65.24,71.25,56.93,19.26,49.33,7.94,56.55,44.94,194.56,114.31,49.72,51.98,0.0,3.77
2026-10-04 06:00,28.79,33.87,37.27,37.95,50.76,54.26,53.03,55.76,39.1,53.05,53.07,42.61,56.73,47.27,31.77,46.12,37.48,44.03,47.77,51.87,53.8,55.17,48.03,55.14,56.62,45.91,48.0,47.6,46.33,47.35,43.9,49.4,48.67,1739.49,67.03,84.74,3992.43,215.38,320.03,194.77,61.44,77.43,461.25,240.9,16.88,326.35,0.0,107.6,86.88,50.08,147.23,78.49,27.62,3506.74,32.56,113.47,313.09,32.82,117.65,88.96,47.37,101.52,47.82,23.1,188.13,13.61,128.1,108.23,161.32,64.08,14.91,177.91,65.13,174.95,15.2,100.46,57.99,39.48,155.93,394.63,143.73,180.62,0.0,185.87,60.87,77.36,414.97,99.19,17.24,2.87,72.57,123.48,118.36,133.34,45.21,44.18,225.52,14.47,42.42,18.72,84.57,65.28,56.74,233.99,9.06,60.32,198.48,132.86,51.29,176.92,28.82,256.64,37.3,312.99,92.21,54.37,56.43,0.0,3.76
2026-10-04 06:05,28.82,33.86,37.27,37.95,50.76,54.27,53.03,55.76,39.1,53.05,53.08,42.62,56.74,47.26,31.76,46.12,37.47,44.03,47.78,51.88,53.81,55.18,48.03,55.15,56.61,45.91,48.0,47.61,46.33,47.35,43.9,49.4,48.68,1478.07,120.26,182.97,4216.07,106.37,281.67,201.29,187.61,101.37,457.58,73.58,74.08,161.17,57.95,133.48,94.66,49.69,44.2,83.64,41.51,3433.49,15.39,95.16,49.16,2.62,254.03,23.88,71.19,68.84,94.52,10.33,50.51,16.89,0.0,62.87,93.71,110.28,26.74,193.84,102.33,101.63,29.5,56.59,59.78,22.94,129.05,230.83,115.13,14.41,104.82,367.42,77.61,10.71,348.02,0.0,52.65,3.5,63.87,56.17,140.06,103.16,81.12,87.81,360.98,63.5,12.96,20.4,57.41,29.69,133.76,202.25,10.72,65.72,259.86,135.06,53.0,198.34,16.24,150.11,74.13,281.36,35.3,53.88,55.63,0.0,3.75
2026-10-04 06:10,28.7,33.61,37.18,37.82,50.68,54.16,52.91,55.64,39.1,52.92,52.96,42.54,56.64,47.14,31.64,46.0,37.35,43.91,47.69,51.82,53.71,55.07,47.92,55.03,56.49,45.8,47.87,47.5,46.24,47.25,43.86,49.29,48.59,1565.42,152.53,135.43,6557.22,126.87,247.53,177.97,566.17,54.3,344.27,241.73,24.39,192.24,45.4,117.46,37.94,37.38,71.46,150.82,36.98,3600.37,33.09,144.72,203.92,54.15,188.03,99.34,63.43,117.9,91.54,8.77,210.08,14.86,243.34,120.57,179.72,107.88,33.92,77.69,137.02,194.91,54.73,116.75,58.76,43.99,56.54,578.21,106.23,298.0,82.14,355.82,159.71,93.74,529.26,188.42,158.9,3.24,56.13,81.57,151.13,95.15,102.89,161.46,293.18,20.91,42.57,8.18,138.43,43.12,72.55,231.81,11.56,26.34,139.2,138.69,46.86,180.69,33.5,376.02,136.31,260.86,0.0,64.38,66.55,0.0,3.73
2026-10-04 06:15,28.75,33.69,37.2,37.83,50.7,54.2,52.91,55.65,39.1,52.92,52.98,42.55,56.66,47.15,31.65,46.02,37.36,43.92,47.72,51.83,53.74,55.1,47.93,55.06,56.5,45.81,47.89,47.51,46.26,47.26,43.87,49.31,48.6,1295.1,121.49,158.26,5683.52,252.23,213.07,327.37,405.72,38.68,0.0,88.59,40.61,382.19,38.21,81.12,155.57,0.0,85.62,106.28,34.49,4758.45,10.81,50.79,355.24,19.07,219.73,131.31,59.15,83.9,31.25,40.71,277.69,10.26,222.88,51.4,76.61,117.29,27.02,318.57,116.97,83.08,39.2,98.74,82.4,18.75,250.38,167.87,180.64,104.97,69.12,121.49,35.23,157.26,185.76,172.57,113.87,2.41,48.32,152.52,179.76,117.27,81.95,41.35,163.33,34.8,15.6,33.53,152.73,80.63,52.25,231.11,13.75,108.0,99.16,114.77,86.2,94.7,28.33,109.17,34.91,204.05,83.01,62.96,63.73,0.0,3.72
2026-10-04 06:20,28.69,33.61,37.15,37.79,50.66,54.16,52.87,55.6,39.1,52.88,52.93,42.52,56.62,47.1,31.6,45.97,37.31,43.87,47.68,51.81,53.7,55.05,47.88,55.02,56.45,45.77,47.84,47.47,46.22,47.21,43.85,49.26,48.57,1227.88,124.2,236.45,6035.26,153.65,0.0,274.88,309.57,39.71,707.43,69.5,51.51,232.81,85.24,217.31,20.73,76.81,208.73,95.17,50.45,4446.71,18.08,95.82,439.83,34.37,328.29,189.04,86.52,83.26,92.56,45.71,399.76,27.5,358.42,122.02,181.87,137.54,27.62,42.45,108.08,197.24,28.69,90.84,54.33,44.51,147.24,373.59,121.98,189.16,154.21,359.82,201.21,150.11,350.44,277.52,86.88,7.58,0.0,127.76,53.51,124.69,83.78,286.06,182.25,44.15,12.24,4.47,84.58,67.54,161.18,225.65,4.09,14.39,101.79,115.67,72.38,141.53,26.06,242.96,241.5,154.51,108.62,67.08,68.26,0.0,3.71
2026-10-04 06:25,28.68,33.55,37.12,37.71,50.63,54.12,52.8,55.54,39.1,52.81,52.87,42.49,56.57,47.03,31.52,45.91,37.24,43.8,47.64,51.78,53.66,55.01,47.82,54.97,56.38,45.72,47.77,47.41,46.18,47.16,43.83,49.2,48.53,781.92,209.43,69.62,6082.59,358.82,218.73,313.92,729.79,39.79,424.23,183.65,107.38,543.68,80.69,106.45,72.34,46.06,176.51,70.0,24.43,5488.03,39.3,136.9,335.35,14.99,96.66,83.11,41.9,84.46,117.77,50.6,175.76,13.47,180.73,206.01,307.06,90.43,46.57,148.14,188.79,333.01,54.8,119.28,74.41,75.15,170.05,288.16,119.84,82.5,145.97,457.82,120.38,85.64,500.67,139.94,204.82,5.93,49.6,95.6,0.0,69.0,141.27,98.16,247.46,92.03,32.34,15.59,155.41,50.54,173.68,76.47,0.0,50.22,102.01,282.73,82.66,425.2,34.22,187.4,82.87,270.85,66.53,71.37,72.15,0.0,3.69
2026-10-04 06:30,28.57,33.44,37.04,37.62,50.57,54.06,52.72,55.45,39.09,52.72,52.8,42.43,56.51,46.94,31.42,45.82,37.15,43.71,47.59,51.74,53.6,54.94,47.74,54.9,56.3,45.64,47.69,47.34,46.12,47.1,43.8,49.14,48.48,806.91,194.41,167.93,6900.41,207.44,349.88,372.11,226.66,47.97,959.32,239.1,80.45,314.31,89.74,0.0,266.28,104.17,303.47,108.75,62.9,6509.34,10.14,143.61,217.94,76.33,233.16,72.16,107.88,44.23,195.22,23.96,152.6,0.0,300.1,93.96,140.05,159.89,43.23,545.29,175.14,151.88,68.54,38.02,84.75,34.28,383.35,793.04,111.34,420.05,162.34,758.86,202.87,104.73,525.21,232.37,63.61,1.8,79.34,63.12,131.2,107.13,131.14,270.24,90.29,68.96,42.1,57.39,153.83,33.37,4.94,0.0,10.04,184.87,122.96,116.15,97.99,383.19,10.91,515.73,228.14,366.41,131.63,77.37,78.09,0.0,3.68
2026-10-04 06:35,28.54,33.27,37.01,37.69,50.58,54.06,52.78,55.51,39.1,52.8,52.88,42.48,56.53,47.02,31.49,45.88,37.22,43.78,47.59,51.75,53.61,54.96,47.79,54.92,56.36,45.71,47.77,47.41,46.18,47.16,43.83,49.21,48.53,862.83,124.52,207.21,8407.38,265.17,399.87,287.85,566.99,52.04,670.0,192.92,71.65,401.79,77.16,148.49,268.2,72.75,124.38,89.3,96.9,7224.24,3.92,0.0,408.07,73.79,287.7,38.13,166.18,138.91,96.92,52.97,80.63,18.79,0.0,230.76,343.95,95.02,27.69,549.22,118.7,373.02,71.78,149.69,72.03,84.18,329.15,375.52,226.26,406.05,139.59,376.75,10.2,129.2,0.0,0.0,159.13,3.52,90.67,145.07,86.13,41.08,84.0,252.18,167.97,61.41,33.97,57.8,152.01,76.69,139.04,512.37,6.59,186.2,133.41,336.29,75.8,126.64,42.95,244.21,212.89,489.56,159.39,71.93,76.67,0.0,3.66
2026-10-04 06:40,28.43,33.18,36.91,37.59,50.54,54.01,52.68,55.41,39.1,52.7,52.77,42.41,56.47,46.91,31.38,45.78,37.11,43.67,47.55,51.72,53.57,54.9,47.7,54.86,56.26,45.62,47.67,47.31,46.09,47.06,43.78,49.1,48.45,639.28,193.87,188.96,8092.41,476.29,326.05,511.57,459.35,118.28,515.33,186.86,120.94,721.67,48.54,105.14,147.06,55.96,241.51,116.53,19.91,9513.78,8.98,44.7,317.05,73.79,262.35,256.28,34.15,95.17,179.76,31.32,541.96,13.3,235.9,328.35,489.41,109.46,43.11,301.16,174.84,530.78,62.73,339.26,98.12,119.78,346.77,381.84,179.18,406.08,87.81,698.75,55.38,80.34,163.48,182.66,128.92,0.89,73.93,170.52,76.65,87.89,130.78,329.56,275.0,103.66,32.9,31.69,75.16,90.15,150.75,359.54,5.86,102.1,303.21,132.91,134.71,0.0,97.34,248.32,278.22,470.84,105.52,79.4,81.58,0.0,3.65
2026-10-04 06:45,28.49,33.22,36.95,37.61,50.57,54.05,52.69,55.43,39.1,52.7,52.77,42.41,56.5,46.93,31.41,45.8,37.13,43.69,47.58,51.73,53.6,54.93,47.71,54.88,56.28,45.63,47.67,47.31,46.09,47.06,43.79,49.1,48.45,603.88,259.07,0.0,8159.57,556.39,570.97,312.02,310.79,83.35,240.71,0.0,113.53,843.05,81.8,88.58,97.25,26.14,186.46,70.83,50.83,9364.52,0.06,42.85,99.08,59.71,0.0,111.92,87.17,85.01,209.02,48.32,236.67,11.21,129.66,156.97,233.97,175.36,57.61,199.15,229.05,253.74,64.32,161.63,87.21,57.26,213.37,605.81,215.21,328.6,147.97,812.52,0.0,123.07,156.7,100.39,87.22,12.81,129.47,98.46,267.82,103.98,174.76,361.18,190.68,97.31,0.0,20.96,209.66,52.05,120.26,195.42,20.49,67.52,213.68,220.83,82.16,2.65,46.37,393.98,304.92,632.49,384.87,79.21,79.07,0.0,3.63
2026-10-04 06:50,28.37,33.09,36.85,37.36,50.41,53.87,52.46,55.2,39.09,52.45,52.57,42.29,56.32,46.68,31.12,45.57,36.88,43.45,47.42,51.62,53.43,54.72,47.49,54.66,56.04,45.43,47.44,47.12,45.95,46.88,43.71,48.91,48.31,531.55,318.41,243.02,8356.72,470.4,82.73,194.64,548.29,204.81,420.66,3.08,91.01,712.75,73.37,138.87,214.74,45.68,190.31,72.47,55.9,9886.46,42.41,107.39,330.48,77.37,337.41,174.91,95.86,1.3,140.46,37.7,369.88,17.57,428.5,335.5,500.06,289.09,70.81,439.76,275.77,542.32,81.71,293.97,98.32,122.39,173.22,484.37,137.03,425.76,132.72,546.01,167.58,102.54,392.74,331.79,153.88,6.23,18.76,163.82,140.01,27.78,214.78,195.74,243.83,78.0,0.54,46.28,159.2,86.6,206.64,492.32,10.71,149.09,525.05,304.11,51.25,341.15,84.35,315.0,165.25,143.11,252.52,92.18,93.59,0.0,3.61
2026-10-04 06:55,28.44,33.3,36.89,37.44,50.45,53.91,52.54,55.28,39.09,52.52,52.66,42.33,56.37,46.77,31.23,45.65,36.97,43.53,47.46,51.66,53.47,54.78,47.58,54.73,56.12,45.49,47.52,47.2,46.01,46.96,43.74,49.0,48.37,487.62,97.03,200.83,6721.65,406.29,85.01,417.79,0.0,106.46,553.93,326.18,122.61,615.61,90.31,177.79,143.93,60.15,243.29,96.8,85.64,9497.62,21.32,172.23,598.09,99.59,278.83,0.0,146.88,60.49,250.21,57.63,0.0,22.5,798.76,218.63,325.87,122.86,21.58,294.75,84.45,353.42,42.42,92.08,93.08,79.76,468.92,485.23,185.51,548.02,163.37,972.62,149.72,9.51,629.89,618.47,0.0,7.29,19.28,62.45,115.05,166.95,65.45,280.23,129.67,105.09,57.44,31.02,129.36,33.02,71.6,342.5,8.8,99.93,272.92,58.27,110.02,257.1,26.42,315.56,236.58,151.09,209.92,87.98,89.3,0.0,3.59
2026-10-04 07:00,28.31,33.1,36.78,37.35,50.4,53.85,52.45,55.19,39.1,52.46,52.55,42.28,56.3,46.68,31.13,45.56,36.87,43.44,47.41,51.62,53.41,54.72,47.48,54.67,56.03,45.42,47.44,47.1,45.94,46.86,43.7,48.89,48.29,427.28,103.3,72.95,7526.16,658.84,784.04,632.4,104.57,198.19,1124.92,230.23,95.84,998.28,41.19,159.78,126.35,122.15,83.62,130.52,88.4,11073.0,30.02,196.9,228.97,79.58,101.28,304.46,151.61,12.12,112.82,54.91,643.83,20.22,90.75,278.99,415.83,197.82,22.97,258.74,94.71,450.98,80.06,160.52,82.89,101.78,75.98,424.2,188.96,437.93,74.5,438.57,69.14,174.98,720.11,70.26,29.35,4.58,177.79,212.09,108.95,166.93,69.68,386.75,279.24,82.15,40.54,27.23,19.1,112.12,34.0,344.04,8.34,87.72,508.07,173.31,166.53,361.03,46.06,275.87,326.5,628.9,116.79,93.84,94.53,0.0,3.57
2026-10-04 07:05,28.32,33.05,36.78,37.33,50.39,53.84,52.43,55.17,39.09,52.43,52.56,42.28,56.3,46.65,31.1,45.55,36.86,43.42,47.4,51.61,53.41,54.72,47.47,54.66,56.01,45.4,47.42,47.1,45.94,46.87,43.71,48.91,48.31,401.03,210.97,269.1,8006.72,441.76,0.0,309.37,403.07,161.65,364.69,298.9,198.35,669.36,110.78,319.93,237.03,39.6,271.06,24.81,68.89,10635.69,35.15,218.71,274.61,6.44,373.62,142.6,118.15,143.72,162.91,39.16,301.54,40.48,842.53,280.95,418.75,92.22,46.92,485.4,182.15,454.14,49.7,313.0,112.14,102.49,333.99,184.48,86.21,35.45,200.4,633.29,97.19,242.94,799.88,652.36,113.12,4.02,0.0,210.9,126.18,141.37,142.31,136.18,392.57,170.0,52.63,51.08,57.3,111.49,229.36,300.81,9.65,164.56,414.4,120.99,81.46,467.52,89.81,119.97,114.96,208.16,176.78,94.61,94.84,0.0,3.55
2026-10-04 07:10,28.3,32.83,36.76,37.25,50.35,53.79,52.35,55.09,39.09,52.36,52.51,42.26,56.23,46.59,31.04,45.46,36.78,43.34,47.37,51.58,53.36,54.66,47.37,54.58,55.93,45.35,47.37,47.06,45.91,46.83,43.69,48.86,48.27,398.63,186.92,107.63,9809.26,273.96,487.93,479.9,1086.74,144.95,0.0,267.29,138.04,415.1,83.16,144.56,95.91,0.0,403.47,49.83,9.11,10150.1,14.97,182.71,452.07,26.95,149.43,76.27,15.63,144.17,29.22,83.13,161.29,18.29,434.22,148.0,220.59,186.62,41.57,196.4,176.42,239.23,0.0,218.0,113.6,53.99,24.3,451.4,140.93,148.3,150.43,113.6,158.68,275.12,668.2,336.22,305.0,7.75,110.64,209.31,175.11,160.22,126.08,380.45,167.95,118.32,47.07,20.67,286.7,110.65,286.23,273.36,13.4,66.58,371.59,331.84,126.37,419.52,62.55,293.55,321.18,471.6,387.16,96.04,99.18,0.0,3.53
2026-10-04 07:15,28.3,33.03,36.77,37.3,50.38,53.82,52.41,55.15,39.09,52.4,52.52,42.26,56.28,46.63,31.06,45.53,36.83,43.4,47.4,51.61,53.39,54.68,47.45,54.63,55.98,45.39,47.39,47.08,45.92,46.83,43.7,48.86,48.28,302.7,16.57,329.77,8610.61,0.0,124.09,733.9,288.4,177.57,945.18,51.75,35.1,0.0,44.4,229.01,35.32,102.63,385.77,88.15,49.24,9396.46,18.43,336.33,419.47,78.72,457.86,100.41,84.45,147.43,209.25,56.25,212.33,28.98,0.0,370.91,552.85,206.43,3.69,72.33,28.16,599.58,129.49,205.18,87.41,135.31,407.35,336.15,138.93,433.21,80.32,813.4,71.63,210.52,1230.03,0.0,80.94,7.97,28.14,83.0,43.38,233.49,11.18,143.53,324.15,30.09,9.11,7.61,41.8,43.88,216.64,446.28,3.32,24.52,455.21,95.12,193.26,475.96,58.87,218.61,121.17,134.61,322.8,94.33,95.7,0.0,3.51
2026-10-04 07:20,28.26,32.93,36.73,37.2,50.3,53.73,52.31,55.05,39.09,52.31,52.46,42.21,56.19,46.53,30.95,45.41,36.73,43.29,47.3,51.54,53.31,54.59,47.34,54.54,55.88,45.31,47.31,47.01,45.86,46.77,43.66,48.81,48.24,255.8,152.46,77.44,8456.74,640.17,236.54,261.75,730.31,243.27,1073.25,74.26,32.56,970.0,112.82,153.51,336.55,116.54,378.73,91.33,62.87,9857.82,35.76,242.82,281.33,118.65,107.51,124.29,107.82,90.89,10.4,66.45,262.84,19.42,632.77,117.86,175.67,153.84,33.9,689.2,141.91,190.51,83.96,16.63,120.55,42.99,345.34,268.31,157.29,652.93,204.1,40.42,319.22,195.48,888.05,489.95,204.96,10.95,53.64,166.68,331.46,55.63,102.84,290.89,239.39,27.9,13.08,72.53,247.64,88.12,42.95,126.25,25.36,233.65,623.64,174.62,68.93,464.73,4.77,174.49,245.57,306.3,64.64,99.59,102.24,0.0,3.49
2026-10-04 07:25,28.27,33.17,36.75,37.22,50.35,53.79,52.32,55.06,39.09,52.3,52.47,42.22,56.24,46.54,30.99,45.46,36.74,43.31,47.36,51.58,53.36,54.64,47.37,54.57,55.89,45.31,47.32,47.02,45.88,46.79,43.67,48.82,48.24,207.01,243.53,55.06,6174.21,443.73,801.78,443.9,170.34,120.55,71.44,252.96,164.0,672.35,126.02,180.31,82.65,7.76,260.78,151.03,103.79,8976.96,24.35,238.94,124.96,94.05,76.45,169.23,178.01,69.75,224.45,81.16,357.86,22.81,446.65,262.34,391.02,36.19,54.16,169.25,217.79,424.07,69.99,218.3,98.31,95.7,153.03,800.1,258.74,517.54,227.98,872.5,295.6,59.65,873.87,345.84,47.81,11.5,181.81,232.77,158.65,153.1,164.27,297.3,251.25,140.57,44.54,17.81,269.15,123.06,111.31,277.11,12.14,57.38,309.02,96.1,116.89,281.35,62.63,520.32,250.98,733.31,226.72,98.62,99.46,0.0,3.47
2026-10-04 07:30,28.19,33.0,36.68,37.03,50.26,53.7,52.15,54.9,39.09,52.13,52.3,42.11,56.13,46.36,30.77,45.3,36.55,43.13,47.27,51.51,53.26,54.53,47.22,54.45,55.72,45.16,47.14,46.86,45.75,46.63,43.61,48.66,48.12,166.94,188.58,326.34,7438.01,638.77,451.26,636.23,85.04,218.33,983.73,252.85,248.59,967.87,43.16,180.0,235.37,106.82,116.26,214.92,100.64,7219.28,56.34,399.88,276.1,104.53,453.1,380.31,172.6,150.18,192.86,72.27,804.24,22.78,624.9,159.77,238.13,169.95,41.94,481.99,173.9,258.26,25.87,493.97,82.52,58.28,320.81,137.15,171.95,575.21,78.08,749.69,203.58,1.17,1462.45,483.86,23.87,5.76,102.33,50.54,86.2,137.54,127.21,217.09,373.0,213.07,44.52,50.73,126.35,26.72,251.75,202.38,6.59,163.41,559.7,0.0,167.54,432.66,141.73,89.19,183.27,471.02,274.32,108.11,106.93,0.0,3.45
2026-10-04 07:35,28.17,32.98,36.66,37.11,50.31,53.75,52.23,54.97,39.1,52.22,52.36,42.16,56.17,46.43,30.87,45.34,36.63,43.21,47.32,51.54,53.3,54.59,47.27,54.5,55.79,45.23,47.21,46.92,45.8,46.68,43.63,48.71,48.16,136.39,229.36,137.86,6985.09,546.61,840.05,455.44,946.99,99.35,823.5,99.58,94.48,828.23,27.06,115.86,264.72,89.42,307.56,210.55,67.26,7180.17,31.94,427.63,169.47,56.11,191.41,239.51,115.36,60.74,213.09,23.82,506.48,14.66,128.27,323.35,481.96,158.85,51.0,542.1,196.29,522.69,44.99,328.84,79.95,117.96,465.56,443.65,193.08,308.75,48.94,828.32,384.0,72.54,1563.92,99.32,265.78,7.48,190.49,174.69,146.21,125.56,154.71,445.28,523.99,80.98,17.54,57.05,70.92,92.35,65.63,409.86,11.19,183.78,254.68,247.52,119.93,237.8,94.35,288.51,375.91,868.64,320.63,104.11,103.4,0.0,3.43
2026-10-04 07:40,28.26,33.15,36.72,37.1,50.23,53.65,52.2,54.94,39.09,52.23,52.39,42.16,56.11,46.43,30.86,45.33,36.63,43.19,47.23,51.5,53.23,54.51,47.25,54.45,55.78,45.23,47.23,46.95,45.81,46.72,43.64,48.75,48.19,154.31,190.54,393.28,6140.49,296.62,556.61,822.77,375.52,184.66,1187.99,138.19,50.16,449.45,94.64,254.03,315.78,129.0,1.37,135.61,60.22,5755.15,35.02,136.02,152.08,61.06,546.03,119.17,103.28,73.79,176.48,54.59,252.0,32.14,956.81,284.5,424.05,250.26,42.37,646.66,170.47,459.89,68.54,207.07,84.18,103.79,311.67,363.22,229.29,335.99,171.2,686.03,324.93,100.16,497.47,740.85,105.39,8.64,126.22,237.16,158.58,138.46,128.53,211.05,177.81,42.99,24.33,68.06,225.18,125.37,292.86,0.0,12.13,219.24,473.38,193.54,216.66,340.19,59.41,236.21,178.17,632.56,291.81,103.8,107.98,0.0,3.41
2026-10-04 07:45,28.13,33.1,36.66,37.02,50.23,53.65,52.15,54.89,39.09,52.13,52.26,42.08,56.1,46.35,30.77,45.28,36.55,43.12,47.24,51.5,53.23,54.48,47.2,54.42,55.71,45.15,47.11,46.83,45.71,46.59,43.59,48.62,48.09,121.05,238.37,447.53,5173.86,485.01,1043.97,84.41,887.85,187.93,1053.84,4.95,127.05,734.9,0.0,312.47,170.65,114.43,292.56,119.93,136.46,5482.89,13.67,313.1,322.68,102.06,621.36,353.51,234.03,162.06,40.32,45.32,747.57,39.54,814.06,245.96,366.61,211.49,53.01,349.47,210.32,397.59,117.78,54.23,83.4,89.73,258.54,1229.26,140.26,561.61,0.0,156.74,355.78,159.59,1145.06,630.32,249.18,5.56,236.73,87.43,408.3,73.97,160.79,256.98,471.24,108.89,0.87,36.78,0.0,46.22,109.79,606.28,31.24,118.48,481.76,228.09,22.23,368.69,15.56,799.42,216.95,889.36,243.63,109.96,108.21,0.0,3.39
2026-10-04 07:50,28.23,33.18,36.72,37.08,50.21,53.62,52.2,54.94,39.09,52.19,52.36,42.17,56.11,46.42,30.82,45.32,36.61,43.18,47.21,51.49,53.21,54.48,47.24,54.43,55.77,45.22,47.2,46.92,45.8,46.69,43.64,48.71,48.17,136.71,41.66,485.42,5680.91,319.07,423.41,215.11,464.51,131.91,966.27,435.93,14.06,483.46,89.39,241.4,302.48,104.92,404.24,48.88,74.98,3736.41,27.17,160.9,218.48,2.88,673.96,299.33,128.59,233.43,193.66,58.47,633.0,30.54,135.97,435.68,649.38,49.31,9.26,619.43,48.29,704.27,22.92,414.58,70.39,158.94,246.89,933.35,123.46,15.86,161.72,752.82,78.46,131.32,588.43,105.28,130.37,9.94,96.01,71.91,153.46,99.02,28.1,249.56,83.86,12.05,76.76,65.19,103.77,38.01,38.91,570.89,11.74,210.0,338.16,190.77,56.65,691.39,118.95,606.98,210.68,541.41,210.3,104.19,109.85,0.0,3.37
2026-10-04 07:55,28.31,33.21,36.75,37.19,50.24,53.64,52.28,55.02,39.08,52.27,52.45,42.22,56.14,46.52,30.98,45.41,36.72,43.27,47.24,51.52,53.25,54.53,47.31,54.48,55.86,45.3,47.3,47.01,45.87,46.78,43.68,48.81,48.24,126.42,312.67,112.25,5532.55,191.58,330.14,413.14,990.98,166.13,1070.39,317.97,76.53,290.28,115.37,144.08,235.97,116.23,208.66,240.76,72.1,3151.13,42.26,166.23,606.0,42.01,155.84,250.36,123.66,236.96,187.76,0.0,529.42,18.23,173.33,0.0,0.0,179.54,69.53,483.22,274.57,0.0,33.26,189.16,77.17,0.0,205.45,524.32,292.47,231.16,208.7,729.89,26.63,104.5,607.92,134.2,278.12,6.83,74.86,311.05,102.91,163.13,210.91,0.0,75.92,65.6,55.99,50.86,72.87,164.43,107.91,631.59,7.87,163.83,425.87,320.68,108.79,219.97,54.27,340.98,0.0,375.81,242.28,99.24,106.39,0.0,3.36
2026-10-04 08:00,28.23,33.19,36.7,36.96,50.19,53.61,52.08,54.81,39.09,52.07,52.23,42.07,56.06,46.29,30.7,45.22,36.49,43.06,47.2,51.46,53.18,54.44,47.14,54.37,55.64,45.11,47.07,46.8,45.7,46.57,43.59,48.6,48.08,105.91,12.82,460.38,4970.35,637.72,96.89,324.05,461.52,123.89,723.77,203.06,102.26,966.27,134.33,186.1,378.0,78.59,0.0,249.24,76.53,2859.59,13.71,431.43,315.82,101.82,639.2,312.98,131.24,97.46,13.75,18.88,661.85,23.55,876.28,292.78,436.39,161.37,2.85,774.07,18.58,473.27,135.39,164.19,75.32,106.81,233.9,332.29,53.73,560.33,243.01,53.46,184.02,164.24,1577.85,678.5,129.53,15.88,21.97,40.9,330.59,162.99,8.65,287.15,416.04,87.64,35.76,81.47,261.31,21.62,154.96,255.15,25.29,262.43,317.6,340.85,85.33,260.69,47.11,216.1,242.42,359.47,290.31,111.16,111.1,0.0,3.34
2026-10-04 08:05,28.19,33.14,36.67,36.74,50.05,53.44,51.85,54.59,39.08,51.85,52.11,41.99,55.87,46.07,30.5,44.99,36.27,42.83,47.07,51.36,53.02,54.26,46.9,54.17,55.42,44.95,46.91,46.67,45.61,46.46,43.54,48.48,47.99,92.27,114.51,326.05,5009.72,481.04,907.69,650.66,1041.18,86.82,1074.57,12.31,35.87,728.88,61.34,227.62,258.85,116.68,357.0,185.26,93.15,2106.14,63.13,162.16,369.37,27.37,452.69,284.0,159.75,191.78,220.13,4.93,600.56,28.8,482.59,173.49,258.59,133.48,25.47,530.07,115.68,280.45,47.57,113.54,80.74,63.29,503.87,813.34,18.26,150.62,110.97,855.7,184.32,152.78,593.05,373.66,292.21,2.24,205.83,222.89,355.08,271.23,77.24,292.09,290.6,30.74,2.17,55.79,279.29,117.83,42.36,507.72,27.17,179.71,222.56,347.87,171.34,470.72,32.58,528.94,246.59,839.12,463.87,118.25,121.95,0.0,3.32
2026-10-04 08:10,28.27,33.21,36.71,37.15,50.28,53.7,52.25,55.0,39.09,52.27,52.42,42.19,56.16,46.49,30.9,45.38,36.68,43.24,47.29,51.53,53.28,54.53,47.29,54.47,55.83,45.28,47.28,46.98,45.83,46.74,43.65,48.76,48.19,103.0,193.27,153.81,5141.73,463.94,1018.66,298.33,622.92,253.78,859.24,200.15,68.25,702.97,34.79,216.98,199.17,93.3,182.07,224.12,101.4,2840.86,15.07,52.27,432.39,91.5,213.56,153.94,173.9,22.86,182.55,52.23,325.53,27.45,0.0,234.1,348.92,161.8,42.98,407.87,177.59,378.42,125.61,275.62,86.74,85.4,270.82,100.98,310.37,503.54,62.94,709.6,5.32,14.48,191.17,0.0,174.83,6.11,230.99,109.02,108.25,108.39,130.37,190.1,332.15,58.5,35.24,42.93,208.7,57.63,162.4,741.1,8.28,138.28,650.58,276.43,78.56,430.91,79.08,65.67,160.49,946.21,405.4,101.41,104.7,0.0,3.31
2026-10-04 08:15,28.27,33.24,36.71,37.05,50.23,53.64,52.17,54.91,39.09,52.16,52.36,42.16,56.1,46.38,30.83,45.3,36.58,43.15,47.23,51.5,53.23,54.48,47.23,54.42,55.73,45.19,47.19,46.91,45.79,46.68,43.64,48.71,48.16,79.15,275.42,277.23,4536.68,387.18,744.33,589.4,659.58,32.44,0.0,164.77,49.55,586.67,168.39,0.0,204.9,0.0,97.34,93.63,98.51,3167.46,15.74,25.92,735.46,57.94,384.9,48.56,168.95,100.65,4.14,62.22,102.68,0.0,181.26,335.73,500.4,266.24,61.25,419.59,256.09,542.7,69.29,254.53,97.32,122.47,374.84,657.65,378.23,318.83,304.63,16.09,345.03,74.45,94.8,140.35,185.11,11.34,168.78,106.75,387.33,193.24,185.78,265.38,462.37,42.47,29.01,44.16,106.12,56.44,253.1,145.13,29.63,142.25,83.16,192.16,155.21,242.56,73.03,427.69,224.03,641.88,168.43,104.68,108.61,0.0,3.29
2026-10-04 08:20,28.14,33.09,36.62,36.77,50.01,53.4,51.89,54.63,39.08,51.87,52.14,42.02,55.86,46.1,30.52,45.02,36.3,42.87,47.01,51.34,52.99,54.22,46.95,54.15,55.45,44.96,46.94,46.7,45.63,46.49,43.55,48.51,48.01,84.89,465.88,182.32,5292.12,241.59,804.26,647.34,652.03,212.9,926.29,367.3,112.63,366.06,172.49,170.96,263.85,100.58,166.76,133.36,33.54,3496.46,26.46,350.22,37.21,73.05,253.14,103.61,57.52,106.09,219.55,61.08,219.11,21.63,143.31,153.4,228.64,208.45,103.6,540.31,403.92,247.97,51.58,152.66,72.25,55.96,418.83,384.67,296.31,401.98,312.04,853.45,298.82,193.33,1280.85,110.96,183.0,1.45,182.37,222.47,106.62,198.26,314.25,434.66,354.43,96.53,64.68,56.86,310.97,117.61,123.57,187.38,8.16,183.18,545.77,354.74,170.46,155.68,43.8,250.16,366.95,846.09,116.82,117.12,123.58,0.0,3.28
2026-10-04 08:25,28.12,33.08,36.59,36.88,50.15,53.57,52.01,54.76,39.07,51.93,52.14,42.01,56.01,46.21,30.64,45.15,36.41,42.99,47.15,51.44,53.14,54.39,47.08,54.31,55.57,45.03,46.98,46.71,45.63,46.48,43.56,48.5,48.0,94.23,374.05,460.38,4772.62,673.7,606.36,289.28,536.49,113.93,562.56,64.42,79.58,1020.8,145.67,326.41,339.13,61.08,304.58,230.23,45.93,4243.3,32.06,293.41,237.91,86.23,639.2,349.28,78.77,26.51,200.12,90.86,738.61,41.3,770.95,161.4,240.56,48.4,83.18,694.48,339.49,260.89,73.45,212.83,77.18,58.88,306.62,174.23,0.0,474.53,263.51,777.91,130.51,134.07,1073.07,596.95,150.57,7.6,137.5,84.36,247.1,135.61,252.31,328.18,409.88,68.2,11.34,73.09,172.42,44.59,268.02,367.91,18.9,235.45,292.07,66.71,76.17,328.06,61.07,113.3,277.06,551.68,303.51,115.74,114.51,0.0,3.26
2026-10-04 08:30,28.2,33.16,36.64,37.03,50.2,53.62,52.13,54.87,39.09,52.13,52.28,42.1,56.07,46.36,30.81,45.27,36.56,43.11,47.21,51.48,53.2,54.45,47.18,54.39,55.71,45.15,47.13,46.83,45.73,46.6,43.61,48.63,48.1,65.76,262.76,105.88,3777.48,675.03,410.14,118.2,1297.26,0.0,691.96,269.86,203.09,1022.81,105.54,167.7,107.02,75.13,316.88,137.35,66.14,4013.63,37.3,200.87,204.47,50.37,147.01,95.47,113.43,124.73,309.05,18.45,201.9,21.22,435.15,153.91,229.41,173.78,58.43,219.15,226.18,248.8,67.31,226.16,79.92,56.15,332.5,514.43,366.74,277.2,190.92,1201.35,221.24,120.68,734.62,336.93,364.08,13.62,93.0,342.66,94.67,196.56,177.25,235.81,81.38,174.07,47.52,23.06,168.24,181.15,283.29,243.93,7.24,74.3,0.0,185.83,31.13,225.26,64.89,334.55,199.07,491.25,187.63,109.36,111.04,0.0,3.24
2026-10-04 08:35,28.08,33.08,36.55,36.91,50.14,53.53,52.03,54.77,39.09,52.0,52.19,42.05,56.0,46.24,30.66,45.18,36.43,43.01,47.14,51.43,53.13,54.33,47.1,54.28,55.59,45.06,47.02,46.76,45.66,46.53,43.58,48.56,48.05,93.79,112.78,384.21,4044.97,717.26,478.26,402.42,611.47,7.45,918.37,211.65,92.5,1086.79,148.5,87.73,141.69,99.72,266.29,197.78,62.71,4915.05,14.08,221.57,545.92,59.25,533.44,266.85,107.55,170.67,0.0,37.6,564.31,11.1,924.54,268.6,400.35,0.0,25.08,290.15,108.81,434.19,78.03,393.76,86.0,97.99,139.36,998.23,183.75,326.06,268.65,0.0,352.4,48.05,810.34,715.87,171.61,10.54,108.45,59.44,435.12,77.95,76.08,23.4,237.81,79.28,37.27,30.54,52.53,31.42,269.13,565.37,33.29,98.37,19.11,369.01,105.97,493.2,112.98,649.17,19.75,421.89,148.14,112.97,115.76,0.0,3.23
2026-10-04 08:40,28.14,33.13,36.58,37.1,50.25,53.67,52.21,54.94,39.09,52.16,52.34,42.14,56.13,46.42,30.88,45.35,36.62,43.19,47.26,51.51,53.25,54.5,47.26,54.45,55.77,45.2,47.2,46.9,45.77,46.66,43.63,48.69,48.14,91.14,327.64,569.86,4032.24,521.81,411.86,623.83,464.9,115.34,1515.81,147.85,231.03,790.65,102.54,29.46,180.72,164.59,182.89,163.17,54.36,4747.25,44.81,117.95,477.88,38.35,791.2,130.34,93.23,300.07,104.32,94.49,275.62,3.73,438.22,140.36,209.2,108.69,72.86,370.07,295.58,226.88,82.69,371.29,76.83,51.2,121.58,743.05,61.33,211.05,185.5,405.52,4.37,229.1,431.36,339.31,130.48,8.63,93.39,151.09,256.7,142.36,221.01,153.28,534.96,198.02,26.03,38.95,241.47,79.87,210.46,339.11,19.64,125.46,295.68,354.39,164.27,0.0,106.53,483.22,129.4,634.51,300.15,105.47,107.04,0.0,3.21
2026-10-04 08:45,28.05,32.99,36.51,36.98,50.17,53.58,52.09,54.83,39.08,52.05,52.29,42.11,56.04,46.31,30.75,45.22,36.51,43.08,47.18,51.46,53.17,54.45,47.14,54.37,55.66,45.12,47.11,46.85,45.74,46.62,43.6,48.65,48.1,76.12,304.22,368.64,5211.06,375.0,798.41,425.96,223.19,70.3,1061.86,258.93,104.73,568.2,55.67,320.49,179.83,115.3,489.18,205.13,60.3,6840.17,62.46,47.64,544.03,51.82,511.82,65.71,103.41,139.42,219.68,84.75,138.97,40.55,715.81,226.37,337.4,143.23,67.65,368.26,272.75,365.92,56.33,148.2,76.01,82.58,488.03,570.38,168.7,285.17,100.71,853.94,242.5,243.67,174.25,554.25,62.64,0.0,181.05,170.89,228.07,230.76,205.21,332.56,506.26,89.77,45.59,38.76,70.19,90.34,246.6,463.66,17.45,124.85,180.23,6.1,112.17,212.92,42.52,370.93,280.75,792.14,290.78,109.84,112.46,0.0,3.19
2026-10-04 08:50,27.93,32.91,36.42,36.62,49.98,53.36,51.75,54.5,39.07,51.68,51.94,41.9,55.8,45.95,30.38,44.9,36.14,42.72,46.99,51.31,52.96,54.17,46.83,54.07,55.31,44.82,46.76,46.52,45.49,46.3,43.48,48.31,47.87,70.88,329.13,268.95,4048.88,649.63,468.95,440.35,1151.47,148.2,699.51,176.34,125.59,984.33,134.64,222.81,368.36,75.96,217.82,139.07,33.9,6508.24,46.77,369.74,137.96,121.72,373.41,347.99,58.14,216.4,211.85,85.8,735.9,28.19,269.62,153.07,228.16,342.46,73.19,754.34,281.12,247.44,0.0,507.42,73.87,55.84,284.9,699.61,56.18,669.8,243.57,823.52,330.61,146.24,1352.21,208.77,323.17,17.11,106.34,271.52,229.0,153.35,222.01,385.01,574.3,107.64,31.05,79.39,227.49,143.54,308.21,665.64,17.52,255.74,379.91,245.98,115.96,166.49,145.59,454.97,325.04,501.32,81.16,124.96,127.1,0.0,3.17
2026-10-04 08:55,27.94,32.9,36.42,36.71,49.98,53.34,51.82,54.56,39.08,51.81,52.05,41.96,55.83,46.04,30.47,44.99,36.24,42.8,46.99,51.33,52.96,54.17,46.9,54.1,55.38,44.9,46.86,46.62,45.58,46.41,43.53,48.42,47.94,74.16,235.56,305.9,4655.52,488.53,671.39,996.92,750.57,71.22,1297.92,366.07,195.09,740.22,65.43,124.57,84.94,140.93,308.72,138.23,108.66,7522.38,45.7,214.98,141.7,68.18,424.72,275.74,186.36,186.44,114.15,61.48,583.11,15.76,515.78,360.51,537.34,24.33,52.38,173.95,224.36,582.76,99.72,359.05,62.28,131.52,581.32,237.06,230.27,375.21,118.37,443.73,148.67,164.85,786.22,399.36,210.65,6.12,152.24,198.48,276.51,244.76,158.9,74.91,236.85,167.21,64.46,18.31,226.05,104.93,85.81,624.89,21.15,58.97,182.58,248.56,262.51,368.53,103.02,154.17,63.24,588.23,195.2,120.44,125.41,0.0,3.15
2026-10-04 09:00,27.97,32.98,36.43,36.86,50.09,53.5,51.97,54.71,39.09,52.0,52.19,42.04,55.94,46.19,30.62,45.1,36.39,42.95,47.1,51.4,53.08,54.31,47.03,54.25,55.54,45.05,47.02,46.76,45.66,46.53,43.57,48.56,48.04,55.92,142.5,186.19,3796.88,315.94,537.51,260.48,642.88,87.46,949.42,255.21,81.95,478.71,147.02,91.22,320.6,103.09,192.01,129.78,73.93,8966.86,32.82,142.59,500.53,28.29,258.51,124.42,126.79,123.9,278.76,22.43,263.11,11.54,580.9,153.51,228.8,51.28,31.69,656.54,146.89,248.14,82.97,430.29,71.39,56.0,306.26,1253.99,223.28,155.67,265.96,1083.63,318.53,108.06,521.48,449.79,180.43,12.46,121.89,196.99,218.56,49.94,96.12,204.45,288.95,70.24,44.94,69.1,297.43,104.14,80.88,292.18,16.72,222.58,224.21,133.39,68.59,579.39,123.46,815.5,172.6,436.68,83.56,113.84,119.6,0.0,3.13
2026-10-04 09:05,27.99,32.95,36.45,36.86,50.08,53.47,51.96,54.7,39.08,51.94,52.16,42.01,55.94,46.18,30.64,45.12,36.39,42.94,47.08,51.4,53.07,54.33,47.03,54.25,55.53,45.03,46.99,46.73,45.63,46.5,43.56,48.52,48.04,60.4,230.56,288.18,4830.66,162.08,142.66,99.25,771.35,105.6,532.38,0.0,64.02,245.58,141.49,247.84,322.12,57.81,208.24,236.23,84.58,7765.82,30.5,164.92,293.52,85.56,400.12,263.44,145.06,193.36,87.89,84.58,557.1,31.36,159.04,306.74,457.19,250.3,51.27,659.65,197.57,495.84,36.68,130.33,60.65,111.9,151.86,937.53,179.92,470.84,255.95,341.65,231.4,246.7,603.14,123.15,216.48,18.8,32.35,187.6,505.88,191.3,155.52,0.0,337.94,54.88,0.0,69.42,153.07,99.18,334.15,168.94,38.7,223.64,270.72,165.28,26.14,120.68,37.4,609.7,0.0,104.49,355.81,115.33,118.99,0.0,3.11
2026-10-04 09:10,27.94,32.98,36.42,37.03,50.23,53.67,52.15,54.9,39.08,52.09,52.3,42.12,56.1,46.35,30.8,45.29,36.56,43.13,47.24,51.5,53.23,54.48,47.21,54.41,55.71,45.16,47.15,46.87,45.75,46.63,43.61,48.65,48.12,61.66,361.96,476.72,3966.81,93.37,446.0,0.0,266.97,214.56,845.56,390.54,103.22,141.48,84.05,308.3,121.78,91.81,354.01,152.39,4.24,7386.53,23.11,155.71,909.51,72.92,661.89,141.96,7.28,6.23,270.96,116.2,300.2,39.01,309.72,402.48,599.9,146.52,80.49,249.38,320.58,650.6,68.37,104.91,103.98,146.83,557.09,628.7,0.0,401.27,152.05,1053.29,193.38,108.27,569.46,239.82,74.93,17.66,101.13,252.57,108.5,147.37,244.16,184.24,575.32,88.47,68.77,26.25,47.71,133.52,181.47,655.03,8.3,84.55,550.03,150.02,0.0,197.39,30.1,408.86,155.54,536.94,243.58,108.19,107.87,0.0,3.1
2026-10-04 09:15,27.96,32.9,36.4,37.02,50.19,53.59,52.13,54.87,39.09,52.13,52.31,42.12,56.06,46.35,30.78,45.25,36.55,43.11,47.19,51.47,53.18,54.45,47.16,54.4,55.7,45.17,47.15,46.87,45.76,46.64,43.62,48.67,48.13,65.39,224.56,234.45,4627.29,371.79,309.16,363.06,934.45,190.27,475.91,147.02,97.5,563.33,8.74,328.05,129.48,51.68,359.62,296.71,89.84,7280.96,16.33,225.61,717.85,78.18,325.52,256.8,154.07,193.12,64.76,48.13,543.06,41.51,667.85,216.47,322.65,57.64,49.94,265.15,194.78,349.93,113.55,282.58,72.12,78.97,81.91,574.07,277.0,430.23,15.81,251.74,121.95,209.88,825.1,517.11,262.26,1.83,70.1,236.7,66.12,94.72,151.47,369.18,408.18,83.57,25.89,27.9,0.0,125.13,102.23,174.8,5.06,89.89,487.77,87.05,95.6,324.36,81.08,373.33,311.66,226.44,324.46,107.89,111.44,0.0,3.08
2026-10-04 09:20,27.86,32.77,36.33,37.02,50.18,53.58,52.13,54.87,39.08,52.1,52.28,42.11,56.06,46.34,30.8,45.27,36.54,43.11,47.19,51.47,53.18,54.45,47.19,54.38,55.7,45.14,47.12,46.84,45.73,46.61,43.61,48.64,48.1,62.92,302.35,242.46,4684.61,796.96,770.52,604.05,1319.95,131.17,1041.69,391.22,98.47,1207.55,89.76,143.97,212.8,113.11,121.98,221.79,101.98,7368.35,47.26,99.47,792.57,56.94,336.63,0.0,174.89,260.69,160.43,15.93,0.0,18.22,356.01,266.49,397.2,213.25,67.24,435.77,263.7,430.77,28.29,326.57,76.46,97.22,446.28,1075.05,249.24,313.31,162.39,623.64,280.09,287.69,363.79,275.65,370.45,10.4,174.72,197.41,127.67,257.7,203.94,248.67,372.86,84.4,68.89,45.86,142.13,104.36,165.78,806.92,9.77,147.74,336.27,59.84,159.06,209.59,93.7,699.13,209.93,734.19,89.08,109.35,112.01,0.0,3.06
2026-10-04 09:25,27.9,32.87,36.37,37.0,50.18,53.58,52.11,54.85,39.09,52.09,52.25,42.09,56.06,46.32,30.77,45.26,36.52,43.09,47.18,51.47,53.18,54.43,47.18,54.37,55.68,45.13,47.11,46.82,45.72,46.59,43.6,48.6,48.09,67.47,387.47,408.39,4673.76,608.38,550.35,226.73,457.74,190.2,319.76,371.55,59.63,921.81,128.4,215.17,186.91,34.72,120.17,284.45,56.5,6314.0,28.84,5.55,600.34,91.86,567.02,261.41,96.9,276.1,142.87,80.46,552.8,27.22,382.22,195.31,291.11,244.27,86.16,382.75,341.16,315.71,105.04,200.03,65.53,71.25,422.99,713.39,123.53,505.53,232.28,555.38,116.06,242.91,20.28,295.95,128.47,12.98,124.8,193.59,229.54,188.4,261.36,199.46,449.07,51.11,65.42,40.28,229.99,102.34,226.26,210.75,17.56,129.76,487.59,82.56,59.7,174.38,57.39,463.94,168.38,546.12,98.62,110.13,111.68,0.0,3.04
2026-10-04 09:30,27.88,32.78,36.33,36.85,50.06,53.44,51.95,54.69,39.08,51.92,52.16,42.02,55.91,46.18,30.62,45.09,36.37,42.94,47.07,51.38,53.04,54.27,47.01,54.22,55.52,45.02,46.98,46.73,45.65,46.51,43.57,48.52,48.03,70.5,224.87,84.86,5413.42,304.59,323.88,243.34,972.33,135.89,1102.3,520.2,81.52,461.52,76.89,144.13,397.65,119.69,172.34,172.46,60.34,5546.05,55.71,28.72,392.38,105.45,117.82,392.68,103.48,231.12,250.32,84.74,830.4,18.24,560.9,152.25,226.93,209.58,50.01,814.31,204.25,246.11,66.0,339.35,80.61,55.54,251.87,652.98,227.15,580.31,139.1,973.06,110.43,114.1,105.04,434.3,272.89,7.21,73.44,93.72,392.99,205.56,151.68,277.18,232.08,69.87,91.6,85.7,182.97,49.55,133.98,0.0,30.07,276.07,348.37,400.1,64.08,207.77,97.37,424.65,234.0,398.7,216.39,115.28,120.89,0.0,3.02
2026-10-04 09:35,27.79,32.74,36.29,36.87,50.1,53.47,51.98,54.71,39.08,51.95,52.16,42.04,55.95,46.19,30.64,45.13,36.39,42.96,47.11,51.41,53.08,54.29,47.05,54.23,55.54,45.03,46.99,46.73,45.65,46.5,43.58,48.52,48.02,53.08,381.66,329.09,5785.28,360.68,536.83,296.84,334.96,55.66,899.94,192.37,225.77,546.51,137.19,15.05,115.59,97.72,148.52,169.72,58.64,5799.95,33.83,384.23,589.34,81.96,456.91,261.34,100.56,309.68,224.74,87.57,552.66,1.9,224.43,312.05,465.11,168.16,84.87,236.7,323.63,504.42,64.54,240.76,77.44,113.84,199.65,1161.8,174.23,451.03,248.19,873.62,0.0,138.78,1405.23,173.78,94.01,17.98,121.73,185.63,309.57,186.8,257.44,274.43,540.95,193.51,33.87,24.91,170.57,98.13,156.35,564.73,23.68,80.25,142.68,162.51,78.17,241.94,69.08,755.54,231.67,504.41,110.92,114.47,118.31,0.0,3.01
2026-10-04 09:40,27.81,32.61,36.28,36.95,50.17,53.57,52.07,54.81,39.08,52.0,52.19,42.06,56.03,46.27,30.71,45.2,36.47,43.06,47.18,51.45,53.16,54.39,47.14,54.32,55.63,45.08,47.03,46.77,45.69,46.54,43.57,48.55,48.04,51.88,252.43,288.39,6841.07,189.93,467.51,591.08,1160.59,181.58,393.08,269.18,183.6,287.79,93.33,157.68,199.56,42.68,75.23,150.33,41.81,5650.51,20.83,345.8,426.65,18.01,400.41,159.93,71.71,113.82,219.51,126.33,338.2,19.95,310.55,156.65,233.48,90.52,56.13,408.67,223.79,253.21,119.39,257.6,97.1,57.14,239.84,362.44,265.59,99.12,168.84,853.29,396.41,196.34,1264.66,240.46,325.72,4.86,106.01,112.61,141.25,190.37,170.27,312.04,397.34,157.37,47.4,43.01,125.57,59.53,181.98,642.14,10.81,138.55,465.48,302.69,155.65,442.16,73.91,235.7,263.43,566.56,0.0,112.9,112.89,0.0,2.99
2026-10-04 09:45,27.84,32.71,36.3,36.94,50.13,53.51,52.05,54.78,39.08,52.03,52.25,42.08,55.99,46.26,30.71,45.18,36.46,43.03,47.13,51.43,53.12,54.37,47.1,54.31,55.61,45.09,47.08,46.81,45.71,46.58,43.58,48.6,48.08,45.19,253.72,18.22,6318.38,401.42,621.2,544.48,268.05,171.16,1084.38,327.35,65.05,608.24,126.72,231.46,28.0,117.75,173.1,135.03,79.85,4404.3,21.65,104.5,406.58,71.28,25.29,125.93,136.94,274.23,243.76,74.79,266.31,29.29,505.6,349.33,520.68,247.21,56.42,57.33,222.39,564.69,67.91,440.44,101.44,127.44,219.71,854.48,97.7,392.24,229.25,947.57,363.12,81.53,382.18,391.48,75.23,5.45,140.86,260.88,293.73,191.27,171.14,358.97,462.33,55.75,57.64,6.03,76.48,137.91,119.08,0.0,22.47,19.44,438.78,167.07,143.38,285.31,126.37,555.69,303.05,582.22,51.36,111.94,116.62,0.0,2.97
2026-10-04 09:50,27.82,32.63,36.29,36.89,50.08,53.47,52.0,54.73,39.09,52.0,52.21,42.04,55.94,46.22,30.67,45.13,36.42,42.98,47.08,51.39,53.07,54.31,47.05,54.25,55.57,45.06,47.04,46.78,45.66,46.54,43.57,48.57,48.04,64.63,254.24,428.42,6849.32,231.94,807.71,219.99,1193.04,98.23,1165.98,493.54,200.63,351.44,131.22,257.58,283.66,126.61,128.1,134.79,130.56,4014.55,16.22,184.09,125.47,80.31,594.82,55.78,223.9,174.62,123.0,86.59,117.96,32.59,103.54,183.14,272.96,74.38,56.54,580.89,227.75,296.04,35.69,428.83,104.64,66.81,430.16,423.18,189.09,441.97,237.38,478.15,122.43,59.55,673.24,80.17,334.83,8.86,183.16,56.06,265.35,87.67,171.5,343.81,365.2,171.96,86.91,61.13,128.09,29.64,267.85,499.45,20.3,196.94,251.81,272.8,57.93,68.5,123.04,275.2,290.25,811.67,300.18,113.86,119.43,0.0,2.95
2026-10-04 09:55,27.73,32.55,36.21,36.75,50.0,53.36,51.85,54.59,39.08,51.85,52.1,41.98,55.85,46.08,30.51,45.0,36.27,42.83,47.0,51.34,52.98,54.17,46.91,54.12,55.42,44.94,46.91,46.67,45.59,46.44,43.53,48.47,47.98,77.31,346.27,438.23,6525.95,566.2,474.17,714.89,1081.62,75.3,945.84,249.26,58.96,857.91,139.23,232.38,290.12,102.7,226.44,226.02,110.18,3370.7,29.83,181.51,590.86,59.28,608.45,115.73,188.96,245.16,214.35,71.87,244.74,29.4,581.99,346.09,515.84,154.15,77.0,594.12,318.96,559.44,0.0,151.83,91.49,126.25,152.22,1018.7,172.28,326.22,251.87,833.25,382.27,162.27,663.83,450.63,303.56,8.97,107.52,89.32,227.6,102.03,233.57,533.75,110.57,50.53,43.89,62.53,116.64,47.22,284.23,85.51,17.41,201.42,193.04,152.26,188.25,195.16,43.56,662.48,450.6,466.08,384.42,119.06,124.79,0.0,2.93
2026-10-04 10:00,27.76,32.55,36.21,36.61,49.97,53.35,51.73,54.47,39.08,51.73,52.0,41.92,55.78,45.94,30.32,44.88,36.13,42.71,46.98,51.31,52.94,54.12,46.81,54.04,55.29,44.84,46.79,46.57,45.53,46.35,43.5,48.38,47.91,85.84,119.59,512.03,6855.69,772.4,309.76,215.72,637.24,152.27,1094.18,336.36,181.55,1170.34,58.93,242.21,395.93,118.81,0.0,134.88,20.37,3918.71,45.99,135.64,596.89,133.74,710.91,250.27,34.94,95.51,96.62,66.67,529.24,30.65,673.7,68.68,102.37,114.53,26.59,810.79,114.72,111.02,72.2,181.01,97.03,25.05,233.75,81.13,237.34,735.98,106.61,375.59,257.16,96.67,496.05,521.64,178.84,12.9,70.24,237.12,415.58,150.89,80.67,468.22,342.62,155.61,59.23,85.33,126.0,125.35,387.39,543.37,31.79,274.88,390.35,189.99,56.8,535.88,51.94,52.76,395.28,494.79,186.57,123.88,126.77,0.0,2.91
2026-10-04 10:05,27.79,32.61,36.24,36.85,50.09,53.48,51.96,54.7,39.08,51.93,52.19,42.05,55.93,46.17,30.6,45.11,36.37,42.94,47.09,51.39,53.06,54.29,47.03,54.23,55.52,45.02,47.0,46.75,45.67,46.53,43.58,48.56,48.05,139.8,131.51,280.32,6845.99,619.16,151.57,629.36,496.92,136.3,1312.22,311.68,80.46,938.15,200.6,214.9,267.03,142.49,251.54,191.56,55.05,3040.42,53.15,146.84,167.37,71.48,389.21,350.91,94.41,98.81,185.51,108.3,742.05,27.19,314.02,41.79,62.28,60.64,29.25,546.83,124.42,67.55,72.83,100.58,93.18,15.24,356.43,266.55,61.51,393.33,362.89,721.12,200.2,73.78,537.04,243.14,139.46,9.05,34.37,84.23,0.0,166.94,88.71,227.12,391.3,68.96,54.88,57.55,252.32,44.53,369.91,531.12,0.0,185.39,349.42,197.63,165.73,510.68,28.86,173.34,191.74,302.54,180.58,113.57,118.57,0.0,2.9
2026-10-04 10:10,27.66,32.35,36.15,36.72,50.05,53.43,51.85,54.6,39.08,51.82,52.14,42.03,55.87,46.06,30.45,44.98,36.25,42.83,47.05,51.36,53.03,54.25,46.9,54.18,55.42,44.94,46.92,46.7,45.64,46.49,43.56,48.51,48.02,157.53,237.28,616.48,8718.15,277.01,510.67,744.09,797.43,197.5,308.32,423.38,141.25,419.73,34.69,71.07,255.72,33.48,133.12,174.72,26.39,2925.49,32.95,213.21,425.13,38.86,855.93,254.3,45.25,44.85,142.67,52.61,537.76,8.99,559.28,318.35,474.5,226.89,52.76,523.66,206.07,514.61,47.15,375.83,95.58,116.14,51.92,695.59,340.81,213.86,62.76,554.58,220.5,37.56,779.65,433.05,223.8,11.11,115.8,232.43,184.52,220.26,160.05,461.44,522.15,121.07,74.55,55.11,206.74,122.87,172.53,242.86,14.12,177.54,506.29,62.48,195.94,599.11,107.83,452.36,389.55,683.37,413.18,116.77,122.37,0.0,2.88
2026-10-04 10:15,27.71,32.53,36.18,36.79,50.06,53.43,51.91,54.66,39.08,51.88,52.13,42.0,55.9,46.12,30.56,45.05,36.32,42.89,47.07,51.38,53.05,54.25,46.98,54.19,55.48,44.97,46.95,46.7,45.62,46.48,43.55,48.5,47.99,162.2,360.59,296.75,6684.88,662.3,1019.94,496.54,950.89,137.57,438.17,466.54,160.45,1003.52,47.66,122.77,119.89,47.58,44.78,187.83,66.1,3530.97,46.51,192.71,3.09,131.23,412.01,120.4,113.35,294.96,80.32,33.89,254.61,15.53,525.63,215.9,321.8,73.43,80.19,245.5,316.22,349.0,94.92,380.06,96.61,78.76,561.01,72.59,275.03,722.17,86.21,312.24,156.85,64.88,704.77,406.99,266.87,10.86,231.28,18.79,442.37,130.22,243.23,302.43,439.22,137.52,82.15,25.84,219.5,9.94,212.81,538.18,33.84,83.23,352.66,92.7,130.75,289.77,109.05,47.21,255.31,977.88,405.72,116.93,120.67,0.0,2.86
2026-10-04 10:20,27.65,32.59,36.15,36.97,50.19,53.62,52.1,54.84,39.08,52.03,52.19,42.04,56.05,46.3,30.76,45.23,36.5,43.07,47.2,51.46,53.19,54.42,47.16,54.37,55.66,45.09,47.04,46.76,45.66,46.53,43.58,48.55,48.04,238.89,270.9,315.96,5279.38,665.3,621.52,435.58,774.65,100.13,424.03,321.93,149.93,1008.07,187.64,160.54,13.58,46.04,173.01,279.06,140.24,4934.14,17.73,298.3,295.92,130.66,438.69,205.89,240.51,52.93,252.4,45.72,435.4,20.31,562.82,203.2,302.87,126.31,60.24,27.81,239.34,328.47,132.99,418.26,108.21,74.13,331.46,929.66,175.84,719.01,339.45,981.14,133.26,131.77,1090.83,435.79,217.41,15.42,140.94,205.49,315.62,173.88,182.73,485.8,325.37,128.5,56.69,2.93,122.66,108.63,194.43,0.37,24.15,9.43,256.68,0.0,114.7,53.56,120.01,604.58,410.12,535.54,65.58,113.5,112.15,0.0,2.84
2026-10-04 10:25,27.56,32.5,36.06,36.45,49.82,53.15,51.58,54.32,39.07,51.51,51.79,41.79,55.63,45.78,30.18,44.71,35.97,42.55,46.81,51.21,52.78,53.96,46.65,53.87,55.14,44.68,46.59,46.37,45.36,46.16,43.42,48.17,47.75,279.78,154.36,341.89,5252.46,507.9,582.6,436.49,993.89,150.88,737.45,285.49,179.49,769.57,115.58,322.79,243.49,80.08,307.07,200.01,34.8,5424.14,34.43,381.94,726.17,28.77,474.69,285.08,59.68,100.94,114.14,72.66,602.85,40.84,590.16,213.91,318.84,374.02,34.33,498.63,155.61,345.78,66.96,295.69,100.58,78.04,333.29,698.91,285.57,158.29,209.08,443.69,178.88,127.5,1394.13,456.96,278.94,9.25,132.18,228.08,335.36,200.17,104.12,454.8,373.63,153.84,50.27,52.48,111.31,120.58,324.06,872.81,25.66,169.05,386.78,240.73,114.94,465.12,84.84,454.52,383.95,717.63,301.11,132.97,137.05,0.0,2.82
2026-10-04 10:30,27.6,32.52,36.08,36.85,50.11,53.5,51.96,54.71,39.08,51.95,52.15,42.03,55.96,46.18,30.6,45.11,36.37,42.94,47.11,51.41,53.09,54.33,47.03,54.26,55.53,45.02,46.98,46.72,45.65,46.5,43.56,48.52,48.02,300.74,290.05,479.66,5618.67,462.89,369.96,581.62,364.85,101.16,812.36,106.35,158.93,701.37,122.5,256.79,206.44,88.21,347.83,162.1,76.45,8416.65,38.53,156.58,146.27,47.65,665.96,163.99,131.11,176.61,150.22,21.07,346.78,32.49,796.11,407.28,607.05,311.93,64.5,422.76,256.99,658.36,85.23,87.33,103.5,148.58,512.66,191.08,0.0,262.19,221.6,583.95,375.33,118.56,572.16,616.42,102.4,7.47,83.9,218.74,341.6,166.48,195.65,199.72,46.23,136.22,18.73,44.49,105.75,115.64,236.54,247.92,26.13,143.32,259.34,64.58,153.16,492.6,25.06,124.27,168.61,363.1,263.39,115.84,117.06,0.0,2.8
2026-10-04 10:35,27.56,32.41,36.02,36.79,50.04,53.41,51.9,54.64,39.08,51.87,52.19,42.04,55.88,46.12,30.53,45.05,36.32,42.88,47.04,51.36,53.02,54.23,46.96,54.17,55.47,44.99,46.97,46.74,45.66,46.53,43.57,48.56,48.05,337.41,201.97,484.4,5968.82,594.3,432.58,664.8,884.25,223.26,1091.94,257.91,106.69,900.49,60.31,199.42,189.43,118.57,330.79,202.66,96.12,10692.79,31.8,4.83,659.33,49.52,672.54,93.76,164.84,140.32,107.58,58.96,198.27,25.23,787.02,159.72,238.06,139.51,44.91,387.93,185.69,258.18,101.64,118.64,101.15,58.27,195.93,476.66,215.49,272.48,109.1,418.2,105.48,64.43,17.62,609.39,248.17,6.38,98.15,184.86,144.8,200.36,136.24,20.12,580.88,91.44,45.41,40.83,132.08,97.73,286.49,395.53,11.08,131.52,572.34,222.0,175.06,425.23,34.04,309.98,16.98,591.74,175.04,114.95,122.44,0.0,2.78
2026-10-04 10:40,27.47,32.45,35.96,36.59,49.93,53.28,51.73,54.47,39.08,51.7,51.96,41.89,55.75,45.93,30.3,44.84,36.12,42.7,46.93,51.28,52.9,54.11,46.78,54.04,55.28,44.82,46.76,46.53,45.49,46.32,43.48,48.34,47.87,482.63,249.83,383.4,4308.56,607.78,475.47,9.59,754.78,172.15,274.87,299.9,167.23,920.91,36.66,135.97,362.41,29.85,243.08,274.29,50.86,10752.82,56.78,291.72,359.49,97.63,532.32,243.91,87.22,338.4,134.52,43.32,515.79,17.2,742.86,197.22,293.96,238.98,55.56,742.15,209.81,318.8,97.02,344.26,119.37,71.95,291.84,518.37,240.69,537.27,66.31,522.93,192.73,197.65,1062.42,575.19,211.83,4.04,108.12,138.52,296.55,67.28,168.52,543.01,543.34,143.33,52.81,78.11,247.84,73.23,53.28,98.26,22.69,251.61,441.32,420.7,2.52,559.48,98.78,337.11,458.42,710.0,263.27,125.98,129.82,0.0,2.76
2026-10-04 10:45,27.5,32.44,35.97,36.75,50.01,53.38,51.85,54.58,39.06,51.75,52.12,41.98,55.84,46.08,30.52,45.0,36.27,42.84,47.02,51.34,52.99,54.22,46.91,54.15,55.42,44.93,46.9,46.68,45.6,46.46,43.53,48.49,47.98,524.92,51.58,344.79,4300.16,313.67,1046.32,529.7,1291.66,248.03,371.33,557.24,163.61,475.28,111.95,86.68,136.79,40.32,116.66,45.17,34.89,12672.43,35.22,0.0,412.46,61.16,478.71,0.0,59.84,164.2,279.15,64.17,0.0,10.97,405.16,207.61,309.44,235.87,11.47,280.11,62.98,335.59,0.0,193.79,88.23,75.74,304.07,681.48,175.09,336.54,202.52,1085.11,272.0,297.21,0.0,313.72,362.51,16.01,237.72,152.17,354.41,217.07,34.79,201.02,263.82,140.23,98.12,29.48,211.59,80.45,352.67,110.42,27.11,94.97,635.83,227.82,139.48,0.0,55.6,443.19,169.7,1040.11,154.02,119.56,124.56,0.0,2.74
2026-10-04 10:50,27.37,32.33,35.86,36.56,49.86,53.19,51.67,54.41,39.06,51.6,52.01,41.93,55.68,45.9,30.32,44.81,36.09,42.65,46.86,51.24,52.82,53.99,46.73,53.94,55.24,44.8,46.76,46.57,45.54,46.37,43.51,48.4,47.92,599.77,153.39,441.17,4438.54,140.84,457.95,551.53,1086.05,145.43,1171.65,355.71,149.74,213.4,51.96,221.33,76.88,127.22,216.76,178.13,85.57,15338.88,65.52,107.83,587.34,119.02,612.52,284.82,146.75,170.04,113.29,114.12,602.31,28.0,574.36,204.15,304.28,160.35,34.11,157.44,138.17,330.0,52.71,344.18,117.11,74.47,396.56,141.7,243.27,654.98,93.99,440.37,113.75,148.14,391.99,444.72,304.8,5.4,104.36,304.34,254.17,206.23,103.47,459.93,259.49,128.34,62.64,16.57,196.4,160.89,244.19,536.74,19.45,53.38,372.81,196.66,145.23,256.07,98.75,92.15,388.28,666.28,13.9,124.32,134.16,0.0,2.72
2026-10-04 10:55,27.49,32.48,35.95,36.87,50.13,53.55,51.99,54.73,39.09,51.96,52.17,42.0,55.97,46.2,30.63,45.1,36.39,42.96,47.14,51.41,53.11,54.34,47.04,54.27,55.55,45.03,47.0,46.74,45.62,46.5,43.55,48.54,48.02,659.86,113.94,373.59,3825.68,633.83,364.63,610.57,557.58,41.87,567.87,27.17,169.07,960.38,76.67,145.88,261.01,61.66,403.67,32.04,98.36,13704.02,54.79,23.64,101.36,43.72,518.69,193.95,168.68,44.95,223.27,68.92,410.15,18.46,520.21,0.0,0.0,176.25,25.34,534.5,103.8,0.0,97.6,251.17,99.81,0.0,316.34,781.06,81.43,240.58,138.7,867.9,197.83,184.3,86.14,402.79,156.49,13.86,82.86,50.52,233.88,222.56,76.86,476.43,88.04,144.91,4.78,56.25,217.56,26.71,151.72,442.6,17.89,181.21,107.34,101.37,160.78,393.82,72.06,507.95,402.21,629.05,369.31,115.41,116.82,0.0,2.7
2026-10-04 11:00,27.36,32.37,35.85,36.89,50.07,53.42,51.99,54.73,39.09,52.0,52.23,42.07,55.94,46.21,30.64,45.13,36.41,42.97,47.07,51.39,53.05,54.28,47.05,54.24,55.56,45.06,47.05,46.79,45.68,46.56,43.58,48.59,48.07,804.83,117.32,373.86,3262.03,594.54,179.73,951.83,1073.98,121.84,1231.7,190.45,69.35,900.86,143.18,178.29,74.92,133.74,295.84,231.96,19.79,15333.55,27.38,75.94,332.33,69.23,519.07,181.33,33.94,303.38,201.31,35.24,383.47,22.56,278.48,319.47,476.17,163.23,26.09,153.43,118.91,516.42,74.28,206.39,110.29,116.54,283.07,380.16,353.62,380.97,259.01,782.55,215.62,79.18,276.05,215.63,301.42,13.38,40.96,86.65,154.9,297.22,79.14,170.27,507.35,59.44,33.54,16.15,91.68,45.81,361.87,305.87,11.85,52.02,312.35,400.34,250.64,489.17,59.22,247.22,143.74,295.81,191.81,112.36,119.37,0.0,2.68
2026-10-04 11:05,27.29,32.3,35.79,36.8,50.1,53.5,51.92,54.66,39.07,51.83,52.11,41.99,55.92,46.12,30.56,45.07,36.32,42.9,47.11,51.39,53.08,54.29,46.99,54.21,55.48,44.96,46.92,46.67,45.61,46.46,43.54,48.49,48.0,999.85,148.9,200.83,3155.36,551.69,505.0,383.75,956.1,35.5,289.02,317.29,154.7,835.93,66.4,181.97,210.86,31.38,235.14,186.9,95.96,17021.84,32.89,205.91,783.28,71.09,278.83,106.88,164.58,26.77,239.47,134.27,226.02,23.03,827.88,305.71,455.66,159.82,33.11,431.81,144.14,494.18,77.15,232.0,116.96,111.52,0.0,593.43,195.48,391.2,120.12,930.89,316.98,249.92,747.52,641.02,268.33,9.34,115.24,230.1,335.96,90.31,100.44,213.2,383.62,132.59,55.87,45.44,138.2,121.64,294.75,721.25,25.7,146.39,90.99,266.7,101.05,350.26,66.56,385.92,179.99,744.18,244.55,118.55,119.43,0.0,2.66
2026-10-04 11:10,27.25,32.3,35.78,36.83,50.08,53.48,51.94,54.67,39.07,51.88,52.15,42.02,55.92,46.16,30.61,45.1,36.36,42.92,47.09,51.39,53.06,54.31,47.01,54.24,55.5,45.0,46.97,46.71,45.63,46.49,43.55,48.51,48.01,1080.45,131.99,147.78,3453.54,802.9,570.4,592.54,320.33,147.47,1026.88,509.87,91.06,1216.56,135.38,234.57,22.58,111.5,335.86,163.85,65.43,15701.65,10.48,233.15,0.0,13.03,205.18,301.55,112.22,170.12,270.71,97.37,637.68,29.68,358.95,266.88,397.78,167.32,29.35,46.25,132.77,431.4,65.75,309.09,117.53,97.36,291.48,678.78,103.76,71.72,244.91,1052.33,197.55,256.86,845.82,277.93,89.9,8.61,130.25,159.19,73.09,227.33,89.03,102.67,308.71,78.05,89.78,4.87,162.95,84.16,253.53,241.66,5.59,15.68,378.06,289.25,156.03,143.94,88.68,441.42,86.68,516.43,255.83,116.74,119.99,0.0,2.64
2026-10-04 11:15,27.22,32.24,35.74,36.81,50.12,53.52,51.93,54.68,39.08,51.91,52.11,42.0,55.95,46.15,30.56,45.07,36.33,42.91,47.13,51.41,53.1,54.33,47.0,54.24,55.5,44.98,46.93,46.68,45.61,46.46,43.54,48.47,47.98,1190.58,218.94,415.88,3799.77,432.38,824.88,721.31,440.47,96.28,639.62,182.65,119.64,655.15,13.23,171.69,43.63,69.45,131.11,130.22,66.59,17572.79,42.41,259.62,407.34,82.2,577.41,147.1,114.2,29.08,130.25,35.11,311.07,21.72,875.58,14.63,21.8,353.45,48.69,89.35,188.81,23.64,63.24,464.39,108.33,5.34,240.9,488.43,125.69,452.34,23.94,506.32,313.48,120.03,941.29,677.96,123.62,9.57,188.47,217.82,474.53,208.27,147.68,396.31,69.19,102.55,32.16,9.4,138.91,115.15,88.94,435.07,36.3,30.29,246.82,122.13,189.94,532.31,133.24,317.64,334.57,785.58,178.38,117.79,118.09,0.0,2.61
2026-10-04 11:20,27.17,32.22,35.71,37.06,50.21,53.62,52.18,54.92,39.06,52.08,52.36,42.15,56.09,46.39,30.85,45.3,36.59,43.16,47.22,51.49,53.21,54.48,47.23,54.41,55.74,45.18,47.19,46.91,45.8,46.69,43.64,48.72,48.17,1496.06,432.1,141.86,3513.75,197.77,511.09,305.54,949.07,58.45,390.33,581.67,98.25,299.66,101.64,180.9,192.9,42.38,171.91,237.03,112.28,18825.24,72.67,26.11,577.9,104.87,196.96,300.71,192.56,133.16,41.54,42.72,635.9,22.89,341.76,249.41,371.74,272.62,96.09,395.02,381.95,403.16,67.04,140.02,112.7,90.98,210.51,514.76,206.54,577.12,183.87,161.46,151.46,137.86,94.6,264.62,266.36,3.4,116.85,270.96,69.54,276.96,291.47,295.2,172.25,84.21,102.42,41.57,121.68,143.25,125.99,758.48,5.32,133.92,149.84,66.54,80.46,427.41,40.17,334.84,249.22,630.02,159.23,105.69,108.87,0.0,2.59
2026-10-04 11:25,27.19,32.25,35.74,36.91,50.1,53.48,52.01,54.75,39.09,52.03,52.21,42.05,55.96,46.23,30.67,45.14,36.43,43.0,47.1,51.41,53.08,54.32,47.05,54.27,55.58,45.06,47.05,46.77,45.67,46.54,43.57,48.57,48.04,1382.45,176.22,184.65,3575.7,412.85,988.74,610.7,726.01,216.92,929.86,460.82,171.98,625.56,0.0,147.89,174.98,100.97,343.0,128.65,100.1,14481.15,59.15,109.54,536.48,66.56,256.37,91.51,171.66,17.83,230.23,18.13,193.51,18.71,656.61,139.02,207.21,104.24,39.19,358.33,152.93,224.72,101.79,56.3,116.65,50.72,515.56,889.11,308.83,366.29,0.0,894.95,181.76,215.96,397.09,508.41,203.76,7.9,225.98,181.49,143.69,163.25,118.87,400.21,351.02,147.41,81.14,37.71,79.58,95.95,168.6,507.72,10.99,121.48,556.08,112.19,160.81,179.93,16.15,578.28,337.87,729.93,395.65,113.83,118.29,0.0,2.57
2026-10-04 11:30,27.18,32.23,35.7,36.83,50.08,53.47,51.95,54.7,39.07,51.85,52.14,42.0,55.92,46.16,30.59,45.08,36.35,42.93,47.09,51.39,53.06,54.28,47.01,54.22,55.51,44.99,46.95,46.7,45.62,46.48,43.54,48.5,48.01,1360.17,191.93,250.23,3698.74,587.46,159.59,466.77,47.6,178.87,1083.05,249.68,77.23,890.13,88.03,142.61,141.68,117.6,222.51,60.87,121.54,16340.72,6.45,317.32,958.52,57.47,347.43,157.84,208.44,54.75,136.75,95.27,333.79,18.04,431.61,161.88,241.28,227.62,42.68,290.13,169.87,261.67,105.76,245.93,102.04,59.05,409.87,481.26,115.96,316.23,159.24,531.57,173.66,147.69,1149.66,334.19,13.36,6.69,36.49,245.34,29.77,155.86,129.46,325.58,368.1,66.19,43.97,30.53,159.95,129.7,229.89,554.19,2.28,98.36,458.54,188.63,122.91,304.25,70.56,313.05,274.86,371.63,147.46,117.52,119.4,0.0,2.55
2026-10-04 11:35,27.2,32.19,35.72,36.9,50.14,53.54,52.0,54.73,39.08,51.97,52.24,42.07,55.98,46.22,30.68,45.15,36.43,42.99,47.15,51.42,53.12,54.34,47.06,54.27,55.57,45.07,47.06,46.8,45.7,46.58,43.59,48.6,48.08,1836.43,159.61,334.35,4297.41,360.76,0.0,595.23,1158.98,61.46,535.91,361.71,157.39,546.63,86.09,267.58,256.87,58.19,341.47,142.5,26.06,15405.7,29.72,218.04,673.49,18.37,464.21,115.98,44.7,190.08,308.4,78.88,245.25,33.86,0.0,0.0,0.0,84.86,35.49,526.03,150.19,0.0,53.04,232.53,123.76,0.0,203.85,411.53,1.2,101.12,155.74,1198.83,181.9,158.23,790.51,0.0,325.27,3.88,0.0,96.95,235.01,206.6,107.67,318.3,362.63,134.9,63.69,55.36,215.0,51.25,28.92,477.65,17.98,178.34,157.55,214.21,156.74,77.36,66.72,267.63,268.72,69.45,283.89,111.8,116.04,0.0,2.52
2026-10-04 11:40,27.07,32.08,35.6,36.88,50.07,53.42,51.99,54.73,39.07,51.95,52.19,42.04,55.94,46.21,30.63,45.13,36.41,42.97,47.08,51.4,53.06,54.29,47.05,54.24,55.56,45.05,47.02,46.76,45.66,46.53,43.58,48.56,48.04,1505.27,0.0,373.48,4115.03,569.61,401.59,186.8,541.92,129.02,1238.64,181.52,182.24,863.07,170.24,88.2,386.89,134.5,281.6,185.43,36.76,18250.79,66.91,11.55,564.29,82.12,518.55,308.18,63.05,344.57,150.62,65.95,651.71,11.16,206.85,216.82,323.16,188.22,0.0,792.28,25.86,350.48,86.18,392.92,109.48,79.09,44.36,672.37,96.99,451.93,307.96,585.51,0.0,262.6,41.77,160.16,152.09,10.14,92.01,245.83,199.57,232.57,0.0,113.0,284.98,156.2,31.96,83.38,0.0,129.96,159.62,438.41,15.27,268.6,330.74,212.36,49.19,435.47,112.74,438.36,95.4,512.51,162.85,113.9,119.59,0.0,2.5
2026-10-04 11:45,27.14,32.29,35.7,36.94,50.19,53.6,52.07,54.82,39.08,52.03,52.22,42.07,56.04,46.27,30.69,45.19,36.47,43.05,47.2,51.46,53.18,54.43,47.13,54.36,55.63,45.09,47.06,46.8,45.7,46.57,43.59,48.58,48.07,1881.43,362.32,504.13,2883.08,31.34,380.75,413.74,318.38,46.52,346.31,117.36,137.73,47.49,40.71,241.15,240.5,37.6,288.75,221.47,40.63,12593.67,34.76,211.69,651.71,17.62,699.94,333.29,69.67,139.78,141.25,57.0,704.81,30.51,384.37,276.13,411.58,312.56,80.57,492.49,316.35,446.36,93.42,254.21,94.75,100.73,195.99,675.22,123.04,96.94,73.65,549.06,273.91,209.98,766.73,297.62,89.35,2.12,87.08,199.19,418.69,59.05,244.4,532.24,518.01,118.05,20.67,51.83,89.37,105.3,77.55,67.09,32.03,166.97,119.24,103.29,108.95,461.49,72.94,439.37,449.33,461.82,0.0,111.66,112.04,0.0,2.48
2026-10-04 11:50,26.94,32.07,35.55,36.69,49.99,53.36,51.82,54.56,39.07,51.74,52.02,41.95,55.83,46.02,30.47,44.97,36.22,42.79,46.99,51.33,52.97,54.18,46.89,54.12,55.38,44.88,46.83,46.59,45.56,46.38,43.51,48.4,47.92,2148.09,112.1,418.42,3676.88,206.79,850.56,277.57,281.81,73.89,190.26,505.13,163.13,313.33,99.62,53.76,100.25,20.66,373.19,104.39,127.0,16684.04,22.22,373.9,473.6,108.67,580.94,241.91,217.81,315.8,131.6,102.05,511.57,6.8,726.56,204.75,305.18,101.58,24.93,205.28,110.11,330.98,78.89,308.62,92.58,74.69,525.59,427.25,114.49,598.02,180.22,511.56,280.33,230.69,1349.15,562.57,79.09,9.24,195.27,224.47,206.23,270.99,75.61,414.43,289.83,139.82,88.95,21.6,105.1,118.67,141.9,374.2,15.78,69.6,189.43,166.58,73.09,117.21,88.55,279.26,349.87,641.82,311.86,122.37,125.3,0.0,2.46
2026-10-04 11:55,26.89,32.03,35.51,36.58,49.94,53.31,51.72,54.47,39.06,51.64,51.99,41.93,55.77,45.92,30.31,44.86,36.11,42.69,46.94,51.3,52.92,54.12,46.8,54.05,55.28,44.81,46.77,46.56,45.54,46.36,43.52,48.38,47.92,1931.73,319.16,583.17,3580.91,105.29,591.71,919.84,447.37,84.72,73.68,429.63,30.71,159.53,136.85,190.98,287.41,8.0,209.03,273.48,55.43,16352.29,28.53,284.4,483.73,124.44,809.66,348.49,95.06,173.03,140.89,92.76,736.94,24.16,124.1,250.96,374.06,193.3,70.98,588.56,286.02,405.67,60.54,344.53,119.31,91.55,414.87,775.03,362.24,684.78,247.56,547.65,38.5,153.87,1025.01,96.09,125.56,17.75,136.0,69.97,238.9,306.86,215.29,339.08,535.61,26.32,75.65,61.94,141.88,36.99,145.59,488.06,18.28,199.54,217.18,156.2,242.22,664.11,98.85,507.17,286.26,661.82,233.63,123.03,129.13,0.0,2.44
2026-10-04 12:00,26.91,32.03,35.51,36.65,49.95,53.31,51.76,54.5,39.08,51.73,52.0,41.92,55.78,45.97,30.42,44.93,36.17,42.74,46.95,51.3,52.92,54.1,46.84,54.04,55.32,44.85,46.81,46.57,45.51,46.35,43.5,48.37,47.9,1717.97,131.24,354.08,4058.0,314.13,1028.58,761.96,0.0,51.88,159.11,456.57,89.94,475.97,121.09,98.22,66.63,17.28,167.86,195.1,48.0,15951.51,38.41,362.93,415.65,47.24,491.61,309.91,82.32,187.45,101.28,29.14,655.37,12.43,399.58,276.83,412.62,274.35,29.18,136.45,128.28,447.49,102.04,237.97,86.97,100.99,429.71,945.9,209.67,259.96,219.06,393.71,166.56,86.14,1308.39,309.39,0.0,2.36,236.35,194.0,52.06,218.97,88.52,338.03,363.24,77.09,80.4,14.36,250.15,102.56,335.09,778.9,3.98,46.26,133.0,278.33,200.65,37.25,68.28,618.8,285.37,987.78,173.6,123.9,128.39,0.0,2.41
2026-10-04 12:05,27.11,32.16,35.62,35.72,49.79,53.14,51.3,54.07,39.08,51.23,51.71,41.74,55.53,45.43,29.62,44.36,35.39,42.2,46.79,51.16,52.73,53.91,46.38,53.79,54.84,44.46,46.4,46.28,45.32,46.1,43.4,48.11,47.71,1340.16,109.24,357.93,3275.93,337.66,759.54,80.46,913.79,131.07,585.08,33.4,136.75,511.63,92.55,1.7,236.16,63.53,105.2,135.94,89.91,14367.51,42.5,168.8,218.59,60.35,496.95,245.93,154.19,133.9,275.85,64.05,520.06,0.22,425.0,207.61,309.44,289.58,24.29,483.61,100.8,335.59,82.15,286.68,95.4,75.74,162.7,252.26,243.89,332.09,167.42,1072.3,191.13,110.57,610.58,329.07,256.46,10.17,173.94,23.73,293.58,73.51,73.69,177.34,314.41,117.21,5.88,50.9,259.24,12.55,283.02,196.49,22.46,163.96,336.01,339.98,21.19,482.2,82.25,164.33,149.71,850.06,246.63,136.83,140.23,43.97,2.4
2026-10-04 12:10,27.02,32.08,35.56,35.47,49.65,52.97,51.03,53.8,39.07,51.0,51.6,41.69,55.34,45.17,29.34,44.11,35.14,41.93,46.66,51.04,52.57,53.69,46.11,53.58,54.57,44.28,46.25,46.15,45.27,46.01,43.37,48.02,47.64,1224.54,150.72,195.67,4108.08,366.17,748.89,357.27,312.13,246.07,996.45,332.32,165.51,554.82,45.61,253.13,208.56,108.2,323.53,213.97,18.74,12824.81,40.11,365.35,399.68,64.92,271.67,301.53,32.14,74.32,22.92,73.83,637.65,32.03,630.29,370.53,552.27,106.09,33.52,427.1,150.54,598.95,103.14,181.3,99.45,135.17,238.52,401.34,150.35,357.28,82.5,89.11,163.95,226.76,1319.18,488.03,87.6,4.93,171.8,311.15,175.49,175.86,101.66,369.85,272.58,141.86,58.52,44.95,273.97,164.49,77.01,0.0,13.43,144.8,630.8,132.45,94.08,483.9,52.02,262.03,312.24,786.54,478.33,142.89,149.05,43.92,2.4
2026-10-04 12:15,27.08,32.1,35.58,35.71,49.78,53.12,51.27,54.03,39.07,51.24,51.78,41.79,55.51,45.43,29.6,44.35,35.38,42.18,46.78,51.15,52.72,53.91,46.35,53.77,54.81,44.47,46.44,46.34,45.39,46.17,43.43,48.19,47.77,997.71,259.16,191.47,3867.08,394.13,784.97,242.51,670.0,138.19,1118.44,309.64,135.41,597.19,133.9,106.08,228.35,121.44,203.55,191.55,115.46,15907.09,30.71,248.24,283.61,43.29,265.84,66.27,198.01,266.54,134.33,86.42,140.15,13.42,162.09,135.87,202.51,81.5,57.63,467.63,227.2,219.63,70.78,365.76,98.52,49.57,375.98,536.53,148.82,238.23,242.23,522.16,111.07,204.03,897.42,125.5,188.04,17.54,179.87,176.91,195.72,125.98,174.81,189.99,204.74,116.06,54.52,49.21,300.23,93.52,72.85,35.42,14.97,158.54,354.25,320.77,63.86,443.73,104.94,349.81,160.39,765.41,255.88,134.41,141.24,43.97,2.39
2026-10-04 12:20,27.02,31.97,35.54,35.39,49.63,52.97,50.96,53.73,39.08,50.95,51.51,41.61,55.31,45.12,29.27,44.05,35.06,41.86,46.63,51.03,52.56,53.69,46.06,53.54,54.51,44.22,46.15,46.07,45.18,45.92,43.33,47.93,47.58,1086.26,206.02,127.65,4966.29,667.46,720.53,519.86,924.12,63.23,777.9,336.11,201.75,1011.34,87.47,274.5,375.43,84.47,88.62,258.16,122.87,13178.22,43.87,274.35,358.95,44.76,177.24,305.39,210.72,223.69,83.85,40.95,645.8,34.73,655.94,153.99,229.52,107.13,45.81,768.81,192.71,248.92,61.76,433.57,103.9,56.18,333.41,465.07,36.75,246.34,158.23,325.93,194.33,295.56,990.43,507.89,259.36,15.92,165.33,180.96,489.52,74.2,138.97,0.0,42.53,172.92,59.18,80.91,183.38,95.67,361.89,81.52,37.45,260.65,162.1,300.19,136.89,679.22,124.4,303.69,0.0,612.93,267.63,146.63,150.87,43.9,2.39
2026-10-04 12:25,27.14,32.12,35.62,35.94,49.87,53.22,51.47,54.24,39.09,51.48,51.93,41.88,55.63,45.63,29.84,44.55,35.61,42.38,46.88,51.22,52.82,53.99,46.54,53.89,55.02,44.64,46.62,46.48,45.5,46.31,43.49,48.34,47.89,760.27,119.76,176.08,4474.73,669.89,856.27,235.39,308.49,115.49,667.29,332.09,102.51,1015.03,83.68,246.16,52.76,72.46,161.04,116.03,26.63,11794.87,39.77,255.77,639.04,42.16,244.48,84.38,45.67,181.47,94.76,75.16,178.45,31.15,876.71,289.69,431.78,165.4,26.63,108.03,114.49,468.27,100.26,175.31,105.02,105.68,205.19,473.82,103.48,231.98,151.37,368.34,182.9,174.32,925.52,678.83,86.58,9.83,196.02,312.75,436.12,128.8,80.78,137.89,316.21,87.86,58.48,11.37,225.47,165.33,173.93,709.77,33.37,36.63,296.07,191.98,61.99,406.64,50.3,308.49,116.41,736.54,212.78,127.91,134.47,44.03,2.39
2026-10-04 12:30,27.11,32.04,35.61,35.89,49.92,53.32,51.43,54.2,39.08,51.36,51.86,41.82,55.66,45.55,29.8,44.52,35.55,42.34,46.93,51.24,52.87,54.03,46.52,53.9,54.96,44.57,46.56,46.42,45.43,46.24,43.45,48.25,47.81,528.39,257.02,337.88,5546.3,274.77,538.18,319.33,775.08,131.37,798.17,360.52,246.39,416.33,57.82,166.25,203.43,86.67,294.21,62.61,30.25,11029.49,20.52,247.69,158.87,67.25,469.12,263.49,51.87,0.0,188.93,98.66,557.21,21.04,449.96,187.17,278.98,276.22,57.16,416.59,242.93,302.56,91.3,14.07,98.11,68.28,336.8,730.78,97.04,370.08,104.61,734.41,239.08,38.11,895.77,348.4,217.53,6.82,123.27,33.61,208.14,88.97,173.37,338.42,570.75,211.19,63.48,43.84,225.62,17.77,39.86,892.16,15.92,141.24,336.77,0.0,84.09,140.75,4.04,476.13,285.7,625.65,280.11,131.49,131.97,44.01,2.39
2026-10-04 12:35,27.17,32.17,35.67,35.72,49.8,53.15,51.27,54.05,39.07,51.18,51.74,41.75,55.55,45.4,29.62,44.39,35.39,42.18,46.8,51.17,52.75,53.93,46.38,53.81,54.81,44.44,46.42,46.29,45.33,46.12,43.41,48.13,47.73,406.14,255.71,295.19,4598.49,602.13,609.35,562.54,493.15,244.16,990.42,125.44,120.42,912.36,90.0,192.48,238.54,107.54,231.57,98.85,18.43,8440.88,40.08,155.33,659.55,51.1,409.85,275.66,31.6,157.34,139.07,66.31,582.94,24.35,300.3,217.2,323.74,111.88,56.86,488.48,214.74,351.11,30.12,307.62,84.91,79.24,527.0,941.92,135.24,281.22,162.81,540.61,41.27,117.94,562.48,232.52,138.4,12.95,139.4,166.54,471.65,203.7,172.49,106.69,562.79,103.21,22.09,51.41,75.67,88.04,113.29,147.24,36.08,165.61,625.92,180.22,148.13,64.54,88.26,612.9,90.07,589.84,256.93,136.85,139.94,43.98,2.39
2026-10-04 12:40,27.17,32.07,35.65,35.51,49.66,52.98,51.1,53.86,39.05,50.93,51.67,41.72,55.38,45.21,29.4,44.19,35.17,42.0,46.65,51.07,52.59,53.73,46.19,53.6,54.62,44.3,46.28,46.22,45.32,46.09,43.4,48.1,47.72,321.69,360.74,162.67,5618.96,288.6,226.21,352.14,1019.79,105.1,401.92,535.87,59.21,437.29,103.03,170.13,184.13,43.64,0.0,154.98,34.57,7442.16,33.39,174.95,490.3,96.17,225.86,242.04,59.28,151.61,260.12,106.44,511.83,21.53,754.16,272.9,406.76,238.9,80.22,377.06,308.56,441.14,49.91,251.7,114.86,99.56,468.39,554.77,328.08,529.22,186.39,1011.16,235.66,133.05,633.4,583.94,286.21,11.9,51.75,209.02,376.23,283.77,243.33,107.14,363.53,50.75,94.36,39.68,89.41,110.5,108.3,495.23,28.78,127.83,269.43,386.05,92.73,471.82,72.22,360.98,90.45,377.37,127.76,140.2,147.9,43.93,2.39
2026-10-04 12:45,27.27,32.13,35.72,35.83,49.79,53.13,51.36,54.14,39.08,51.34,51.84,41.83,55.56,45.53,29.74,44.43,35.5,42.27,46.79,51.17,52.74,53.92,46.42,53.81,54.92,44.55,46.53,46.4,45.43,46.22,43.46,48.24,47.82,363.22,331.41,122.95,6042.64,432.25,132.84,248.02,901.47,117.15,948.75,268.67,143.83,654.95,163.19,262.69,0.0,103.02,389.97,129.25,105.82,6666.31,49.38,333.95,358.0,74.55,170.71,55.65,181.48,238.29,4.12,17.45,117.69,33.24,292.8,178.91,266.67,216.51,73.7,0.0,278.32,289.21,64.26,357.16,108.64,65.27,307.67,177.47,231.12,410.23,295.22,16.01,267.7,124.54,1211.12,226.71,253.0,13.82,30.34,78.89,288.53,191.12,223.55,442.81,78.85,123.27,47.31,0.0,108.36,41.7,111.64,371.89,22.07,0.0,300.32,204.16,65.31,285.17,102.48,115.41,373.83,215.45,491.24,131.51,139.61,44.0,2.39
2026-10-04 12:50,27.16,32.07,35.66,35.62,49.7,53.04,51.17,53.94,39.07,51.14,51.66,41.69,55.44,45.32,29.52,44.25,35.29,42.07,46.7,51.1,52.64,53.81,46.26,53.68,54.71,44.37,46.33,46.22,45.28,46.06,43.39,48.07,47.69,376.98,264.45,352.5,6497.29,0.0,745.65,497.49,327.62,45.99,1114.3,530.47,18.37,0.0,116.97,186.91,335.05,120.99,248.33,140.77,11.47,5542.74,23.76,184.24,270.18,82.25,489.42,359.45,19.68,292.11,174.42,62.41,760.13,23.65,602.59,133.18,198.51,359.06,58.81,686.11,245.13,215.29,134.4,262.36,111.37,48.59,214.94,1150.85,191.39,452.61,211.61,678.03,171.7,191.39,666.88,466.58,91.95,2.23,170.65,236.79,373.54,88.92,178.38,400.76,67.04,15.74,93.41,72.21,180.16,125.18,254.12,309.85,28.58,232.61,117.89,96.87,131.0,227.49,75.28,749.12,338.33,604.36,327.27,140.7,146.09,43.95,2.39
2026-10-04 12:55,27.17,31.87,35.65,35.57,49.68,53.01,51.11,53.88,39.08,51.11,51.64,41.71,55.4,45.26,29.49,44.24,35.24,42.01,46.69,51.08,52.62,53.75,46.23,53.63,54.65,44.34,46.31,46.2,45.29,46.04,43.39,48.05,47.68,391.5,359.24,75.21,8823.68,476.96,466.67,621.01,250.52,89.17,708.3,452.87,110.01,722.7,81.18,300.7,149.08,76.91,326.16,103.88,44.13,5586.44,60.78,318.9,212.71,121.84,104.43,330.76,75.68,144.66,175.78,71.72,699.45,38.05,561.83,73.88,110.12,169.81,79.89,305.29,313.18,119.43,40.48,357.75,106.97,26.95,216.2,255.55,247.16,670.46,146.85,683.31,114.81,130.73,1154.17,435.02,70.31,11.6,106.8,302.4,122.08,203.32,242.32,49.76,382.16,94.29,79.74,32.13,118.21,159.86,195.96,438.48,9.34,103.5,228.58,198.56,163.53,254.66,102.65,166.3,42.01,525.45,362.35,140.13,146.54,43.94,2.39
2026-10-04 13:00,27.29,32.06,35.73,35.63,49.73,53.07,51.17,53.94,39.06,51.12,51.74,41.75,55.44,45.33,29.53,44.24,35.3,42.07,46.74,51.1,52.66,53.84,46.25,53.69,54.72,44.39,46.39,46.28,45.35,46.14,43.41,48.16,47.75,304.97,104.73,205.67,6852.21,749.22,276.0,405.71,997.88,149.01,366.94,481.91,75.14,1135.22,51.91,155.49,131.45,39.84,65.72,152.85,67.95,3948.27,59.55,245.15,732.41,14.42,285.56,82.58,116.53,202.12,89.92,124.39,174.63,19.67,557.5,148.59,221.47,245.79,23.29,269.19,106.74,240.19,59.46,267.52,99.66,54.2,159.79,298.37,204.22,79.34,93.91,349.54,157.44,157.57,889.5,431.67,280.06,13.86,63.01,173.89,445.82,291.68,70.65,549.04,348.31,64.4,84.86,28.33,141.99,91.92,251.71,507.72,34.11,91.26,382.0,318.46,106.83,215.71,76.76,194.04,463.51,311.02,293.12,137.4,144.63,43.96,2.39
2026-10-04 13:05,27.24,31.97,35.72,35.82,49.79,53.14,51.34,54.11,39.07,51.32,51.91,41.85,55.55,45.51,29.72,44.43,35.49,42.25,46.8,51.17,52.74,53.91,46.42,53.81,54.89,44.56,46.57,46.44,45.46,46.29,43.47,48.31,47.86,376.03,201.92,433.53,8368.15,244.78,984.78,137.82,563.52,162.43,1197.79,358.62,25.24,370.89,134.4,145.63,211.4,130.06,168.55,79.92,106.03,4435.52,15.9,13.84,689.14,56.22,601.93,41.88,181.84,209.17,137.41,74.13,88.56,18.43,274.29,197.08,293.75,195.21,44.9,432.91,186.44,318.58,84.16,345.25,89.71,71.9,283.84,776.68,131.98,309.35,243.13,534.13,57.59,146.25,50.17,212.38,158.15,5.43,225.01,340.26,210.33,166.38,136.21,225.85,222.22,21.63,63.15,45.56,252.01,179.88,241.72,261.81,16.09,146.77,416.4,316.14,36.29,120.31,99.06,505.09,190.67,1013.71,311.86,130.54,140.06,44.0,2.39
2026-10-04 13:10,27.18,31.95,35.67,35.51,49.68,53.02,51.08,53.85,39.08,51.09,51.68,41.71,55.38,45.21,29.38,44.16,35.18,41.98,46.69,51.08,52.61,53.73,46.17,53.61,54.61,44.33,46.31,46.22,45.29,46.08,43.39,48.1,47.71,288.87,365.75,475.68,8269.44,161.0,513.7,476.14,310.18,60.06,231.01,434.76,73.59,243.94,90.94,183.75,271.91,25.08,181.93,194.49,64.17,5103.41,30.39,406.3,499.95,101.36,660.45,97.26,110.06,53.85,155.17,52.99,205.66,23.25,347.38,164.66,245.42,150.17,81.34,556.81,319.59,266.17,101.71,252.39,112.51,60.07,181.68,805.24,129.23,557.79,164.5,603.2,169.89,146.02,1471.04,268.97,87.05,3.64,117.53,294.33,323.71,173.5,246.71,407.53,578.77,63.07,76.55,58.6,78.39,155.6,180.67,494.89,24.77,188.77,153.98,156.35,125.38,406.8,72.42,523.92,344.04,459.27,247.29,140.16,147.38,43.93,2.4
2026-10-04 13:15,27.26,32.16,35.73,35.63,49.73,53.05,51.19,53.96,39.08,51.18,51.76,41.76,55.46,45.34,29.52,44.28,35.31,42.1,46.73,51.11,52.68,53.81,46.28,53.69,54.74,44.42,46.42,46.31,45.36,46.15,43.42,48.17,47.75,280.86,250.08,260.17,5923.22,147.08,887.2,347.87,833.74,179.57,541.93,421.43,183.22,222.86,88.72,326.99,313.7,58.84,159.08,274.45,18.19,4339.31,54.15,79.47,485.14,127.85,361.23,94.04,31.19,197.43,239.38,102.45,198.86,41.37,580.27,224.8,335.06,223.91,55.61,642.4,231.73,363.38,30.99,135.3,94.79,82.01,310.5,648.06,218.39,703.56,160.5,930.53,111.43,75.16,288.21,449.3,233.99,8.72,202.66,229.68,269.17,173.33,168.69,236.96,382.91,157.04,74.21,67.61,223.52,121.42,112.07,439.62,20.59,217.79,460.32,6.22,91.6,557.11,38.82,421.45,200.05,1063.33,272.95,136.8,143.81,43.96,2.4
2026-10-04 13:20,27.33,32.28,35.78,35.76,49.78,53.12,51.3,54.06,39.07,51.21,51.75,41.78,55.53,45.42,29.66,44.41,35.42,42.22,46.78,51.16,52.72,53.86,46.41,53.75,54.83,44.46,46.43,46.31,45.35,46.14,43.43,48.15,47.74,355.9,368.09,165.19,5190.51,128.98,1056.78,559.0,410.02,23.04,1220.77,96.18,102.88,195.43,79.89,107.94,243.21,132.55,145.07,144.79,52.34,4111.66,49.71,120.74,737.02,48.5,229.35,49.4,89.76,107.98,141.84,93.36,104.46,13.66,607.88,168.26,250.79,248.27,81.85,498.05,332.63,271.99,38.75,228.07,83.61,61.38,204.15,788.57,136.0,266.92,144.52,551.38,276.67,135.06,438.54,470.68,115.07,17.57,241.02,26.6,360.01,266.0,248.29,40.67,477.59,88.18,16.94,52.42,53.25,14.06,211.25,605.91,27.54,168.85,59.07,176.58,147.2,328.73,65.44,512.83,34.34,1039.17,0.0,135.2,140.87,43.98,2.4
2026-10-04 13:25,27.28,32.2,35.76,35.79,49.78,53.12,51.32,54.09,39.07,51.25,51.82,41.82,55.52,45.48,29.71,44.43,35.46,42.24,46.78,51.15,52.73,53.89,46.41,53.76,54.87,44.51,46.5,46.38,45.42,46.22,43.45,48.23,47.82,357.67,400.73,251.21,6137.3,0.0,231.88,392.8,675.07,159.53,384.3,415.43,25.53,0.0,48.79,250.55,136.18,41.73,223.65,72.56,71.11,4125.8,13.6,284.48,386.28,62.41,348.79,139.68,121.96,157.85,0.0,93.67,295.39,31.7,563.55,374.84,558.7,351.71,89.11,278.87,347.32,605.93,50.47,303.64,82.19,136.74,355.92,656.22,261.65,343.44,88.26,0.0,125.64,115.96,1032.16,436.35,189.46,5.24,52.94,149.1,201.58,171.12,270.31,0.0,323.64,21.88,73.15,29.35,307.3,78.82,317.32,703.94,15.42,94.55,408.96,407.91,103.43,61.55,87.12,426.76,0.0,403.03,190.83,132.69,140.99,43.99,2.4
2026-10-04 13:30,27.26,32.24,35.74,35.75,49.8,53.14,51.31,54.08,39.07,51.24,51.8,41.81,55.55,45.44,29.62,44.4,35.42,42.22,46.82,51.17,52.75,53.93,46.4,53.8,54.85,44.48,46.46,46.35,45.39,46.19,43.44,48.2,47.79,348.71,197.89,409.81,4803.02,492.55,735.61,560.42,599.32,168.32,978.83,265.4,47.31,746.32,48.35,30.34,242.08,106.28,322.84,271.43,59.35,4618.37,28.7,397.84,648.4,54.89,568.98,216.56,101.79,198.04,155.62,70.19,457.96,3.84,327.34,141.57,211.01,311.71,44.01,495.74,186.03,228.84,74.54,93.25,90.45,51.64,135.61,648.02,175.04,302.04,87.47,604.92,167.69,140.26,1442.75,253.46,168.2,12.87,168.02,139.62,74.68,188.67,133.48,241.26,523.24,40.55,46.73,52.17,147.43,73.81,40.61,487.43,5.71,168.07,431.49,193.44,147.57,310.37,26.76,421.42,203.67,678.58,240.42,133.46,139.25,43.98,2.4
2026-10-04 13:35,27.31,32.34,35.77,35.49,49.64,52.96,51.05,53.81,39.08,51.05,51.62,41.68,55.35,45.2,29.38,44.16,35.17,41.95,46.65,51.05,52.57,53.69,46.14,53.55,54.59,44.3,46.28,46.18,45.26,46.03,43.37,48.03,47.65,363.22,300.65,182.68,3423.57,399.29,726.18,551.5,610.6,118.5,802.87,452.4,124.74,605.0,30.0,257.08,360.92,87.18,199.34,123.45,82.05,4064.11,57.82,42.2,227.49,45.59,253.63,319.73,140.71,147.7,281.55,72.93,676.14,32.53,408.63,155.76,232.16,316.54,66.86,739.1,271.94,251.78,36.29,33.52,73.17,56.82,184.09,697.93,257.6,250.87,54.26,1094.47,210.95,112.26,153.2,316.4,171.37,8.8,165.7,162.03,394.72,157.26,202.8,0.0,405.58,106.91,79.66,77.79,223.02,85.66,159.37,527.6,30.2,250.57,303.78,0.0,145.22,580.19,9.62,453.88,0.0,762.16,327.34,142.1,148.93,43.92,2.41
2026-10-04 13:40,27.39,32.4,35.82,35.88,49.91,53.31,51.45,54.22,39.08,51.39,51.87,41.85,55.67,45.58,29.78,44.53,35.55,42.36,46.92,51.25,52.87,54.05,46.55,53.94,54.99,44.58,46.56,46.42,45.46,46.26,43.47,48.27,47.84,347.76,259.06,153.13,3818.01,260.45,425.47,377.45,260.59,87.99,932.21,310.49,29.66,394.63,103.13,320.08,147.2,101.22,19.89,137.16,48.87,4150.58,43.32,289.84,506.02,59.99,212.6,184.9,83.81,2.7,211.07,55.42,391.0,40.5,619.38,249.05,371.21,293.65,57.61,301.43,241.49,402.59,80.81,317.82,66.01,90.85,230.68,116.36,157.16,330.12,186.57,820.48,37.17,217.51,1053.59,479.58,73.14,15.53,96.95,120.42,308.59,191.3,174.75,267.92,309.78,25.42,54.67,31.72,130.27,63.66,101.03,300.04,23.61,102.19,225.56,105.16,99.39,492.76,91.19,75.67,226.18,509.35,185.64,130.4,132.58,44.01,2.41
2026-10-04 13:45,27.37,32.38,35.82,35.56,49.72,53.06,51.13,53.9,39.08,51.12,51.75,41.76,55.43,45.28,29.44,44.2,35.24,42.04,46.73,51.1,52.65,53.78,46.21,53.65,54.68,44.39,46.38,46.29,45.35,46.15,43.42,48.17,47.76,362.72,149.87,281.59,3750.7,342.15,530.31,306.3,842.25,155.76,298.41,77.98,138.06,518.42,79.83,122.32,228.25,32.4,196.01,282.78,12.79,3814.62,57.59,232.64,660.6,100.66,390.97,86.01,21.94,154.25,184.65,48.46,181.89,15.48,459.58,52.27,77.9,167.29,33.33,467.41,146.73,84.49,94.19,127.34,71.36,19.07,311.84,504.1,122.81,553.92,144.41,717.76,120.05,36.94,845.55,355.85,236.38,9.33,120.86,275.51,364.46,156.58,101.09,277.07,538.33,118.33,13.73,49.19,242.06,145.65,95.53,340.69,27.88,158.46,399.3,388.8,80.66,623.08,36.54,327.83,233.9,642.54,274.14,136.82,144.8,43.94,2.41
2026-10-04 13:50,27.42,32.44,35.84,35.84,49.83,53.15,51.35,54.11,39.08,51.37,51.92,41.86,55.57,45.5,29.74,44.47,35.51,42.27,46.84,51.18,52.77,53.91,46.45,53.81,54.89,44.57,46.58,46.46,45.47,46.3,43.48,48.32,47.87,308.56,155.61,396.58,3266.23,106.23,0.0,355.24,730.31,177.39,253.27,388.56,61.8,160.96,37.55,174.54,67.13,27.5,15.82,237.93,121.91,4034.01,27.24,72.0,815.48,103.96,550.62,232.28,209.08,194.52,91.49,38.51,491.21,22.08,579.71,127.08,189.41,165.85,34.61,137.47,149.36,205.42,69.45,257.37,67.13,46.36,353.54,219.14,191.19,572.09,67.92,355.66,236.75,161.76,261.91,448.87,204.96,10.0,0.0,235.28,424.54,282.73,104.97,204.83,592.72,52.97,68.42,14.47,81.99,124.38,195.24,127.22,32.48,46.61,454.75,399.65,93.54,119.58,73.85,142.51,172.92,84.41,268.03,129.69,137.78,44.0,2.42
2026-10-04 13:55,27.38,32.48,35.83,35.92,49.87,53.25,51.45,54.22,39.07,51.38,51.94,41.88,55.64,45.59,29.82,44.53,35.59,42.38,46.88,51.22,52.83,54.05,46.54,53.92,55.0,44.6,46.61,46.48,45.48,46.31,43.49,48.34,47.87,312.23,314.67,388.79,2222.46,158.35,1054.48,827.2,119.92,155.28,1089.02,334.62,150.31,239.93,104.58,181.3,298.65,118.25,120.76,123.38,107.78,4132.59,61.71,225.55,742.8,47.08,539.8,57.59,184.84,103.94,109.66,52.54,121.78,22.94,589.89,8.6,12.82,141.45,69.98,611.59,286.48,13.91,59.58,286.02,65.5,3.14,106.14,998.77,146.06,259.08,189.19,426.29,71.83,88.27,820.0,456.75,33.66,7.36,240.27,0.0,209.93,247.2,212.26,448.09,526.98,128.83,58.92,64.37,173.97,0.0,225.58,218.69,16.06,207.34,398.06,305.9,217.82,79.59,82.07,649.52,378.28,885.66,45.43,128.15,135.35,44.01,2.42
2026-10-04 14:00,27.38,32.45,35.83,35.84,49.81,53.17,51.35,54.12,39.07,51.33,51.9,41.88,55.56,45.52,29.75,44.44,35.51,42.27,46.81,51.17,52.76,53.95,46.43,53.82,54.91,44.57,46.58,46.45,45.49,46.28,43.48,48.3,47.87,292.41,284.74,218.77,2357.94,433.2,399.67,397.42,506.08,140.67,614.44,295.78,114.94,656.38,101.88,206.49,272.79,66.72,273.67,278.5,32.22,4153.52,29.55,66.97,0.0,40.1,303.75,221.21,55.26,117.56,194.53,102.21,467.78,26.13,235.54,239.95,357.65,57.5,63.32,558.63,252.09,387.88,0.0,197.74,58.8,87.54,395.24,730.86,195.49,220.68,184.29,756.18,288.85,166.65,243.48,182.38,142.03,7.52,91.06,227.84,375.29,117.87,192.07,261.74,315.19,98.51,52.08,58.79,131.49,120.45,212.91,397.03,28.71,189.39,360.6,288.21,104.65,92.63,56.74,475.3,220.96,665.92,258.13,129.08,138.93,44.0,2.43
2026-10-04 14:05,27.42,32.48,35.85,35.88,49.87,53.25,51.42,54.18,39.09,51.42,51.89,41.86,55.62,45.58,29.78,44.51,35.56,42.33,46.87,51.21,52.83,54.03,46.51,53.89,54.97,44.59,46.58,46.44,45.47,46.27,43.47,48.28,47.84,324.34,281.4,162.26,2465.63,400.21,261.49,430.89,470.98,112.22,1266.88,385.71,187.84,606.4,119.36,136.07,172.31,137.56,131.9,260.32,3.47,4233.75,50.48,88.44,560.04,32.89,225.28,160.69,5.95,140.05,185.86,34.14,339.82,17.22,721.53,251.78,375.28,321.68,62.58,352.85,262.85,407.0,84.88,318.51,61.15,91.85,352.54,254.98,185.01,181.0,215.92,722.48,23.14,91.26,321.77,558.68,132.18,7.21,59.53,249.16,222.81,158.05,189.81,358.52,347.58,161.0,67.92,37.14,84.43,131.72,9.13,88.08,17.05,119.63,287.67,216.52,113.47,216.84,91.39,165.82,302.67,463.27,78.9,130.19,135.36,44.0,2.43
2026-10-04 14:10,27.41,32.49,35.86,36.04,49.97,53.35,51.6,54.36,39.08,51.51,52.02,41.96,55.76,45.71,29.94,44.68,35.71,42.51,46.98,51.3,52.94,54.14,46.69,54.03,55.12,44.71,46.72,46.57,45.56,46.39,43.53,48.42,47.95,263.5,223.51,262.15,2412.65,347.66,129.54,221.13,767.88,66.74,875.58,278.92,52.54,526.77,110.8,239.73,88.97,95.07,359.2,68.0,25.85,3926.24,39.53,227.12,635.12,56.7,363.97,169.96,44.33,149.43,91.89,46.01,359.42,30.33,173.42,321.85,479.71,152.78,49.7,182.2,200.67,520.26,42.12,309.51,58.73,117.41,436.08,757.65,110.87,312.0,200.43,357.18,141.74,130.48,826.29,134.28,215.51,3.35,29.49,97.52,15.04,115.49,150.77,204.66,566.29,45.03,49.11,19.18,93.77,51.55,141.15,406.01,1.15,61.77,171.08,81.59,58.23,421.5,88.8,492.72,172.78,268.09,21.42,122.94,128.12,44.04,2.43
2026-10-04 14:15,27.46,32.51,35.88,35.81,49.83,53.16,51.34,54.11,39.07,51.31,51.86,41.84,55.58,45.5,29.71,44.46,35.48,42.26,46.84,51.19,52.78,53.94,46.45,53.84,54.89,44.53,46.52,46.4,45.45,46.25,43.48,48.27,47.84,192.62,125.03,359.96,2124.61,383.59,388.19,707.32,931.89,49.14,632.01,270.9,194.36,581.22,70.61,121.91,294.37,68.63,152.27,73.79,81.78,3322.96,19.59,220.26,983.68,59.64,499.78,145.91,140.25,174.06,234.7,20.25,308.56,15.43,399.11,129.04,192.33,250.1,27.8,602.81,119.09,208.59,51.86,380.49,57.13,47.07,127.99,274.83,247.45,328.21,127.73,912.32,41.56,156.18,801.88,309.03,261.54,12.4,88.32,136.69,308.27,203.96,84.34,128.24,352.16,166.58,47.7,63.44,113.36,72.26,117.7,0.0,23.58,204.37,125.97,162.33,186.26,278.13,109.17,178.73,108.26,556.33,217.12,130.68,137.57,43.99,2.44
2026-10-04 14:20,27.48,32.53,35.9,35.88,49.83,53.17,51.4,54.16,39.07,51.34,51.93,41.88,55.59,45.56,29.78,44.5,35.55,42.31,46.83,51.2,52.78,53.94,46.49,53.84,54.95,44.59,46.6,46.46,45.49,46.31,43.49,48.33,47.88,168.96,264.77,433.89,2322.04,708.56,369.14,351.86,575.19,27.38,544.18,149.19,131.36,1073.61,80.85,124.38,286.24,59.09,185.29,113.21,24.01,3384.1,35.0,39.96,298.5,30.9,602.42,154.88,41.19,125.85,33.88,42.8,327.52,15.74,95.6,335.2,499.62,164.86,58.88,586.17,249.11,541.84,82.29,228.13,60.26,122.28,77.6,582.03,63.69,170.06,146.26,131.69,258.6,246.09,145.54,74.03,161.43,5.26,83.93,245.68,318.21,243.58,178.6,117.36,107.43,112.59,26.27,61.69,167.96,129.88,14.5,351.74,24.35,198.73,70.19,140.9,92.65,225.21,65.46,378.51,99.08,514.65,166.12,128.53,137.34,44.0,2.44
2026-10-04 14:25,27.38,32.5,35.85,35.56,49.68,52.99,51.11,53.88,39.06,51.02,51.65,41.7,55.4,45.25,29.45,44.22,35.22,42.02,46.69,51.09,52.61,53.76,46.22,53.64,54.65,44.32,46.29,46.21,45.28,46.05,43.39,48.06,47.68,185.37,338.01,367.64,2013.01,98.26,842.91,706.12,460.56,59.26,23.08,387.86,129.28,148.89,78.48,110.95,81.37,2.51,208.13,216.47,50.27,3915.04,44.44,92.49,377.21,91.91,510.43,254.02,86.21,198.84,262.26,103.69,537.17,14.04,155.61,401.58,598.56,87.91,75.17,166.63,297.09,649.15,87.93,441.14,60.71,146.5,309.33,870.15,154.28,505.78,141.97,1019.48,106.05,146.43,336.28,120.48,129.26,3.25,192.04,133.92,204.22,267.78,228.0,280.18,245.33,110.81,68.3,17.54,92.25,70.8,217.55,797.65,15.62,56.49,151.91,5.08,185.94,265.98,126.57,565.88,236.53,906.0,346.73,140.71,147.03,43.93,2.45
2026-10-04 14:30,27.41,32.47,35.85,35.64,49.78,53.15,51.2,53.96,39.08,51.17,51.7,41.73,55.48,45.32,29.54,44.3,35.31,42.1,46.78,51.13,52.71,53.87,46.3,53.73,54.73,44.4,46.37,46.26,45.31,46.09,43.39,48.11,47.71,113.23,117.49,211.47,2361.27,434.36,512.75,333.35,691.87,161.97,1087.65,413.69,203.81,658.14,142.71,192.07,169.18,118.1,275.5,222.26,75.89,3812.05,59.37,298.4,413.15,62.13,293.62,187.24,130.15,42.33,206.07,62.33,395.95,24.3,64.23,0.0,0.0,94.8,26.13,346.44,130.14,0.0,89.5,305.68,52.64,0.0,233.45,821.59,195.54,341.89,258.17,801.03,319.38,155.35,1085.23,49.73,194.17,12.37,116.78,122.22,307.77,158.36,79.25,298.32,628.38,174.68,72.84,36.46,152.63,64.61,213.19,0.0,23.55,117.45,415.21,385.41,87.78,181.15,87.71,534.3,251.84,589.55,162.02,138.31,142.07,43.95,2.45
2026-10-04 14:35,27.44,32.5,35.87,35.77,49.83,53.18,51.33,54.1,39.07,51.27,51.86,41.86,55.57,45.46,29.65,44.39,35.43,42.24,46.84,51.18,52.77,53.97,46.42,53.84,54.87,44.52,46.51,46.4,45.45,46.25,43.47,48.26,47.84,94.99,390.47,187.21,2431.04,373.11,344.35,384.73,506.38,115.2,899.38,212.14,8.45,565.34,56.82,151.85,256.6,97.66,279.52,177.39,56.5,3938.72,48.98,213.73,763.13,22.46,259.92,148.5,96.91,199.48,154.33,77.04,314.02,19.21,319.15,210.26,313.4,195.29,86.83,525.48,327.92,339.89,35.99,197.46,44.83,76.7,270.74,701.5,161.27,123.58,102.78,599.92,108.87,128.97,777.84,247.11,142.12,7.63,78.37,206.22,195.7,216.95,263.39,418.75,701.82,7.24,37.35,55.3,45.38,109.02,0.0,207.07,14.97,178.15,295.31,371.13,101.31,536.52,56.65,456.2,353.51,440.79,58.31,130.72,138.31,43.97,2.46
2026-10-04 14:40,27.38,32.46,35.84,35.92,49.89,53.24,51.46,54.23,39.08,51.44,51.91,41.86,55.66,45.6,29.81,44.55,35.59,42.38,46.91,51.24,52.84,54.04,46.55,53.92,55.01,44.61,46.6,46.46,45.46,46.29,43.47,48.31,47.86,71.26,153.49,536.32,2189.02,644.47,1073.69,275.96,602.23,80.52,948.4,291.67,98.77,976.51,118.06,45.12,269.06,102.98,268.82,247.81,27.43,3748.34,66.89,306.19,580.19,99.07,744.63,151.8,47.05,239.6,200.29,72.04,321.02,5.71,309.53,257.97,384.5,169.83,34.13,550.98,147.52,416.99,60.2,300.44,44.91,94.11,68.02,692.31,112.09,545.18,213.57,778.59,57.81,201.34,1112.94,239.66,169.02,4.62,244.68,190.02,239.67,181.6,103.54,191.8,399.31,84.66,51.36,57.99,137.76,100.46,283.42,654.29,18.34,186.8,206.43,227.47,72.67,224.08,86.2,450.23,161.92,790.34,169.43,129.2,133.65,44.0,2.46
2026-10-04 14:45,27.45,32.51,35.88,36.01,49.91,53.27,51.53,54.3,39.09,51.52,52.02,41.93,55.68,45.68,29.91,44.61,35.68,42.45,46.92,51.25,52.87,54.03,46.6,53.95,55.08,44.69,46.71,46.56,45.54,46.39,43.51,48.41,47.94,72.2,209.91,295.42,2689.7,354.63,807.49,484.43,339.68,110.61,764.52,447.32,73.07,537.34,28.24,127.0,132.1,83.01,234.39,272.05,73.53,4294.33,41.84,129.74,982.23,81.05,410.17,191.03,126.1,205.55,18.99,15.65,403.96,16.07,323.05,245.73,366.26,0.0,46.68,270.51,196.47,397.22,65.46,132.57,44.25,89.64,141.6,635.96,207.43,446.01,51.09,73.83,101.75,233.8,472.24,250.13,95.33,5.97,183.77,88.94,309.52,192.48,141.59,183.64,450.92,62.63,78.77,28.47,69.46,47.02,123.57,525.66,23.68,91.71,283.56,262.75,127.56,226.48,38.04,413.58,155.03,867.05,307.7,124.55,132.27,44.02,2.46
2026-10-04 14:50,27.51,32.57,35.92,36.15,50.02,53.42,51.69,54.46,39.08,51.61,52.13,42.01,55.82,45.82,30.06,44.76,35.81,42.6,47.03,51.33,53.0,54.23,46.76,54.12,55.23,44.79,46.82,46.66,45.63,46.49,43.56,48.52,48.02,72.71,46.96,250.21,2362.43,199.9,248.07,556.6,338.3,98.51,832.84,317.08,64.46,302.89,70.82,117.92,199.93,90.43,210.85,141.64,45.12,4615.43,19.04,164.53,49.88,35.78,347.4,153.55,77.39,330.78,125.87,89.13,324.7,14.92,255.77,100.71,150.11,199.82,10.44,409.41,46.95,162.8,12.83,258.84,39.79,36.74,242.59,725.49,83.16,196.88,128.11,489.27,191.94,168.92,599.59,198.04,94.94,15.39,56.37,256.41,48.89,161.91,31.68,259.47,467.06,55.25,55.83,43.09,9.62,135.55,92.04,107.74,3.74,138.8,252.55,247.75,146.57,346.31,74.27,471.8,219.05,272.33,150.86,118.91,124.76,44.05,2.47
2026-10-04 14:55,27.42,32.49,35.87,35.62,49.71,53.05,51.15,53.92,39.08,51.12,51.72,41.74,55.43,45.3,29.52,44.25,35.29,42.06,46.71,51.1,52.66,53.79,46.25,53.67,54.69,44.39,46.37,46.26,45.33,46.11,43.41,48.13,47.73,74.47,271.03,211.99,2536.41,304.27,790.82,453.26,649.04,70.92,399.06,393.92,87.48,461.03,114.2,169.14,267.0,43.33,288.49,141.99,23.95,4465.44,40.28,278.27,818.71,65.03,294.34,314.82,41.08,294.53,0.0,75.38,665.75,21.4,316.14,116.85,174.16,115.12,60.27,546.77,257.76,188.88,82.41,337.01,38.03,42.63,272.64,569.48,45.76,357.88,206.59,0.0,109.3,195.14,1012.3,244.78,182.16,6.24,180.06,235.73,280.09,120.81,182.82,353.28,264.02,74.98,69.36,57.54,249.48,124.62,165.32,337.71,21.43,185.37,181.81,174.58,119.36,65.62,96.69,370.34,298.25,679.6,304.07,137.89,144.93,43.93,2.47
2026-10-04 15:00,27.46,32.54,35.9,36.03,49.94,53.29,51.55,54.31,39.08,51.54,52.04,41.94,55.71,45.71,29.93,44.65,35.7,42.47,46.95,51.27,52.89,54.08,46.64,53.98,55.1,44.71,46.72,46.58,45.56,46.41,43.52,48.43,47.96,60.27,325.17,505.46,2472.58,426.28,0.0,555.08,244.53,160.99,469.32,536.34,115.96,645.9,64.26,66.37,68.63,50.96,356.33,268.4,55.02,3687.21,48.14,266.4,349.18,39.06,701.79,157.11,94.36,99.99,190.87,33.38,332.23,8.4,375.44,172.06,256.46,265.51,72.31,140.55,277.35,278.14,83.73,161.18,35.12,62.77,234.3,977.85,177.05,214.92,116.25,741.97,140.29,0.0,969.93,290.7,68.63,3.83,0.0,192.59,298.94,196.66,219.34,136.03,432.78,99.39,94.44,14.79,48.94,101.81,0.0,787.91,22.87,47.65,412.71,101.13,146.17,291.5,46.25,635.92,114.83,78.38,214.14,123.47,130.55,44.03,2.48
2026-10-04 15:05,27.53,32.55,35.94,36.04,49.93,53.28,51.56,54.32,39.07,51.51,52.05,41.96,55.72,45.72,29.95,44.64,35.71,42.49,46.94,51.27,52.9,54.1,46.63,54.0,55.11,44.72,46.75,46.59,45.58,46.42,43.53,48.45,47.96,74.22,33.39,509.18,2973.7,184.18,702.97,370.21,667.57,82.78,934.71,117.27,82.4,279.07,113.96,17.5,118.97,101.49,72.97,253.34,24.63,3920.73,24.56,92.03,455.3,56.77,706.96,46.92,42.23,322.46,141.05,62.43,99.21,2.21,287.01,152.41,227.16,118.4,7.43,243.63,41.19,246.36,87.22,54.34,32.76,55.6,276.0,297.19,139.63,312.41,206.16,548.3,238.05,199.81,335.57,222.23,187.36,6.71,159.64,296.23,76.33,204.78,22.52,336.88,298.06,70.63,20.65,25.64,153.63,156.6,124.23,417.29,5.84,82.6,212.22,213.29,97.49,189.04,15.59,193.27,284.4,770.73,166.51,122.44,129.61,44.03,2.48
2026-10-04 15:10,27.53,32.57,35.94,36.17,50.06,53.46,51.72,54.49,39.08,51.67,52.1,41.99,55.86,45.84,30.08,44.79,35.84,42.63,47.07,51.36,53.04,54.28,46.78,54.16,55.26,44.81,46.82,46.64,45.61,46.46,43.54,48.49,47.99,69.99,169.05,8.78,2420.76,367.84,713.81,422.29,661.23,97.39,845.56,198.0,59.89,557.35,96.72,154.84,164.62,91.81,281.82,117.38,61.11,3794.79,9.87,153.84,412.97,55.97,12.18,0.0,104.8,240.13,140.4,89.0,0.0,19.59,513.66,278.37,414.91,89.98,37.59,337.11,158.52,449.98,63.51,64.23,33.85,101.55,247.65,589.2,205.03,307.99,174.97,545.77,128.4,190.03,560.97,397.72,185.58,3.47,162.1,172.23,0.0,60.27,114.03,136.04,680.8,51.33,34.87,35.48,13.89,91.05,242.36,586.16,0.0,114.29,249.67,96.61,111.2,465.77,18.43,383.17,114.85,677.01,281.82,120.08,121.64,44.06,2.49
2026-10-04 15:15,27.54,32.59,35.95,36.13,49.97,53.33,51.62,54.39,39.08,51.62,52.16,42.02,55.76,45.8,30.06,44.72,35.8,42.55,46.97,51.3,52.94,54.14,46.7,54.04,55.18,44.8,46.85,46.69,45.67,46.52,43.57,48.55,48.04,65.64,44.66,92.28,2470.41,182.04,507.78,439.69,521.48,131.62,325.53,281.7,56.97,275.83,135.05,215.95,21.68,35.35,206.7,264.18,27.83,4046.49,17.61,162.99,648.77,104.45,128.13,112.56,47.73,285.89,190.85,84.91,238.02,27.32,525.0,198.66,296.11,194.28,9.93,44.4,57.63,321.14,44.66,178.22,34.15,72.47,358.52,200.31,238.22,574.8,244.31,741.89,64.64,157.07,594.4,406.5,146.36,4.66,115.3,164.81,95.44,131.66,30.12,163.97,373.96,48.83,49.6,4.67,222.38,87.13,127.89,329.2,7.3,15.05,337.4,301.17,115.78,103.06,51.14,130.27,138.43,548.07,247.26,117.79,127.47,44.05,2.49
2026-10-04 15:20,27.5,32.54,35.92,35.94,49.91,53.29,51.47,54.24,39.08,51.43,51.91,41.9,55.66,45.62,29.85,44.55,35.61,42.39,46.92,51.24,52.86,54.05,46.55,53.92,55.02,44.62,46.62,46.47,45.5,46.29,43.49,48.3,47.87,62.86,382.49,41.34,2400.5,351.9,325.19,339.58,892.06,121.86,1083.77,370.57,35.64,533.2,98.73,77.66,116.78,117.68,208.29,234.25,8.27,4709.61,31.34,227.38,681.22,94.22,57.39,152.48,14.18,144.18,157.32,17.69,322.44,9.83,318.39,208.56,310.85,239.95,85.06,239.15,347.38,337.12,69.5,91.31,30.81,76.08,60.93,445.78,54.9,518.49,178.61,611.56,130.03,92.63,828.45,246.52,250.36,8.97,73.91,102.34,23.41,178.35,258.0,364.8,421.91,30.55,65.25,25.17,137.85,54.1,65.18,344.81,1.79,81.08,312.4,242.46,89.42,324.36,26.2,289.9,307.97,398.97,348.29,127.22,132.13,44.0,2.5
2026-10-04 15:25,27.55,32.61,35.97,36.15,50.0,53.36,51.67,54.44,39.07,51.61,52.07,41.96,55.8,45.81,30.07,44.75,35.82,42.6,47.0,51.32,52.97,54.19,46.74,54.09,55.22,44.77,46.78,46.61,45.58,46.43,43.54,48.45,47.97,64.06,350.79,444.62,2260.81,265.99,282.39,90.99,732.82,112.47,231.37,292.46,94.34,403.02,116.74,154.22,154.92,25.12,207.42,216.47,64.81,4078.98,26.89,222.42,192.74,54.06,617.31,54.95,111.14,133.07,244.73,73.68,116.21,19.51,291.61,136.82,203.92,163.41,78.01,317.25,310.34,221.16,72.41,0.0,28.6,49.91,286.41,519.11,98.93,297.51,211.18,951.33,77.91,80.52,811.4,225.79,205.67,7.07,64.1,233.45,199.33,165.57,236.62,222.82,585.02,80.86,51.5,33.39,136.72,123.41,199.44,228.9,15.25,107.56,288.33,0.0,23.96,118.77,0.0,337.59,188.11,391.42,150.92,121.52,125.71,44.05,2.5
2026-10-04 15:30,27.55,32.6,35.96,35.78,49.81,53.16,51.34,54.11,39.08,51.31,51.86,41.84,55.56,45.48,29.68,44.39,35.45,42.25,46.81,51.17,52.76,53.91,46.4,53.8,54.89,44.53,46.54,46.41,45.44,46.24,43.46,48.26,47.83,58.57,331.67,381.34,2155.44,529.73,618.79,239.7,541.92,192.01,326.55,326.41,69.34,802.65,95.01,186.12,249.9,35.46,218.27,238.51,65.86,3281.29,28.51,3.53,714.04,50.51,529.46,38.47,112.95,159.92,157.66,44.41,81.36,23.55,191.84,176.23,262.66,96.83,73.76,511.75,293.25,284.87,30.74,248.24,28.26,64.29,337.44,233.94,124.47,277.94,171.87,612.88,152.92,192.5,12.89,148.54,152.09,5.83,140.46,203.15,356.26,149.39,223.73,312.55,577.61,59.44,57.48,53.86,226.87,107.39,168.54,630.69,27.26,173.5,492.23,149.16,63.12,496.3,71.22,152.14,263.86,686.69,371.75,131.2,138.69,43.96,2.51
2026-10-04 15:35,27.56,32.65,35.98,36.22,50.02,53.4,51.72,54.48,39.08,51.7,52.12,42.02,55.83,45.88,30.14,44.81,35.88,42.65,47.03,51.34,52.99,54.21,46.79,54.12,55.27,44.83,46.86,46.67,45.64,46.48,43.56,48.51,48.01,60.4,323.8,159.68,2044.85,136.14,396.69,652.08,95.28,124.8,621.44,146.76,103.1,206.28,57.21,149.4,31.03,67.48,102.35,179.68,48.68,3087.24,39.34,233.3,622.59,112.46,221.7,198.61,83.49,231.66,129.72,114.01,419.99,18.9,453.53,368.52,549.28,143.32,72.01,63.55,293.89,595.71,98.6,118.51,26.63,134.44,214.65,357.23,98.43,618.87,103.49,504.24,163.72,113.84,851.28,351.16,26.74,7.67,90.03,106.72,185.79,248.52,218.42,283.72,377.85,88.37,25.84,6.69,5.91,56.42,150.32,355.55,14.21,21.54,319.93,208.26,171.71,0.0,34.0,232.31,239.52,403.27,222.86,117.71,123.82,44.06,2.52
2026-10-04 15:40,27.6,32.64,35.99,35.97,49.94,53.32,51.52,54.28,39.06,51.4,51.96,41.93,55.7,45.64,29.88,44.6,35.64,42.43,46.94,51.27,52.9,54.08,46.6,53.97,55.05,44.64,46.63,46.5,45.54,46.34,43.51,48.36,47.9,63.05,167.57,124.16,2180.33,623.32,512.88,463.89,281.59,151.81,1218.57,124.84,138.21,944.45,11.84,0.0,275.72,132.32,17.91,169.12,70.75,2948.81,21.17,130.55,0.0,39.34,172.39,119.19,121.34,120.83,139.98,82.66,252.06,0.0,784.87,125.88,187.63,219.14,37.26,564.63,158.59,203.49,59.15,244.11,26.68,45.92,345.98,160.53,233.34,216.51,21.42,544.13,139.66,213.88,476.8,607.72,79.03,8.33,116.33,223.64,178.77,99.86,113.03,111.38,467.67,118.46,21.98,59.42,59.63,118.23,52.36,443.4,13.68,191.42,389.18,0.0,122.15,237.75,70.04,104.39,94.03,486.82,120.57,125.68,130.42,44.0,2.52
2026-10-04 15:45,27.64,32.69,36.03,36.23,50.05,53.43,51.74,54.5,39.08,51.69,52.18,42.05,55.85,45.9,30.14,44.8,35.89,42.67,47.06,51.35,53.02,54.21,46.81,54.13,55.29,44.86,46.9,46.72,45.68,46.54,43.58,48.56,48.06,63.05,332.0,259.09,1864.93,275.79,0.0,329.17,651.21,111.89,525.08,270.71,43.46,417.88,62.59,36.78,220.25,57.02,282.78,204.66,0.0,2465.05,8.87,89.93,605.93,82.33,359.73,113.7,0.0,151.59,147.75,19.78,240.44,4.65,106.32,226.66,337.84,37.39,73.83,451.04,300.0,366.39,11.55,118.88,22.08,82.69,172.42,124.31,254.84,453.07,113.22,574.35,243.61,99.47,328.73,82.32,182.76,12.8,0.0,62.79,250.32,173.98,223.95,255.0,168.87,37.25,47.67,47.47,39.45,33.19,295.87,204.33,19.15,152.91,286.82,226.38,86.68,198.7,34.11,80.84,215.28,273.21,147.81,114.9,121.98,44.06,2.53
2026-10-04 15:50,27.58,32.67,36.0,35.89,49.89,53.25,51.43,54.2,39.07,51.34,51.91,41.87,55.64,45.56,29.78,44.52,35.55,42.35,46.9,51.23,52.85,54.02,46.52,53.9,54.97,44.59,46.59,46.46,45.48,46.29,43.48,48.31,47.86,72.01,269.84,263.56,1697.89,196.88,520.25,214.8,427.46,120.7,415.65,513.59,149.27,298.31,32.85,135.17,94.11,45.13,265.25,164.16,29.61,2274.3,34.38,255.29,604.77,53.11,365.94,152.5,50.78,165.22,172.02,85.25,322.5,17.1,200.96,375.15,559.17,92.86,60.01,192.71,241.86,606.43,97.41,168.17,22.79,136.86,87.89,380.24,120.97,292.27,59.42,668.7,191.03,152.11,931.98,155.6,119.97,6.23,118.03,145.48,287.42,117.84,182.01,261.23,407.26,127.94,90.44,20.28,147.25,76.91,116.32,295.66,21.99,65.33,309.41,96.52,56.56,423.94,48.25,247.28,220.53,522.93,239.89,129.11,133.2,43.98,2.54
2026-10-04 15:55,27.56,32.66,36.0,36.05,49.92,53.28,51.56,54.33,39.08,51.51,52.04,41.96,55.71,45.72,29.95,44.64,35.72,42.49,46.92,51.26,52.89,54.08,46.64,54.0,55.11,44.72,46.73,46.58,45.58,46.41,43.53,48.44,47.96,65.95,281.62,291.32,1692.97,283.33,582.63,552.83,629.17,134.04,554.04,235.95,127.21,429.3,87.12,167.06,37.92,60.16,81.76,146.61,18.1,1884.91,42.92,237.66,900.69,20.16,404.48,259.6,31.04,189.74,86.75,69.82,548.98,21.14,399.35,245.06,365.26,127.27,62.63,77.66,252.91,396.14,37.39,55.0,22.37,89.4,425.09,674.22,187.95,110.91,157.6,337.21,209.48,113.46,867.43,309.21,176.58,5.95,132.2,96.58,196.69,155.39,189.97,288.55,320.81,109.04,41.55,8.17,120.77,51.06,117.73,194.05,15.05,26.33,343.63,132.17,145.57,362.83,15.78,438.46,243.6,588.65,123.66,122.27,130.57,44.02,2.54
2026-10-04 16:00,27.63,32.71,36.05,36.16,50.03,53.43,51.66,54.43,39.08,51.65,52.16,42.01,55.81,45.85,30.08,44.74,35.84,42.59,47.03,51.33,53.0,54.2,46.73,54.1,55.23,44.83,46.86,46.69,45.65,46.52,43.57,48.55,48.03,97.57,0.0,347.38,1683.71,330.31,780.51,515.59,739.51,110.74,473.41,62.74,73.61,500.49,132.93,205.99,173.18,51.4,135.28,153.1,47.87,1939.99,19.49,120.48,215.72,76.01,482.31,13.25,82.1,19.75,144.18,63.52,28.02,26.06,391.05,230.7,343.85,26.03,0.0,354.64,8.85,372.92,34.77,249.17,22.1,84.16,302.53,480.89,191.12,418.28,240.47,560.46,26.89,115.92,440.43,302.79,207.54,0.01,176.99,86.36,257.48,77.63,0.0,346.13,50.61,63.09,11.05,37.32,155.62,45.66,73.13,379.02,19.7,120.23,283.89,337.37,135.77,156.39,71.49,312.73,292.21,834.4,292.54,117.66,124.79,44.04,2.55
2026-10-04 16:05,27.65,32.72,36.05,35.86,49.83,53.17,51.37,54.13,39.08,51.38,51.95,41.91,55.58,45.53,29.76,44.47,35.53,42.29,46.84,51.19,52.77,53.92,46.46,53.81,54.92,44.59,46.62,46.49,45.53,46.34,43.5,48.35,47.91,89.24,404.58,180.6,1732.05,139.38,427.23,616.23,287.62,130.47,503.99,185.69,15.47,211.19,0.0,250.78,113.71,54.73,286.3,209.76,71.46,1744.46,25.13,104.46,618.02,17.26,250.74,241.0,122.56,45.56,101.51,8.33,509.63,31.73,469.0,34.88,51.98,227.55,89.97,232.85,358.12,56.38,38.75,150.84,17.45,12.72,208.43,285.0,148.46,94.98,0.0,394.59,172.12,166.99,381.87,363.14,80.72,2.41,96.88,70.89,174.3,282.21,272.91,243.94,486.96,13.26,32.7,24.51,203.6,37.48,172.16,562.62,13.34,78.94,334.46,271.6,162.27,347.99,43.28,185.35,205.94,560.56,264.17,126.24,137.21,43.97,2.55
2026-10-04 16:10,27.61,32.68,36.03,35.95,49.89,53.26,51.47,54.24,39.07,51.42,51.92,41.89,55.65,45.63,29.86,44.55,35.62,42.39,46.9,51.23,52.84,54.04,46.54,53.92,55.03,44.63,46.61,46.47,45.5,46.3,43.5,48.32,47.88,104.96,226.25,246.53,1522.46,344.36,0.0,414.09,967.34,41.63,854.64,407.86,143.43,521.78,43.91,86.24,178.58,92.8,253.88,196.51,45.28,1768.15,33.12,240.54,630.43,75.62,342.29,141.37,77.65,81.47,65.97,104.66,298.96,10.91,613.56,301.46,449.32,86.03,50.31,365.7,201.62,487.3,49.83,334.66,22.57,109.97,227.49,397.75,72.45,416.15,79.43,256.46,102.8,247.09,878.87,475.08,271.49,2.98,0.0,291.48,99.14,165.07,152.62,279.12,130.36,122.93,71.82,38.49,135.77,154.09,244.46,532.63,7.58,123.98,106.73,122.25,109.04,108.51,96.02,258.67,235.64,373.5,331.65,127.86,133.94,43.99,2.56
2026-10-04 16:15,27.68,32.76,36.08,36.16,50.07,53.48,51.68,54.44,39.09,51.69,52.08,41.97,55.84,45.84,30.08,44.75,35.83,42.6,47.09,51.35,53.04,54.25,46.75,54.11,55.23,44.81,46.82,46.63,45.59,46.44,43.53,48.46,47.97,140.18,139.4,454.52,1253.95,387.29,392.92,72.96,576.63,153.2,327.62,0.0,113.0,586.83,36.06,133.27,67.68,35.57,280.0,135.25,34.29,1467.24,18.58,245.62,282.02,55.36,631.06,38.89,58.8,64.99,101.3,0.0,82.24,16.86,377.1,81.35,121.25,117.17,31.0,138.6,145.6,131.5,39.69,254.06,22.47,29.68,117.58,321.59,157.51,304.66,65.23,393.79,240.35,179.23,898.26,291.98,161.83,7.65,89.1,92.72,254.62,149.64,94.03,358.24,371.3,96.85,0.0,14.59,252.57,49.02,152.61,735.65,19.48,46.99,392.73,140.48,19.21,198.15,72.9,209.14,302.43,287.8,281.96,120.52,121.78,44.04,2.57
2026-10-04 16:20,27.67,32.79,36.09,36.08,49.96,53.33,51.6,54.36,39.07,51.55,52.04,41.95,55.73,45.75,30.0,44.67,35.75,42.52,46.98,51.28,52.92,54.14,46.67,54.02,55.14,44.73,46.74,46.59,45.56,46.4,43.52,48.43,47.95,226.14,184.26,275.33,1040.3,59.98,507.18,329.14,161.14,107.45,468.25,330.99,142.3,90.88,69.19,121.61,2.39,50.84,239.62,39.9,93.06,1558.49,56.01,233.91,427.71,49.85,382.28,89.94,159.59,154.82,133.98,86.07,190.2,15.39,331.91,0.0,0.0,174.19,40.97,4.9,168.78,0.0,30.77,29.92,18.98,0.0,115.75,900.33,127.32,274.31,125.16,520.8,125.89,98.1,855.46,256.99,45.23,6.7,115.01,143.9,54.42,73.57,124.29,315.83,415.85,121.97,58.28,0.52,173.69,76.08,154.21,581.2,4.16,1.66,275.44,188.18,86.67,483.35,8.59,585.51,266.63,637.53,174.04,122.81,128.88,44.02,2.58
2026-10-04 16:25,27.7,32.78,36.1,36.14,49.99,53.36,51.65,54.41,39.08,51.62,52.12,42.0,55.77,45.81,30.06,44.73,35.81,42.58,47.0,51.3,52.95,54.15,46.71,54.04,55.2,44.79,46.83,46.66,45.64,46.48,43.55,48.51,48.01,290.96,292.86,85.86,1217.76,309.75,448.73,426.21,276.82,109.08,780.6,292.18,60.77,469.34,85.51,180.21,169.52,84.76,0.0,191.08,60.11,1276.31,45.01,82.4,672.58,92.45,119.21,85.39,103.09,167.99,90.41,91.21,180.57,22.8,514.72,237.38,353.81,257.18,65.13,347.16,256.43,383.71,112.66,7.95,27.86,86.59,98.84,109.1,68.05,508.72,154.68,351.46,191.92,10.68,301.36,398.54,77.69,4.78,101.75,180.42,0.0,261.43,197.55,214.63,408.6,52.09,51.45,36.54,236.28,95.38,69.1,574.37,0.0,117.69,279.62,214.86,112.23,174.5,2.28,70.95,181.2,410.2,167.03,119.22,126.79,44.03,2.58
2026-10-04 16:30,27.69,32.77,36.09,36.02,49.9,53.26,51.53,54.3,39.07,51.48,51.97,41.88,55.69,45.69,29.94,44.63,35.68,42.45,46.91,51.25,52.87,54.07,46.62,53.98,55.08,44.67,46.67,46.51,45.49,46.33,43.49,48.36,47.9,239.08,113.5,207.4,971.84,573.25,85.25,505.59,1015.41,134.56,820.48,252.09,116.31,868.6,102.78,226.3,156.88,89.09,210.35,131.56,56.7,1109.06,21.91,111.73,640.89,46.95,287.96,129.0,97.24,250.23,138.84,83.78,272.79,28.63,777.1,46.79,69.73,174.64,25.24,321.27,95.32,75.63,58.82,271.05,27.9,17.07,264.29,489.7,110.84,258.37,185.93,539.69,111.34,250.18,408.61,601.71,284.98,8.1,19.33,153.14,92.46,199.91,76.56,64.26,266.16,99.69,44.39,33.81,156.19,80.96,206.42,142.32,7.07,108.92,344.95,0.0,133.14,111.57,77.77,318.47,54.25,125.93,174.44,127.52,132.01,44.0,2.59
2026-10-04 16:35,27.65,32.75,36.07,35.98,49.92,53.28,51.49,54.26,39.08,51.45,51.98,41.93,55.68,45.64,29.9,44.59,35.64,42.41,46.93,51.25,52.87,54.05,46.58,53.94,55.04,44.66,46.67,46.52,45.54,46.36,43.51,48.38,47.92,311.53,264.64,19.8,712.16,473.13,537.03,472.12,841.16,100.38,1033.21,416.03,135.38,716.89,53.13,45.86,75.69,112.19,275.28,87.02,29.65,1326.98,32.28,163.83,389.37,49.49,27.48,248.82,50.85,288.63,158.11,43.5,526.17,5.8,441.07,131.23,195.59,45.3,58.85,154.99,234.21,212.12,22.25,219.85,27.01,47.87,126.88,604.46,288.75,272.35,96.12,614.6,152.35,104.75,599.01,341.51,236.08,2.49,121.78,137.48,158.55,174.56,178.51,246.05,438.22,116.04,73.26,16.31,135.25,72.68,126.93,591.45,12.13,52.55,257.33,261.09,124.32,291.66,63.08,393.09,207.72,534.42,286.68,124.84,132.35,43.99,2.6
2026-10-04 16:40,27.71,32.82,36.13,36.15,50.03,53.41,51.67,54.43,39.08,51.68,52.13,42.02,55.81,45.84,30.06,44.73,35.82,42.6,47.05,51.33,53.0,54.21,46.73,54.09,55.23,44.82,46.83,46.66,45.65,46.48,43.57,48.51,48.02,422.74,15.72,418.38,608.66,355.9,382.13,455.95,724.58,109.3,0.0,251.07,98.34,539.26,48.09,0.0,133.06,0.0,194.92,108.42,80.26,1144.68,33.61,116.55,93.48,100.34,580.88,74.85,137.65,187.93,34.45,48.28,158.28,0.0,388.77,234.19,349.06,112.09,3.5,272.49,37.62,378.57,57.15,217.01,28.86,85.43,202.21,479.08,152.7,552.17,86.99,133.93,118.83,57.27,426.27,301.02,203.36,11.48,86.65,153.26,317.93,169.1,10.61,311.76,336.95,84.28,44.21,28.68,141.89,81.02,109.75,604.74,24.32,92.38,280.19,170.9,120.06,404.08,62.26,311.56,263.19,315.71,245.11,117.4,124.2,44.03,2.61
2026-10-04 16:45,27.72,32.84,36.14,36.02,49.97,53.35,51.55,54.31,39.07,51.48,52.01,41.94,55.73,45.69,29.92,44.64,35.68,42.47,46.98,51.28,52.92,54.08,46.63,53.98,55.09,44.69,46.69,46.55,45.55,46.38,43.52,48.41,47.93,355.46,53.9,286.83,447.85,136.92,433.0,458.86,402.29,89.35,770.75,138.22,145.48,207.47,56.78,195.92,155.08,83.69,152.84,275.01,108.19,1262.91,46.75,327.39,137.05,72.72,398.24,174.21,185.54,62.57,144.87,42.65,368.4,24.79,333.99,20.16,30.04,114.73,11.99,317.58,64.73,32.58,67.7,138.36,26.81,7.35,19.1,360.39,49.95,400.16,102.71,563.14,145.42,40.64,1197.35,258.61,112.91,6.39,98.19,39.66,73.47,138.52,36.36,208.92,258.23,124.69,24.34,33.42,234.42,20.96,202.33,408.58,5.62,107.67,229.04,165.91,120.83,458.04,39.7,234.37,176.37,474.34,241.5,123.65,128.73,43.99,2.61
2026-10-04 16:50,27.7,32.83,36.13,36.38,50.12,53.5,51.88,54.64,39.09,51.87,52.22,42.07,55.95,46.05,30.29,44.96,36.05,42.81,47.13,51.4,53.1,54.34,46.94,54.24,55.44,44.96,46.98,46.77,45.7,46.57,43.59,48.59,48.08,523.22,413.43,393.19,329.88,506.03,449.97,389.16,166.87,160.6,426.58,179.33,0.0,766.75,21.59,184.39,66.4,46.32,311.29,207.42,18.27,1092.36,46.44,264.86,277.84,43.21,545.92,105.18,31.33,324.54,149.14,98.48,222.42,23.33,433.96,200.2,298.4,176.25,91.94,135.98,359.48,323.62,44.34,66.81,33.65,73.03,0.0,752.11,53.06,237.77,39.05,579.75,75.36,131.19,968.66,336.01,46.83,10.99,102.04,91.01,175.12,153.11,278.88,235.17,236.51,0.0,31.58,14.31,81.3,48.11,168.95,669.05,13.4,46.1,411.7,180.26,102.48,50.67,19.17,489.11,198.53,518.85,63.34,112.69,117.49,44.07,2.62
2026-10-04 16:55,27.67,32.82,36.12,36.01,49.89,53.22,51.51,54.28,39.07,51.53,52.06,41.97,55.66,45.68,29.91,44.61,35.68,42.44,46.9,51.24,52.84,54.03,46.59,53.94,55.07,44.71,46.73,46.6,45.59,46.43,43.53,48.45,47.97,515.33,226.94,318.71,254.9,112.42,705.45,719.98,518.83,167.91,539.28,120.08,26.79,170.34,38.82,206.44,208.19,58.56,259.16,82.79,23.22,1161.94,29.6,138.12,556.19,60.96,442.5,232.82,39.83,240.35,249.58,22.86,492.34,26.12,422.32,311.92,464.92,97.9,50.47,426.33,211.66,504.22,37.95,230.57,32.32,113.79,282.58,468.05,83.96,335.45,70.22,970.18,155.31,110.27,505.14,327.0,145.61,3.07,159.97,111.43,115.55,250.78,153.08,88.96,377.2,22.96,21.14,44.87,179.88,58.91,83.41,0.0,8.84,144.54,430.44,272.32,189.59,212.6,66.16,304.38,75.1,698.96,189.85,122.12,133.41,43.99,2.63
2026-10-04 17:00,27.69,32.83,36.13,36.06,49.97,53.33,51.58,54.34,39.08,51.54,52.03,41.94,55.76,45.73,29.98,44.67,35.73,42.5,46.99,51.29,52.94,54.1,46.66,54.01,55.12,44.72,46.73,46.58,45.56,46.4,43.52,48.42,47.94,707.07,198.89,357.64,225.81,398.91,343.38,311.23,560.75,101.66,371.79,292.93,129.53,604.43,130.83,167.66,97.69,40.37,205.68,245.0,67.42,951.18,7.84,65.56,675.41,64.94,496.55,225.45,115.62,206.14,108.43,38.4,476.76,21.21,262.65,116.89,174.23,3.84,44.23,200.06,177.49,188.96,97.72,381.38,30.92,42.64,291.25,554.79,112.91,357.39,236.67,421.49,25.03,84.64,239.77,203.37,157.38,6.3,77.86,145.0,224.47,169.41,134.16,347.83,361.23,111.02,51.58,21.05,107.76,76.66,234.86,555.59,17.17,67.82,260.62,191.13,81.96,155.77,109.43,360.79,293.64,492.68,278.94,123.29,128.73,44.0,2.64
2026-10-04 17:05,27.7,32.86,36.15,36.05,49.94,53.3,51.55,54.31,39.08,51.54,52.09,41.99,55.71,45.71,29.97,44.64,35.72,42.47,46.95,51.27,52.89,54.08,46.63,53.98,55.1,44.74,46.77,46.63,45.62,46.46,43.55,48.5,48.0,889.47,80.47,178.6,201.78,243.64,609.21,559.0,0.0,121.21,564.91,109.13,48.23,369.17,92.18,216.4,105.19,61.34,171.97,219.27,24.29,1121.73,33.35,208.87,451.34,101.14,247.97,221.78,41.66,86.73,181.31,75.08,468.99,27.38,214.65,197.81,294.84,116.71,17.89,215.41,67.58,319.76,13.18,265.55,39.84,72.16,282.88,341.64,96.26,556.57,166.76,704.8,67.81,233.87,763.88,166.2,0.0,10.34,138.14,68.28,220.61,190.09,54.28,414.37,602.4,41.34,19.22,22.67,193.93,36.1,240.58,17.14,16.88,73.03,310.72,286.72,147.2,25.79,76.19,222.18,349.82,709.29,333.18,120.21,130.68,43.99,2.64
2026-10-04 17:10,27.66,32.83,36.13,35.91,49.88,53.22,51.44,54.2,39.08,51.4,51.93,41.88,55.64,45.58,29.81,44.53,35.57,42.36,46.88,51.23,52.83,53.98,46.53,53.88,54.98,44.6,46.62,46.47,45.48,46.3,43.48,48.32,47.87,1046.87,273.04,183.3,205.54,330.61,502.13,323.6,519.09,176.6,446.85,263.76,145.93,500.94,23.17,38.22,193.05,48.52,172.35,83.68,91.21,952.46,32.21,94.1,466.92,47.11,254.5,226.27,156.43,109.44,105.32,119.88,478.49,4.84,217.76,331.33,493.85,80.64,60.72,395.33,236.34,535.59,50.43,178.02,34.59,120.87,0.0,998.64,298.91,259.25,41.92,409.4,305.61,130.25,344.13,168.61,145.69,6.57,113.86,96.49,190.23,254.83,184.17,296.24,349.07,125.08,46.44,41.61,129.89,51.01,143.41,529.28,14.55,134.03,452.73,159.48,85.21,220.72,51.08,649.44,250.09,568.96,165.9,128.35,134.51,43.96,2.65
2026-10-04 17:15,27.68,32.85,36.15,35.93,49.88,53.22,51.46,54.23,39.08,51.45,51.94,41.88,55.65,45.63,29.82,44.55,35.6,42.37,46.89,51.23,52.84,54.02,46.53,53.91,55.02,44.64,46.63,46.49,45.49,46.31,43.49,48.34,47.89,1199.48,245.83,412.01,211.33,367.08,242.16,301.68,539.18,122.57,400.85,351.67,123.36,556.21,106.01,113.51,247.52,43.53,136.11,155.66,96.24,973.76,30.36,258.21,296.54,103.76,572.04,111.37,165.04,208.32,158.95,94.78,235.52,14.36,122.18,184.8,275.44,198.25,54.67,506.88,220.93,298.72,71.13,254.34,30.34,67.41,187.43,617.5,100.06,571.0,191.78,617.88,90.62,171.99,944.33,94.61,151.32,15.24,54.91,154.39,198.51,155.7,165.82,142.51,56.01,105.73,61.92,53.35,0.0,81.62,103.06,671.43,15.19,171.85,314.2,87.41,79.44,241.18,72.98,401.58,120.31,375.56,391.14,127.64,134.55,43.96,2.66
2026-10-04 17:20,27.71,32.86,36.17,36.18,50.03,53.43,51.69,54.45,39.08,51.65,52.08,42.0,55.81,45.86,30.09,44.76,35.85,42.61,47.04,51.33,52.99,54.21,46.74,54.1,55.25,44.8,46.82,46.63,45.63,46.45,43.56,48.47,47.99,1341.36,385.95,76.44,190.78,614.16,497.51,400.71,1055.93,161.51,1213.21,373.34,94.97,930.58,87.29,132.42,195.12,131.73,82.12,121.38,39.29,1028.83,19.52,242.56,130.84,20.11,106.13,37.06,67.38,9.37,55.18,40.87,78.37,16.75,380.07,97.27,144.98,142.57,85.83,399.56,333.52,157.23,83.58,119.09,32.21,35.48,170.97,285.25,128.3,110.67,157.91,214.48,25.51,163.29,887.11,294.29,296.35,7.51,112.82,187.81,197.09,183.88,260.34,123.9,73.81,81.4,65.74,42.05,166.66,99.29,129.47,372.56,15.08,135.46,414.03,76.0,105.52,269.25,34.17,185.51,104.6,526.5,192.96,119.41,124.47,44.02,2.66
2026-10-04 17:25,27.75,32.91,36.2,36.29,50.1,53.49,51.79,54.55,39.08,51.74,52.19,42.05,55.9,45.94,30.22,44.87,35.96,42.71,47.11,51.38,53.07,54.31,46.85,54.2,55.34,44.89,46.91,46.73,45.69,46.55,43.59,48.57,48.07,1423.48,228.47,187.81,182.82,7.16,433.77,255.11,539.57,166.5,440.98,159.16,0.0,10.85,117.37,175.1,148.11,47.88,311.9,131.08,59.05,905.83,23.58,103.22,439.07,36.77,260.76,144.77,101.28,133.12,100.65,48.75,306.14,22.15,610.99,0.0,0.0,152.34,50.81,303.3,209.89,0.0,55.99,386.8,29.55,0.0,0.0,334.88,109.1,202.37,212.31,391.23,36.9,89.24,377.5,473.08,151.43,5.6,98.36,170.57,417.15,125.25,154.11,139.08,584.18,0.0,28.03,31.92,138.22,90.17,99.12,729.79,31.91,102.83,426.83,178.22,67.18,205.22,110.98,217.78,117.41,573.9,302.89,114.39,119.65,44.04,2.67
2026-10-04 17:30,27.68,32.87,36.17,35.89,49.9,53.28,51.44,54.2,39.08,51.38,51.85,41.83,55.66,45.57,29.8,44.53,35.56,42.36,46.91,51.23,52.85,54.03,46.54,53.91,54.98,44.58,46.56,46.42,45.43,46.24,43.45,48.25,47.81,1285.82,150.08,89.89,180.93,146.19,567.48,2.4,0.0,107.86,1209.33,208.99,208.55,221.51,53.9,102.49,162.02,131.31,73.23,300.04,82.32,906.56,42.41,219.45,425.06,103.78,124.81,252.19,141.17,16.43,143.54,91.33,533.3,12.97,250.32,189.84,282.96,148.87,33.37,331.78,146.45,306.88,28.13,193.19,32.79,69.26,212.15,893.77,164.39,571.09,97.5,557.98,182.23,150.01,802.56,193.82,0.0,7.48,128.68,87.42,248.38,126.57,101.23,188.14,361.1,178.75,36.8,34.92,224.48,46.21,288.53,350.97,19.0,112.48,276.51,227.45,0.63,342.49,55.43,581.24,158.83,568.93,1.96,130.82,133.8,43.95,2.68
2026-10-04 17:35,27.71,32.89,36.19,36.15,50.01,53.39,51.65,54.41,39.08,51.61,52.1,41.98,55.8,45.8,30.07,44.74,35.81,42.57,47.02,51.32,52.98,54.2,46.72,54.09,55.19,44.77,46.79,46.63,45.6,46.45,43.54,48.48,47.99,1272.95,279.18,294.11,166.46,486.28,714.52,151.77,509.24,45.79,399.72,343.17,159.75,736.82,71.96,154.52,155.2,43.4,220.3,267.54,84.12,832.39,46.58,286.33,23.09,23.5,408.35,184.55,144.27,197.9,92.03,47.42,390.27,19.55,390.52,0.0,0.0,76.09,62.08,317.83,254.8,0.0,14.58,295.64,30.01,0.0,123.69,792.75,148.9,129.31,130.18,357.74,151.83,0.0,1047.17,302.38,142.92,8.5,162.02,190.96,211.69,185.11,188.31,116.06,380.67,136.92,60.43,33.45,68.65,100.95,91.37,220.66,16.2,107.75,117.39,134.71,39.97,152.0,84.83,515.55,97.98,827.11,234.18,120.54,126.37,44.01,2.69
2026-10-04 17:40,27.64,32.87,36.17,35.78,49.79,53.13,51.33,54.1,39.08,51.31,51.86,41.84,55.55,45.46,29.67,44.4,35.45,42.23,46.79,51.17,52.75,53.92,46.4,53.8,54.86,44.53,46.52,46.41,45.44,46.24,43.46,48.27,47.83,1940.25,0.0,511.87,156.04,171.37,1049.15,205.97,593.98,184.4,323.38,345.82,149.02,259.66,62.08,232.99,251.63,35.11,313.8,198.03,90.23,850.75,44.0,111.6,456.9,75.56,710.68,181.35,154.74,218.2,124.76,19.05,383.49,29.48,447.15,90.73,135.23,239.75,0.0,515.3,3.14,146.66,45.9,197.17,30.77,33.1,229.59,418.13,300.63,415.79,112.31,484.99,204.73,18.14,408.14,346.22,166.7,11.09,237.9,118.59,220.15,115.92,0.0,285.49,489.72,127.73,60.9,54.23,88.54,62.69,140.98,298.4,16.84,174.7,472.73,127.12,54.24,232.8,56.57,271.92,241.02,949.8,288.58,131.26,139.62,43.92,2.69
2026-10-04 17:45,27.65,32.86,36.17,35.88,49.88,53.25,51.43,54.19,39.08,51.41,51.92,41.89,55.63,45.56,29.77,44.53,35.55,42.35,46.89,51.22,52.82,53.99,46.53,53.88,54.96,44.59,46.58,46.46,45.49,46.31,43.49,48.33,47.88,1826.14,265.52,216.99,177.03,186.72,437.66,468.7,805.8,81.82,1290.78,336.47,216.01,282.91,0.0,178.58,129.09,140.16,97.39,235.6,74.67,895.73,70.14,239.26,476.94,43.58,301.27,212.15,128.05,36.17,133.03,46.4,448.63,22.6,634.72,0.0,0.0,217.31,59.05,264.35,234.5,0.0,60.45,222.7,31.51,0.0,475.55,598.35,170.36,239.81,0.0,517.12,94.62,134.39,875.02,491.46,226.15,0.83,99.24,0.0,172.83,153.78,179.11,181.81,471.45,185.14,59.25,27.82,190.62,0.0,318.57,123.71,13.22,89.62,209.74,312.44,123.42,567.61,63.9,389.12,153.48,524.82,59.51,127.88,135.01,43.94,2.7
2026-10-04 17:50,27.72,32.92,36.21,36.19,50.03,53.41,51.7,54.46,39.09,51.73,52.15,42.02,55.82,45.87,30.1,44.77,35.86,42.63,47.04,51.34,53.0,54.2,46.76,54.09,55.26,44.85,46.86,46.69,45.66,46.52,43.57,48.55,48.05,1889.32,236.1,202.2,156.18,200.63,45.13,102.35,0.0,10.15,1290.21,0.0,77.51,304.0,32.86,43.1,211.01,140.1,45.04,177.64,55.5,851.3,28.99,354.41,934.38,77.42,280.74,113.67,95.19,174.02,151.47,34.4,240.39,5.45,441.3,202.65,302.06,39.86,52.5,432.11,201.49,327.59,30.63,309.98,26.1,73.93,261.47,391.72,74.58,426.06,59.44,588.79,97.37,147.99,1296.14,341.69,0.0,8.29,10.23,274.41,235.65,118.26,159.26,213.07,250.6,66.43,0.0,45.48,79.2,145.07,256.59,723.39,18.03,146.5,26.01,165.34,26.95,306.94,88.94,254.75,179.88,33.06,339.32,116.86,124.42,44.01,2.71
2026-10-04 17:55,27.7,32.9,36.2,35.83,49.85,53.21,51.39,54.16,39.06,51.31,51.91,41.86,55.61,45.53,29.72,44.45,35.5,42.3,46.86,51.2,52.8,53.97,46.47,53.86,54.94,44.56,46.56,46.45,45.46,46.29,43.47,48.31,47.87,1842.24,311.41,272.94,150.97,348.42,95.28,723.84,253.6,91.53,1296.75,77.05,17.98,527.92,156.66,93.04,145.97,140.81,131.27,78.96,57.26,784.29,42.62,194.65,534.84,90.64,378.96,0.0,98.21,98.67,82.0,127.34,0.0,11.77,372.17,106.52,158.77,267.57,69.25,298.93,281.55,172.19,25.72,258.02,24.21,38.86,281.83,706.13,209.83,498.82,283.4,318.77,205.11,81.55,711.86,288.17,71.17,7.14,21.61,171.78,282.28,216.18,210.06,396.95,358.79,15.41,13.57,31.46,145.24,90.81,278.34,413.54,21.6,101.35,234.63,267.18,190.61,595.49,74.03,459.22,335.11,301.67,214.16,129.26,136.82,43.93,2.71
2026-10-04 18:00,27.69,32.88,36.19,35.95,49.88,53.23,51.45,54.22,39.08,51.44,51.97,41.91,55.66,45.61,29.87,44.59,35.62,42.38,46.89,51.24,52.84,54.03,46.55,53.92,55.01,44.64,46.65,46.51,45.52,46.35,43.51,48.38,47.92,1759.87,209.25,373.65,137.51,263.66,211.11,581.4,782.59,31.44,914.13,132.09,96.28,399.5,101.81,239.36,97.76,99.26,222.74,134.34,71.27,823.76,28.08,212.33,831.31,64.44,518.78,159.85,122.22,229.42,151.98,73.16,338.04,30.29,560.97,251.6,375.01,223.24,46.53,200.19,199.58,406.7,33.82,279.52,28.69,91.78,255.6,407.88,158.92,354.63,184.17,590.79,100.02,140.17,776.55,434.35,219.64,10.44,47.87,276.69,319.82,206.84,141.15,93.17,495.7,82.53,23.26,21.07,198.08,146.27,277.8,287.69,24.47,67.87,80.59,142.32,153.1,34.4,80.2,265.26,78.65,417.91,200.21,126.18,133.85,43.95,2.72
2026-10-04 18:05,27.61,32.84,36.16,35.53,49.68,53.0,51.12,53.89,39.08,51.1,51.66,41.71,55.4,45.23,29.42,44.19,35.2,42.01,46.68,51.08,52.61,53.76,46.2,53.64,54.65,44.33,46.3,46.21,45.3,46.06,43.39,48.07,47.69,1874.3,148.4,358.74,172.39,347.9,523.75,452.82,927.85,88.78,1213.47,335.53,107.34,527.14,145.45,224.46,238.63,131.76,213.31,38.6,123.29,750.15,50.68,140.31,641.32,63.61,498.08,178.63,211.45,233.38,171.91,53.42,377.74,28.4,447.68,293.18,436.99,147.96,33.0,488.67,135.57,473.92,81.99,144.94,23.99,106.95,421.58,754.0,121.33,350.05,263.12,668.26,137.79,18.49,513.13,346.63,260.41,14.04,118.77,256.36,230.56,154.52,100.1,255.12,644.47,92.0,59.08,51.43,151.4,135.53,240.48,135.19,17.64,165.67,227.58,137.05,119.24,511.44,41.59,490.34,215.37,773.26,206.55,139.97,146.77,43.86,2.73
2026-10-04 18:10,27.77,32.93,36.24,36.11,49.94,53.29,51.61,54.37,39.09,51.65,52.14,42.01,55.74,45.8,30.0,44.69,35.78,42.54,46.94,51.28,52.9,54.12,46.67,54.01,55.18,44.8,46.84,46.67,45.64,46.5,43.56,48.53,48.02,1411.86,157.21,281.76,157.2,311.21,298.52,470.82,609.04,178.06,696.66,5.27,121.22,471.55,141.02,217.12,226.22,75.64,176.93,117.5,48.92,784.84,34.59,111.22,432.06,20.65,391.2,60.51,83.9,225.67,223.59,0.0,127.97,27.47,314.29,131.1,195.41,81.97,34.96,463.25,140.68,211.92,36.1,0.0,18.7,47.83,182.02,520.71,314.03,113.62,255.1,869.14,152.58,27.61,406.77,243.35,170.93,7.67,67.69,150.85,4.4,156.75,106.05,217.73,297.62,103.89,0.93,48.75,124.72,79.75,270.54,798.35,0.34,157.05,456.47,224.7,123.98,396.65,0.0,338.63,183.81,527.55,208.1,118.18,129.47,43.99,2.73
2026-10-04 18:15,27.67,32.89,36.2,35.7,49.75,53.06,51.27,54.05,39.08,51.25,51.77,41.77,55.5,45.43,29.56,44.32,35.37,42.18,46.75,51.14,52.7,53.86,46.34,53.77,54.82,44.46,46.44,46.32,45.35,46.15,43.42,48.17,47.76,1639.58,203.92,456.53,160.09,308.48,11.59,468.13,552.72,101.54,635.89,379.29,173.12,467.42,82.89,177.42,342.33,69.05,372.43,255.15,101.62,896.83,48.44,350.38,687.07,55.83,633.86,229.07,174.27,325.68,40.57,76.73,484.4,22.45,378.29,246.13,366.86,23.41,45.35,701.03,194.23,397.87,53.14,259.18,24.03,89.79,330.94,671.52,108.84,307.25,149.95,157.7,148.19,74.58,1281.43,292.91,155.12,6.41,2.63,30.84,229.25,153.36,137.55,310.01,46.4,148.38,66.79,73.78,69.09,16.31,119.92,127.69,17.54,237.67,260.29,85.54,123.27,602.97,74.36,436.7,261.71,171.7,270.69,135.6,142.19,43.89,2.74
2026-10-04 18:20,27.76,32.93,36.23,35.8,49.82,53.17,51.32,54.08,39.07,51.29,51.85,41.82,55.56,45.47,29.7,44.42,35.47,42.24,46.84,51.18,52.78,53.93,46.42,53.8,54.86,44.53,46.52,46.4,45.42,46.22,43.45,48.24,47.8,1122.48,187.59,313.32,152.85,99.8,647.68,122.1,746.14,83.7,846.58,116.04,182.42,151.22,0.0,218.36,194.7,91.92,87.43,214.55,37.61,661.1,39.34,142.93,561.2,75.81,435.02,115.9,64.51,288.44,259.81,76.31,245.09,27.63,268.76,218.15,325.15,301.13,41.72,398.71,186.02,352.64,64.53,188.34,20.56,79.58,235.94,691.16,189.86,417.19,0.0,1009.96,193.78,189.81,522.74,208.1,209.41,7.49,146.87,210.97,85.49,127.31,126.53,339.91,606.39,156.36,20.43,41.96,175.28,111.53,27.14,324.52,6.54,135.17,214.57,189.69,32.15,220.49,54.04,449.48,286.96,865.28,200.3,132.41,138.16,43.91,2.75
2026-10-04 18:25,27.72,32.9,36.21,35.88,49.87,53.23,51.41,54.18,39.08,51.37,51.87,41.85,55.63,45.56,29.78,44.53,35.54,42.33,46.88,51.22,52.83,54.0,46.51,53.87,54.95,44.57,46.56,46.43,45.44,46.26,43.46,48.27,47.84,989.5,192.91,273.32,170.22,333.66,830.42,498.38,432.75,199.41,768.5,444.11,23.37,505.57,105.08,248.84,31.36,83.45,216.33,290.79,125.1,780.8,39.47,230.16,924.54,47.95,379.48,334.84,214.54,204.1,5.28,53.62,708.09,31.49,448.4,0.0,0.0,195.38,42.9,64.21,175.26,0.0,72.78,438.3,20.24,0.0,97.03,902.63,163.34,263.89,190.09,20.53,273.17,174.46,841.76,347.2,121.45,8.07,188.31,183.06,80.17,164.87,130.13,119.83,259.73,20.03,78.2,6.76,56.38,96.78,278.07,764.37,6.13,21.77,511.19,139.62,131.24,133.06,125.76,587.0,101.16,745.28,34.81,130.76,135.88,43.93,2.75
2026-10-04 18:30,27.78,32.95,36.26,35.74,49.77,53.11,51.28,54.04,39.07,51.27,51.82,41.81,55.51,45.43,29.61,44.35,35.41,42.19,46.77,51.14,52.72,53.85,46.36,53.74,54.82,44.5,46.48,46.37,45.4,46.2,43.45,48.22,47.8,1054.51,272.82,393.09,186.72,271.93,477.7,46.64,796.3,107.96,11.44,198.0,34.88,412.03,145.79,277.6,348.28,1.24,154.16,218.42,87.73,635.22,28.39,329.72,304.82,50.5,545.77,33.39,150.46,74.11,90.66,65.43,70.6,35.12,470.85,327.2,487.7,181.09,60.67,713.21,245.75,528.92,67.27,148.95,18.08,119.36,340.55,288.74,91.7,277.89,263.74,352.42,187.6,56.83,1205.86,364.58,223.48,11.12,108.32,99.19,96.66,54.14,184.03,498.68,248.43,29.89,34.87,75.06,230.63,52.44,243.97,669.89,7.4,241.8,276.75,158.83,12.28,186.97,42.74,187.77,420.99,618.05,193.06,133.23,141.15,43.9,2.76
2026-10-04 18:35,27.79,32.94,36.25,35.95,49.9,53.28,51.46,54.23,39.09,51.47,51.94,41.91,55.66,45.63,29.87,44.58,35.62,42.39,46.91,51.23,52.86,54.05,46.55,53.93,55.02,44.64,46.64,46.49,45.51,46.32,43.5,48.33,47.89,789.37,278.34,361.13,184.12,274.09,691.77,659.87,883.55,122.98,648.86,352.63,33.93,415.3,142.66,108.58,209.68,70.46,296.75,31.97,47.44,633.75,22.67,193.53,608.83,29.42,501.4,218.36,81.36,97.17,43.61,46.97,461.76,13.74,522.55,231.65,345.27,189.61,61.9,429.39,254.95,374.45,45.74,258.93,16.78,84.5,28.67,341.23,73.52,161.9,258.07,169.51,216.71,206.41,707.76,404.61,247.97,13.51,156.86,257.98,323.72,238.08,187.75,18.48,326.49,29.08,62.09,45.19,258.28,136.38,78.68,435.17,24.77,145.57,315.27,249.33,173.76,240.07,74.29,221.91,15.6,726.25,58.88,127.06,133.26,43.94,2.76
2026-10-04 18:40,27.78,32.94,36.25,35.85,49.84,53.2,51.41,54.17,39.07,51.36,51.89,41.86,55.61,45.54,29.75,44.48,35.52,42.32,46.85,51.2,52.8,53.97,46.49,53.86,54.95,44.57,46.56,46.43,45.45,46.26,43.48,48.29,47.86,627.23,245.68,164.85,183.54,469.8,0.0,223.4,957.62,46.4,825.54,309.96,0.0,711.85,76.04,314.6,124.78,89.64,221.89,244.48,78.87,667.16,31.25,219.19,828.95,91.73,228.89,139.56,135.26,118.04,78.65,48.79,295.12,39.81,540.93,339.32,505.75,101.6,54.64,255.52,225.49,548.5,98.51,274.48,16.85,123.78,429.76,965.54,103.81,504.79,137.55,305.72,86.09,131.04,801.61,418.84,268.76,9.91,0.0,101.78,44.69,165.94,165.72,280.97,294.48,0.0,54.58,26.89,171.94,53.81,277.22,430.25,3.42,86.63,118.94,325.47,58.83,354.04,78.75,627.92,237.2,265.72,125.43,129.62,136.86,43.92,2.77
2026-10-04 18:45,27.84,32.98,36.29,35.9,49.87,53.23,51.43,54.2,39.07,51.37,51.87,41.85,55.62,45.57,29.82,44.51,35.57,42.34,46.88,51.21,52.83,53.99,46.49,53.88,54.97,44.6,46.59,46.43,45.45,46.25,43.46,48.27,47.84,692.49,249.23,239.13,209.16,449.92,668.86,305.76,768.23,216.96,459.26,0.0,79.38,681.72,22.8,257.97,164.27,49.87,179.27,95.95,11.53,582.34,46.16,161.46,624.66,28.46,332.01,280.64,19.78,128.11,0.0,65.66,593.46,32.64,38.81,50.98,75.98,234.66,55.42,336.4,214.23,82.4,86.74,66.04,18.44,18.6,380.67,524.65,246.12,156.63,41.24,0.0,283.98,268.05,590.48,30.05,215.61,7.79,151.67,159.27,349.42,65.06,168.11,219.44,367.75,68.04,0.0,35.4,236.76,84.2,129.27,425.16,26.73,114.05,556.19,73.17,80.51,0.0,18.95,341.19,185.26,537.17,359.87,129.69,135.01,43.93,2.78
2026-10-04 18:50,27.8,32.95,36.25,35.74,49.8,53.15,51.31,54.08,39.08,51.26,51.73,41.77,55.54,45.44,29.63,44.4,35.41,42.21,46.81,51.17,52.75,53.9,46.4,53.78,54.85,44.46,46.41,46.29,45.35,46.12,43.42,48.13,47.73,479.54,327.26,278.33,234.93,644.2,683.71,396.85,177.37,127.73,544.08,313.89,163.52,976.1,121.76,151.15,131.48,59.08,266.79,222.58,49.8,557.19,44.43,266.3,832.51,56.38,386.43,181.19,85.41,214.52,133.05,64.59,383.17,19.13,733.9,0.0,0.0,179.74,72.78,269.25,296.72,0.0,78.4,425.15,16.19,0.0,465.96,609.55,97.99,310.28,220.26,517.2,112.15,169.03,973.92,568.25,49.78,8.37,155.04,179.9,331.42,162.34,220.75,135.29,145.7,140.16,55.27,28.34,73.4,95.1,87.45,626.13,25.36,91.28,327.43,257.9,104.5,430.57,121.99,396.4,114.21,667.87,230.55,136.39,140.21,43.89,2.79
2026-10-04 18:55,27.78,32.93,36.25,35.64,49.78,53.14,51.23,54.0,39.08,51.17,51.73,41.76,55.51,45.36,29.52,44.31,35.32,42.13,46.79,51.15,52.73,53.89,46.33,53.76,54.77,44.41,46.38,46.28,45.35,46.12,43.42,48.13,47.73,482.44,216.34,305.11,257.65,475.26,715.32,791.26,468.07,101.72,544.49,262.23,120.64,720.12,74.87,185.87,217.01,59.12,100.4,138.8,44.85,543.42,14.9,335.22,478.24,71.54,423.62,151.28,76.91,158.61,234.8,59.77,319.91,23.52,478.98,160.28,238.9,282.54,48.11,444.41,200.2,259.09,35.54,260.58,18.11,58.47,354.63,695.47,251.08,393.66,135.45,912.72,238.01,139.51,1225.99,370.87,131.37,4.39,162.2,127.97,318.35,216.91,145.93,298.17,371.56,103.4,46.17,46.77,230.2,67.65,132.26,444.64,24.36,150.67,260.75,305.01,208.36,618.46,74.77,452.28,251.72,739.75,131.27,136.87,141.32,43.87,2.79
2026-10-04 19:00,27.83,33.0,36.3,36.11,50.0,53.4,51.65,54.42,39.07,51.57,52.04,41.95,55.79,45.78,30.01,44.73,35.77,42.57,47.0,51.31,52.97,54.21,46.72,54.1,55.2,44.75,46.75,46.59,45.56,46.41,43.53,48.43,47.95,454.86,154.1,471.09,261.85,0.0,627.1,314.81,506.25,115.4,604.89,242.75,102.99,0.0,107.01,271.37,33.99,65.68,140.86,78.03,32.66,503.22,9.59,247.84,694.04,1.84,654.07,269.09,56.01,102.54,132.28,67.54,569.04,34.34,401.23,232.22,346.12,328.85,34.27,69.6,156.52,375.38,62.19,429.57,13.66,84.71,307.97,860.55,136.82,10.13,193.58,514.2,78.94,83.39,906.39,310.67,142.08,7.75,142.2,158.09,212.43,145.68,103.94,109.82,434.2,88.27,42.75,7.33,123.57,83.58,110.45,168.94,16.25,23.6,295.83,96.79,82.9,306.71,123.25,559.64,92.71,727.93,84.42,122.54,126.68,43.97,2.8
2026-10-04 19:05,27.83,32.97,36.27,35.55,49.7,53.04,51.1,53.86,39.07,51.08,51.73,41.75,55.4,45.23,29.44,44.22,35.22,42.0,46.71,51.09,52.63,53.77,46.21,53.64,54.63,44.35,46.35,46.27,45.35,46.13,43.41,48.14,47.74,373.38,298.97,298.37,271.98,204.22,513.52,792.97,352.57,111.35,618.73,555.84,195.94,309.44,60.66,327.55,95.99,67.18,188.03,181.08,85.96,456.77,68.61,102.91,352.08,49.37,414.27,258.84,147.42,207.98,263.07,68.07,547.36,41.45,267.97,267.45,398.64,51.37,66.48,196.56,262.96,432.33,90.98,330.53,16.69,97.57,321.81,464.48,303.53,271.69,109.74,1022.6,313.25,7.06,376.35,207.49,98.95,13.96,116.45,197.96,310.83,238.15,201.66,267.35,621.82,167.94,97.88,20.69,211.01,104.65,148.75,372.09,23.78,66.64,285.45,12.52,208.81,342.46,94.84,302.06,225.71,529.52,256.89,138.12,146.23,43.85,2.8
2026-10-04 19:10,27.9,33.02,36.32,36.08,49.96,53.34,51.59,54.35,39.09,51.61,52.04,41.94,55.72,45.75,29.99,44.66,35.75,42.51,46.97,51.28,52.92,54.12,46.65,54.0,55.14,44.74,46.75,46.58,45.55,46.4,43.52,48.42,47.95,336.21,167.22,305.48,525.0,424.68,476.37,38.47,625.96,31.34,1090.61,369.85,42.41,643.49,25.84,68.58,148.59,118.42,179.32,138.24,83.45,493.85,32.62,94.51,925.7,32.05,424.14,19.95,143.12,27.52,164.17,91.25,42.2,8.68,291.01,222.73,331.98,243.08,37.19,304.29,165.0,360.04,37.01,235.14,12.98,81.25,24.32,1064.76,229.41,176.39,46.75,638.17,205.25,171.37,345.66,225.33,175.68,9.35,108.02,235.51,244.42,82.54,112.8,259.4,385.35,36.35,65.13,32.02,121.45,124.5,198.58,419.53,18.7,103.16,80.33,232.31,10.13,118.79,67.47,692.44,218.99,541.29,112.66,123.24,130.0,43.96,2.81
2026-10-04 19:15,27.86,32.96,36.29,35.76,49.76,53.09,51.3,54.07,39.08,51.27,51.83,41.81,55.53,45.43,29.65,44.38,35.42,42.2,46.76,51.15,52.72,53.88,46.38,53.78,54.84,44.49,46.48,46.37,45.42,46.21,43.45,48.24,47.81,285.15,135.86,497.7,878.47,604.81,615.91,499.36,731.61,13.24,548.32,187.77,140.45,916.41,140.53,137.12,249.48,59.54,370.62,161.71,89.31,457.14,39.73,211.17,677.12,58.97,691.02,0.0,153.17,269.86,187.03,56.45,0.0,17.35,630.39,137.73,205.29,167.0,30.21,510.9,133.29,222.64,107.96,323.27,13.04,50.25,244.59,364.28,245.52,324.53,254.22,727.05,204.31,133.05,772.29,488.11,205.33,9.99,139.66,268.28,369.27,225.52,91.64,366.16,561.62,120.38,33.06,53.77,90.99,141.83,219.98,213.36,28.25,173.21,33.95,123.32,131.49,180.25,92.75,236.9,309.12,614.84,292.31,132.94,141.07,43.89,2.82
2026-10-04 19:20,27.86,32.98,36.3,35.71,49.79,53.15,51.27,54.03,39.08,51.26,51.75,41.78,55.53,45.41,29.61,44.35,35.38,42.17,46.79,51.15,52.74,53.91,46.36,53.79,54.81,44.46,46.44,46.31,45.36,46.15,43.42,48.16,47.75,207.65,106.01,461.71,1085.9,255.64,463.98,669.45,274.0,65.74,596.88,510.66,103.94,387.34,94.17,256.5,85.87,64.81,373.89,164.62,62.34,532.41,67.24,295.86,375.75,56.91,641.05,158.71,106.91,141.28,90.81,48.86,335.62,32.46,458.39,194.25,289.54,143.91,23.57,175.85,100.49,314.01,34.14,234.1,16.43,70.86,229.87,449.06,239.62,313.18,170.36,353.02,186.82,170.12,1082.01,354.93,76.9,8.61,105.21,146.69,397.6,306.02,71.51,339.69,288.22,89.09,89.92,18.51,147.7,77.55,175.21,265.02,30.42,59.62,168.52,209.75,176.28,457.58,67.17,292.03,286.77,529.55,140.09,135.89,140.46,43.88,2.82
2026-10-04 19:25,27.87,32.98,36.31,35.96,49.91,53.27,51.48,54.25,39.08,51.44,51.9,41.88,55.67,45.65,29.86,44.57,35.62,42.4,46.91,51.24,52.86,54.07,46.56,53.95,55.04,44.63,46.61,46.46,45.49,46.29,43.48,48.3,47.86,237.18,242.39,162.4,1337.9,395.43,828.74,120.92,680.19,98.69,746.03,272.33,204.75,599.15,47.19,188.79,44.25,81.01,278.99,187.32,108.86,650.46,24.89,293.51,244.04,103.27,225.48,164.23,186.7,202.32,49.97,37.93,347.29,23.89,473.13,132.53,197.54,127.0,53.9,90.62,218.04,214.23,95.25,300.98,13.52,48.35,364.08,274.38,97.7,568.3,85.36,194.24,143.12,127.05,1073.44,366.34,190.9,11.02,187.92,133.79,336.06,88.05,163.5,179.07,167.71,175.49,47.95,9.54,140.64,70.73,60.64,573.34,25.71,30.72,253.0,342.21,31.84,495.73,86.36,178.44,151.18,921.07,265.98,127.81,132.54,43.93,2.83
2026-10-04 19:30,27.92,33.02,36.34,36.02,49.95,53.34,51.56,54.32,39.08,51.54,52.05,41.96,55.72,45.73,29.91,44.63,35.69,42.47,46.96,51.27,52.91,54.11,46.62,53.99,55.11,44.72,46.74,46.59,45.58,46.42,43.53,48.45,47.97,226.71,153.49,308.23,1508.27,253.69,261.98,455.48,325.19,159.52,508.84,331.92,120.66,384.4,122.08,230.54,97.69,55.25,218.32,68.95,118.46,645.5,50.74,99.46,444.48,0.0,427.95,143.13,203.16,45.41,62.63,12.24,302.67,29.17,447.45,276.01,411.39,328.97,34.13,200.06,148.0,446.16,6.14,50.23,13.95,100.69,487.92,336.23,107.9,0.0,220.83,243.46,116.07,135.35,363.73,346.45,91.27,2.64,59.41,194.11,387.28,248.88,103.54,185.5,72.9,103.42,58.45,21.05,62.0,102.62,168.08,637.68,29.63,67.82,408.94,216.98,119.94,551.89,14.41,218.66,156.6,505.71,213.24,122.66,129.4,43.94,2.84
2026-10-04 19:35,27.87,32.92,36.31,35.89,49.85,53.21,51.44,54.2,39.08,51.43,51.91,41.87,55.62,45.59,29.79,44.53,35.56,42.35,46.85,51.21,52.81,54.0,46.52,53.89,54.99,44.6,46.59,46.46,45.48,46.29,43.48,48.31,47.86,161.76,81.76,518.06,2961.97,183.45,708.74,428.52,696.12,112.7,747.92,189.9,103.35,277.96,179.9,151.16,235.57,81.21,46.94,206.26,94.84,765.38,41.79,159.43,276.82,36.26,719.28,60.6,162.65,261.15,117.56,38.11,128.15,19.13,709.76,152.59,227.44,274.99,18.18,482.4,87.62,246.66,58.96,285.94,13.87,55.67,312.12,607.41,51.19,199.53,325.44,456.98,125.87,217.77,583.07,549.57,195.37,7.51,160.71,136.66,105.3,179.99,55.15,143.02,249.74,88.58,33.44,50.77,283.89,72.25,195.72,198.13,8.06,163.55,288.91,288.23,112.84,319.89,82.04,395.02,120.74,519.12,156.83,128.65,136.12,43.91,2.84
2026-10-04 19:40,27.87,32.93,36.3,35.95,49.88,53.22,51.47,54.24,39.09,51.48,51.95,41.89,55.64,45.64,29.86,44.55,35.62,42.38,46.88,51.23,52.84,54.01,46.54,53.89,55.02,44.64,46.66,46.5,45.5,46.32,43.49,48.34,47.89,147.88,164.04,456.14,2648.3,493.63,15.08,448.07,123.48,107.67,619.45,308.77,155.57,747.96,131.47,233.48,276.81,67.26,113.77,86.9,94.98,947.87,5.65,164.31,446.98,84.95,633.31,253.96,162.88,187.91,134.46,47.95,537.04,29.54,488.54,162.98,242.92,280.21,36.48,566.86,138.41,263.45,35.63,180.86,11.85,59.46,112.1,561.72,208.45,467.46,237.83,522.69,186.72,107.38,600.93,378.27,34.66,7.62,3.42,304.17,383.38,213.51,110.65,342.7,49.2,133.34,54.37,59.66,119.39,160.8,72.61,766.65,29.33,192.18,276.03,120.81,117.99,93.88,51.89,365.3,289.32,126.66,236.23,127.49,134.35,43.92,2.85
2026-10-04 19:45,27.87,32.9,36.3,35.68,49.78,53.15,51.25,54.01,39.08,51.2,51.78,41.8,55.51,45.37,29.57,44.32,35.34,42.15,46.79,51.15,52.73,53.87,46.34,53.74,54.78,44.44,46.42,46.33,45.4,46.19,43.45,48.2,47.79,136.89,174.83,289.49,3143.92,279.17,428.95,0.0,827.24,114.64,1038.52,556.52,9.35,423.0,176.55,212.74,234.28,112.77,147.55,152.14,128.31,698.37,64.03,178.27,523.99,78.73,401.94,74.15,220.05,107.86,88.36,103.37,156.8,26.92,596.21,310.05,462.12,187.07,38.88,479.76,146.82,501.18,0.0,147.48,16.05,113.11,199.99,501.8,91.94,433.26,319.38,343.49,242.47,151.76,651.96,461.64,232.17,2.79,97.27,112.21,371.51,141.18,117.93,364.01,362.2,8.02,98.0,50.49,134.42,59.32,278.18,291.51,28.42,162.65,293.9,298.74,0.0,408.82,42.31,326.33,307.3,444.67,0.0,134.76,141.12,43.86,2.86
2026-10-04 19:50,27.92,32.94,36.34,36.12,50.03,53.42,51.66,54.42,39.08,51.58,52.01,41.93,55.8,45.79,30.03,44.74,35.78,42.57,47.05,51.33,52.99,54.18,46.73,54.08,55.2,44.75,46.75,46.57,45.54,46.38,43.52,48.4,47.93,106.85,273.88,217.19,3676.74,331.5,394.89,72.74,364.94,100.59,374.29,286.1,78.89,502.29,3.32,224.04,46.62,40.64,188.34,107.01,32.06,655.6,28.13,242.22,393.44,134.92,301.55,91.86,54.99,243.68,150.87,125.31,194.26,28.35,313.86,223.48,333.09,212.79,60.91,95.46,230.01,361.25,111.72,107.17,15.14,81.52,31.11,631.28,149.38,742.45,6.0,586.47,81.26,147.29,885.85,243.02,102.42,16.25,89.54,149.73,347.53,164.75,184.75,122.96,346.58,67.62,50.38,10.05,0.0,79.15,174.61,815.96,26.59,32.36,257.86,164.51,19.15,242.7,30.75,410.54,103.8,439.09,257.49,123.16,124.38,43.96,2.86
2026-10-04 19:55,27.9,32.96,36.34,35.85,49.82,53.17,51.38,54.14,39.07,51.32,51.87,41.84,55.59,45.52,29.76,44.47,35.51,42.3,46.82,51.19,52.78,53.95,46.47,53.84,54.92,44.56,46.56,46.42,45.44,46.25,43.46,48.27,47.83,125.22,260.81,366.49,2788.71,247.75,592.11,115.26,747.18,46.51,606.17,272.41,8.65,375.39,152.99,318.73,0.0,65.82,301.86,84.52,80.84,989.55,47.74,175.26,191.51,39.85,508.85,39.57,138.65,323.62,180.67,110.79,83.67,40.33,203.31,197.34,294.14,150.28,58.0,0.0,233.59,319.0,57.33,251.58,16.79,71.99,332.56,882.04,128.7,219.29,276.76,702.32,221.39,214.08,640.98,157.42,209.7,5.03,134.27,67.31,7.02,107.6,175.92,307.16,372.25,7.41,47.97,0.0,123.57,35.58,240.42,555.93,0.54,0.0,119.22,245.19,30.35,417.04,72.18,573.61,259.31,612.81,204.66,130.96,137.79,43.9,2.87
2026-10-04 20:00,27.92,32.93,36.32,35.87,49.85,53.2,51.43,54.19,39.07,51.36,51.92,41.88,55.62,45.58,29.75,44.49,35.54,42.34,46.86,51.21,52.81,54.0,46.5,53.87,54.97,44.59,46.59,46.46,45.49,46.3,43.48,48.33,47.88,117.83,84.63,209.37,3099.63,721.96,0.0,694.51,268.27,158.21,498.53,260.85,177.24,1093.91,107.93,155.64,301.58,54.13,298.26,167.25,83.75,1036.18,17.32,32.64,529.4,17.16,290.7,250.8,143.64,325.69,95.08,87.06,530.37,19.69,666.33,176.65,263.29,132.91,18.82,617.59,88.37,285.54,53.05,26.18,18.36,64.44,157.63,237.84,182.09,94.46,195.24,369.59,137.83,164.3,119.39,515.93,75.29,0.0,0.0,149.0,310.53,135.14,57.09,382.96,229.74,151.91,45.93,65.0,21.6,78.77,328.14,748.8,23.76,209.38,405.59,255.01,182.88,545.73,7.51,154.67,323.3,145.51,159.64,128.66,134.71,43.9,2.87
2026-10-04 20:05,27.8,32.86,36.28,35.95,49.93,53.31,51.5,54.26,39.09,51.49,51.91,41.86,55.69,45.65,29.83,44.56,35.62,42.41,46.94,51.26,52.89,54.11,46.57,53.97,55.04,44.64,46.63,46.47,45.46,46.28,43.47,48.3,47.86,104.52,414.48,327.13,3315.16,494.63,378.48,156.52,755.56,155.91,585.95,221.79,124.83,749.47,158.08,180.0,84.16,63.62,307.43,271.09,39.01,787.78,31.1,201.37,431.12,95.74,454.19,304.56,66.9,166.42,235.0,20.39,644.05,22.78,361.06,404.41,602.77,153.31,92.17,172.35,362.97,653.72,70.52,224.69,17.88,147.53,382.63,557.46,277.59,526.84,285.97,913.52,119.12,161.06,736.45,279.57,212.05,10.12,85.82,109.67,379.95,74.39,279.58,232.72,240.63,106.99,39.05,18.14,203.64,57.98,187.51,449.73,29.07,58.43,399.69,157.07,41.22,530.15,64.47,362.53,196.46,469.34,215.17,128.85,131.44,43.92,2.88
2026-10-04 20:10,27.93,32.97,36.36,36.01,49.93,53.3,51.52,54.27,39.08,51.53,52.0,41.93,55.7,45.67,29.92,44.59,35.68,42.44,46.94,51.26,52.89,54.07,46.6,53.96,55.07,44.7,46.7,46.55,45.55,46.38,43.52,48.4,47.93,95.55,287.5,218.79,3111.5,58.38,477.9,314.97,789.75,106.8,403.65,68.18,112.9,88.46,26.75,166.64,8.28,43.83,89.3,293.22,40.46,811.46,42.01,129.76,365.7,58.36,303.78,175.48,69.39,99.6,195.73,67.5,371.09,21.08,498.55,136.89,204.04,107.46,63.93,16.95,270.9,221.29,94.29,113.82,19.84,49.94,408.84,611.27,325.72,321.14,48.38,760.86,0.0,263.4,474.56,386.03,221.65,7.11,108.37,229.35,241.75,155.0,193.93,337.69,541.51,96.76,12.01,1.78,174.2,121.24,100.56,626.6,18.5,5.75,273.79,39.85,82.94,388.57,32.66,397.52,285.08,385.85,78.76,124.17,130.99,43.93,2.88
2026-10-04 20:15,27.89,32.97,36.34,35.73,49.77,53.13,51.26,54.03,39.08,51.24,51.8,41.79,55.5,45.41,29.61,44.35,35.4,42.17,46.78,51.14,52.71,53.88,46.35,53.74,54.8,44.47,46.46,46.34,45.39,46.19,43.44,48.21,47.79,110.32,316.32,109.61,2862.39,262.23,192.17,582.41,384.68,216.21,150.64,139.09,142.4,397.33,86.39,261.91,180.11,16.36,439.23,181.93,89.05,811.65,65.82,298.89,0.0,42.93,152.18,175.06,152.72,111.1,262.1,53.42,370.21,33.14,376.3,223.52,333.16,39.28,70.34,368.83,272.06,361.32,118.06,195.88,17.76,81.54,502.42,758.67,143.0,236.27,156.29,1018.84,72.54,65.54,1093.1,291.37,107.96,7.27,43.58,253.53,110.11,255.03,213.37,324.17,490.91,122.05,24.49,38.82,38.04,134.03,125.59,771.84,8.42,125.04,554.26,310.69,153.36,241.46,56.2,493.38,273.67,330.05,252.72,134.69,141.82,43.87,2.89
2026-10-04 20:20,27.91,32.98,36.35,35.95,49.9,53.27,51.47,54.23,39.07,51.44,51.96,41.89,55.66,45.62,29.85,44.57,35.62,42.39,46.91,51.23,52.86,54.05,46.56,53.92,55.01,44.63,46.64,46.5,45.5,46.33,43.49,48.36,47.89,100.48,194.44,293.36,2601.12,159.51,569.41,720.99,554.59,105.82,0.0,304.75,227.05,241.69,125.22,220.87,49.99,0.0,164.84,193.43,56.4,821.93,17.77,125.05,603.68,12.77,407.31,126.44,96.73,137.73,108.92,83.14,267.39,27.95,473.79,252.45,376.28,54.76,43.24,102.37,173.72,408.08,63.97,266.87,19.46,92.1,71.34,1073.16,289.86,70.28,226.52,423.41,333.33,238.21,457.32,366.85,155.65,7.43,129.12,247.44,265.76,175.92,131.16,246.07,322.28,194.61,53.66,10.77,246.11,130.81,247.99,508.62,20.33,34.71,271.26,286.19,189.86,456.08,76.57,697.9,207.73,592.22,278.13,127.6,133.72,43.92,2.9
2026-10-04 20:25,28.0,33.09,36.41,36.32,50.12,53.52,51.84,54.6,39.09,51.82,52.18,42.04,55.93,45.98,30.24,44.91,35.99,42.76,47.13,51.4,53.09,54.34,46.9,54.24,55.38,44.91,46.93,46.73,45.67,46.53,43.57,48.56,48.04,89.43,111.0,37.28,1889.54,409.23,614.42,377.07,93.15,115.48,995.63,312.91,93.64,620.07,94.89,180.78,147.63,108.11,164.3,33.78,10.13,720.22,27.71,219.78,339.12,22.95,51.77,204.16,17.37,131.87,72.96,26.5,431.74,22.87,569.79,135.61,202.12,99.4,24.68,302.31,101.7,219.2,62.25,41.5,17.35,49.47,260.99,569.72,132.76,126.31,171.66,283.63,165.37,53.26,803.77,441.19,26.14,5.65,139.33,148.11,246.27,228.51,74.88,100.03,379.97,80.26,55.1,31.82,89.96,78.3,178.53,174.83,18.84,102.49,296.03,136.57,99.29,236.99,11.91,370.5,84.45,647.82,0.0,115.59,117.88,44.0,2.9
2026-10-04 20:30,27.96,33.05,36.4,36.01,49.97,53.36,51.55,54.31,39.08,51.53,52.04,41.95,55.74,45.7,29.92,44.64,35.68,42.46,46.98,51.29,52.93,54.15,46.63,54.04,55.09,44.71,46.73,46.58,45.57,46.41,43.52,48.44,47.96,93.22,248.28,270.57,1896.05,268.63,765.39,410.26,579.71,120.81,808.74,333.09,132.01,407.03,71.45,280.24,72.41,87.82,203.25,122.21,39.24,718.94,35.15,132.2,649.13,23.98,375.67,207.41,67.31,189.51,71.44,82.57,438.6,35.46,248.1,251.91,375.47,108.28,55.21,148.28,219.13,407.21,87.01,84.34,19.78,91.9,334.99,472.72,4.64,131.96,129.25,277.71,230.02,86.1,483.49,192.1,162.7,10.16,173.56,235.15,367.76,183.93,167.48,78.04,283.21,113.15,58.65,15.61,289.35,124.31,204.94,106.0,28.14,50.27,309.7,59.58,108.03,457.26,24.2,307.42,65.89,783.58,190.05,123.15,128.12,43.93,2.91
2026-10-04 20:35,27.98,33.05,36.4,35.93,49.87,53.23,51.43,54.2,39.09,51.48,51.95,41.89,55.63,45.62,29.84,44.53,35.6,42.35,46.87,51.22,52.83,54.04,46.52,53.91,54.99,44.64,46.64,46.49,45.51,46.32,43.49,48.35,47.89,90.51,106.38,386.58,1362.65,625.42,361.59,656.99,923.17,99.71,299.08,304.83,64.34,947.65,140.01,205.13,146.18,32.47,155.32,168.79,98.27,754.18,25.13,200.15,230.35,93.27,536.74,121.43,168.53,233.83,242.82,29.23,256.79,25.96,492.57,95.73,142.68,222.12,23.66,299.34,93.38,154.74,40.78,136.29,20.75,34.92,284.37,194.28,274.66,513.25,253.27,943.89,211.63,237.0,731.99,381.39,259.09,7.56,81.99,189.27,128.42,125.93,71.76,360.14,137.01,55.14,53.68,31.5,224.32,100.06,193.48,145.37,9.83,101.48,255.61,316.76,173.0,38.01,39.1,126.35,304.04,371.79,115.99,127.77,134.7,43.9,2.92
2026-10-04 20:40,27.97,33.06,36.4,35.85,49.91,53.3,51.42,54.19,39.07,51.29,51.8,41.8,55.65,45.53,29.74,44.49,35.51,42.32,46.92,51.24,52.86,54.06,46.51,53.93,54.95,44.52,46.49,46.35,45.39,46.18,43.44,48.19,47.78,84.38,424.29,261.8,1309.1,657.76,713.88,337.65,905.16,47.08,355.5,300.14,189.22,996.65,45.41,255.57,62.51,38.6,137.72,95.64,74.86,648.62,36.8,179.7,289.1,7.31,363.48,187.54,128.38,65.44,126.66,114.03,396.59,32.34,241.39,302.11,450.3,62.64,94.35,128.01,366.58,488.36,107.95,289.94,18.91,110.21,249.14,454.43,139.37,40.23,82.15,492.35,188.06,101.16,657.21,186.91,254.04,7.7,161.88,105.29,233.54,192.7,286.2,257.44,305.39,162.18,52.85,13.47,17.56,55.66,253.44,267.2,17.87,43.4,120.68,163.5,88.91,466.9,83.19,295.53,217.33,766.08,89.85,133.31,133.24,43.88,2.92
2026-10-04 20:45,27.96,33.08,36.4,35.79,49.86,53.23,51.35,54.12,39.08,51.31,51.85,41.84,55.59,45.49,29.68,44.41,35.46,42.26,46.87,51.2,52.81,54.0,46.43,53.85,54.9,44.53,46.52,46.4,45.43,46.23,43.46,48.25,47.83,91.77,164.55,224.43,742.56,539.94,509.03,446.3,651.04,152.15,411.77,125.35,105.0,818.12,50.56,216.05,138.1,44.71,228.84,58.49,81.08,550.77,30.07,245.54,366.06,36.09,311.6,189.23,139.06,115.03,20.58,77.84,400.17,27.34,574.36,299.22,445.99,315.02,36.59,282.81,161.41,483.69,6.8,243.96,17.22,109.16,429.67,687.8,100.56,198.58,91.46,79.99,258.68,203.28,897.99,444.72,182.72,3.19,115.43,264.49,305.04,148.77,110.99,493.55,413.64,90.0,22.07,29.76,290.22,139.82,300.64,555.69,23.34,95.88,390.05,227.11,117.52,397.46,70.0,447.29,416.66,628.55,36.56,131.56,136.51,43.87,2.93
2026-10-04 20:50,28.03,33.13,36.44,36.05,49.95,53.31,51.58,54.35,39.09,51.59,52.04,41.96,55.74,45.73,29.95,44.65,35.72,42.5,46.96,51.28,52.92,54.1,46.65,54.0,55.13,44.73,46.74,46.58,45.57,46.41,43.53,48.43,47.96,92.02,324.5,303.95,500.97,575.39,471.04,74.83,670.39,108.35,132.1,352.8,36.94,871.83,73.47,94.58,215.98,14.34,91.65,74.91,50.33,475.13,45.58,37.99,713.46,40.8,422.0,119.61,86.31,172.92,111.45,27.29,252.95,11.97,572.64,227.76,339.48,130.71,72.16,442.29,294.07,368.17,116.72,113.32,20.71,83.09,205.98,664.26,202.1,224.53,132.9,433.25,235.14,168.28,138.94,443.39,188.15,7.92,106.81,120.6,339.75,44.72,218.89,291.7,414.84,31.66,62.12,46.55,0.0,63.75,56.51,411.4,25.99,149.95,277.77,203.29,19.7,231.77,32.51,431.98,246.26,442.84,120.85,122.85,129.01,43.93,2.94
2026-10-04 20:55,28.03,33.14,36.45,36.02,49.89,53.25,51.54,54.31,39.07,51.48,51.99,41.9,55.68,45.71,29.93,44.61,35.68,42.46,46.9,51.24,52.86,54.08,46.6,53.96,55.1,44.68,46.7,46.53,45.52,46.35,43.5,48.38,47.9,77.88,52.53,322.87,237.68,418.47,1041.01,291.14,773.22,76.29,880.69,471.92,122.33,634.07,44.51,225.05,175.23,95.63,406.7,163.93,66.46,488.9,47.05,75.76,483.04,86.84,448.28,16.02,113.98,177.45,254.02,105.87,33.89,28.48,368.67,132.58,197.61,177.83,11.68,358.85,73.19,214.31,12.0,229.4,22.05,48.36,294.31,325.12,311.55,477.88,80.52,987.43,156.41,64.46,277.08,285.46,217.01,5.27,236.06,215.66,154.9,160.64,35.43,175.45,134.67,104.85,83.1,37.77,79.48,114.01,273.12,523.45,11.85,121.66,195.57,274.7,76.67,293.18,65.82,211.43,148.12,1061.9,149.06,126.18,132.82,43.92,2.94
2026-10-04 21:00,28.07,33.17,36.47,35.99,49.92,53.3,51.52,54.29,39.08,51.49,51.96,41.91,55.7,45.67,29.89,44.59,35.66,42.44,46.93,51.25,52.89,54.08,46.6,53.97,55.07,44.67,46.67,46.51,45.52,46.33,43.5,48.34,47.9,76.43,318.82,199.68,180.21,308.56,177.53,292.72,1013.28,140.04,1106.39,74.69,58.56,467.54,36.85,240.57,154.69,120.13,244.31,251.25,60.39,399.31,37.9,175.97,350.23,60.32,277.25,153.13,103.57,246.94,68.76,68.72,323.81,30.44,444.27,116.43,173.54,204.76,70.9,316.78,277.14,188.2,98.34,293.8,20.62,42.47,275.87,0.0,233.97,331.93,66.67,267.3,131.05,142.2,643.55,344.0,284.38,10.69,40.26,307.57,111.81,175.94,215.06,184.69,360.06,50.19,13.15,33.34,273.46,162.6,154.42,410.76,8.55,107.4,358.99,284.51,77.08,326.73,84.3,0.0,155.92,200.41,20.82,125.86,130.91,43.91,2.95
2026-10-04 21:05,28.06,33.18,36.48,36.12,50.02,53.43,51.65,54.42,39.09,51.68,52.1,41.99,55.8,45.81,30.02,44.7,35.79,42.57,47.03,51.32,52.99,54.21,46.71,54.09,55.2,44.8,46.81,46.64,45.61,46.46,43.55,48.48,47.99,80.79,118.27,76.4,198.74,210.52,236.54,353.82,509.33,120.11,454.0,39.35,124.0,318.98,58.6,208.35,219.34,49.3,236.25,195.06,63.49,454.93,32.26,122.81,753.07,89.53,106.07,94.14,108.88,142.07,111.15,73.55,199.08,26.36,200.9,341.64,509.22,239.07,26.3,449.17,117.45,552.26,44.29,189.91,21.41,124.63,341.02,857.92,201.82,492.7,106.01,432.05,148.15,30.38,449.12,155.55,142.95,6.04,53.64,183.55,246.27,150.47,79.78,342.97,384.86,106.28,6.93,47.27,127.3,97.03,163.69,351.5,18.84,152.28,307.91,241.99,93.17,408.71,54.49,557.93,289.54,396.47,264.97,119.15,125.49,43.94,2.96
2026-10-04 21:10,28.05,33.16,36.46,35.84,49.88,53.26,51.39,54.16,39.08,51.37,51.85,41.84,55.62,45.53,29.73,44.47,35.51,42.29,46.89,51.22,52.83,54.0,46.48,53.87,54.93,44.56,46.54,46.41,45.45,46.24,43.47,48.26,47.83,76.05,163.47,152.13,171.82,431.63,437.3,410.2,606.3,0.0,702.32,188.07,74.26,654.01,32.09,283.07,141.17,76.26,240.84,262.61,88.22,360.75,13.79,252.13,248.51,126.76,211.22,304.05,151.29,105.36,104.43,22.79,642.97,35.82,372.07,204.95,305.48,239.13,36.35,289.08,156.39,331.3,85.55,178.27,17.2,74.77,223.52,191.12,179.25,697.56,58.06,405.96,157.97,140.56,922.11,288.09,170.16,8.07,99.16,262.2,188.35,111.61,110.27,390.56,390.23,63.64,33.12,30.42,91.3,138.61,233.01,529.41,14.41,98.01,0.0,132.32,108.02,579.18,51.15,124.29,329.72,576.91,313.31,130.67,134.18,43.87,2.97
2026-10-04 21:15,28.1,33.22,36.51,36.16,50.05,53.44,51.68,54.44,39.08,51.65,52.16,42.04,55.83,45.83,30.06,44.76,35.83,42.6,47.06,51.34,53.01,54.23,46.75,54.12,55.23,44.82,46.85,46.69,45.66,46.53,43.58,48.56,48.05,77.57,86.97,421.14,191.94,288.44,414.83,376.76,108.69,70.25,792.14,198.06,69.99,437.04,92.14,159.84,102.15,86.01,106.15,198.41,78.91,323.12,25.83,266.9,594.45,14.01,584.72,25.41,135.33,62.05,72.8,120.14,53.74,20.22,381.36,132.69,197.77,68.4,19.34,209.19,86.16,214.48,36.88,295.21,19.54,48.4,171.07,687.84,234.26,77.1,166.68,282.99,139.86,134.95,976.12,295.29,30.5,5.82,94.07,163.49,28.1,163.5,58.66,485.87,373.97,59.99,34.88,22.02,197.82,86.43,228.97,250.36,2.15,70.92,180.09,117.43,99.21,168.17,84.7,447.32,410.18,521.4,302.66,116.74,123.74,43.94,2.97
2026-10-04 21:20,28.08,33.18,36.48,35.91,49.87,53.23,51.46,54.22,39.09,51.45,51.96,41.91,55.63,45.6,29.8,44.53,35.58,42.37,46.88,51.22,52.82,53.97,46.53,53.88,55.0,44.63,46.63,46.5,45.52,46.34,43.5,48.36,47.91,85.01,144.07,349.55,169.79,456.19,0.0,28.1,452.49,105.63,860.36,357.67,91.2,691.22,126.97,55.65,217.59,93.42,111.66,146.39,79.22,370.85,11.73,107.68,501.15,103.96,485.32,220.61,135.86,184.25,135.94,35.1,466.52,7.04,477.89,221.6,330.29,165.43,32.04,445.59,124.16,358.21,8.32,397.39,17.24,80.84,319.95,293.62,128.39,572.09,229.68,528.45,224.64,176.59,393.79,370.03,126.99,0.3,0.0,131.05,141.4,175.74,97.18,236.07,414.05,78.17,62.98,46.9,117.58,69.28,150.75,338.28,10.82,151.07,270.78,245.38,7.4,518.37,114.02,190.95,199.3,204.31,124.54,126.64,134.96,43.89,2.98
2026-10-04 21:25,28.08,33.2,36.5,36.06,49.98,53.37,51.61,54.37,39.08,51.55,52.03,41.95,55.77,45.74,29.95,44.68,35.73,42.52,46.99,51.3,52.95,54.16,46.67,54.05,55.15,44.73,46.74,46.58,45.57,46.4,43.53,48.43,47.95,88.11,204.76,510.14,200.33,359.9,575.26,368.47,623.05,97.88,828.96,208.61,113.97,545.32,83.76,205.64,75.0,90.01,12.51,211.45,25.1,240.5,39.77,213.76,351.29,113.77,708.28,190.3,43.05,246.82,2.32,75.55,402.43,26.02,386.92,251.41,374.73,77.37,45.54,153.59,184.74,406.4,86.0,58.69,16.65,91.72,283.13,0.0,176.74,626.05,151.53,9.0,152.97,89.69,781.75,299.59,174.86,6.87,130.45,102.13,255.48,198.08,138.12,209.58,469.98,97.69,36.73,16.16,105.96,53.99,200.77,449.93,19.55,52.07,250.91,187.2,97.03,455.39,16.84,0.0,176.93,548.11,404.29,122.24,126.76,43.92,2.99
2026-10-04 21:30,28.14,33.24,36.54,36.33,50.09,53.48,51.84,54.6,39.08,51.79,52.24,42.08,55.91,46.0,30.25,44.9,36.0,42.76,47.1,51.38,53.07,54.3,46.89,54.21,55.39,44.94,46.98,46.78,45.71,46.59,43.6,48.61,48.09,63.93,164.35,11.44,176.01,273.87,338.96,322.21,753.39,22.51,968.21,196.87,55.6,414.98,123.72,97.7,118.89,105.13,230.31,219.26,43.76,285.66,29.61,133.87,419.72,53.55,15.88,62.8,75.04,268.01,85.74,35.29,132.81,12.36,503.55,336.82,502.02,300.49,36.55,243.47,151.05,544.45,22.13,0.0,14.4,122.87,191.71,536.05,165.85,294.7,223.8,333.29,99.59,49.62,489.59,389.89,211.44,10.2,76.86,127.98,160.94,180.8,110.86,223.04,163.34,47.66,34.67,25.62,98.45,67.66,216.66,328.5,12.31,82.54,57.72,328.95,84.85,330.2,0.0,348.61,188.3,590.46,114.48,112.95,118.89,43.98,3.0
2026-10-04 21:35,28.09,33.2,36.51,36.02,49.96,53.34,51.55,54.33,39.08,51.52,52.02,41.95,55.74,45.71,29.91,44.62,35.69,42.47,46.97,51.28,52.92,54.15,46.62,54.01,55.11,44.71,46.72,46.57,45.57,46.39,43.53,48.42,47.95,75.36,41.79,269.93,216.25,508.95,666.54,388.09,1147.22,92.48,348.3,59.51,114.6,771.17,0.0,231.47,246.69,37.82,270.35,190.36,84.88,326.79,46.43,169.17,291.75,74.71,374.77,58.21,145.58,197.92,41.61,72.07,123.1,29.29,522.09,330.56,492.7,180.02,9.29,505.18,50.82,534.34,57.84,355.67,11.97,120.59,203.46,662.9,185.09,411.15,0.0,161.74,0.0,28.35,618.7,404.25,321.97,10.47,151.14,73.13,122.8,233.34,28.19,291.11,361.85,98.22,10.48,53.17,271.62,38.66,184.85,624.29,9.39,171.27,237.07,294.92,102.19,292.63,102.05,431.1,245.76,707.01,379.13,122.46,129.69,43.9,3.01
2026-10-04 21:40,28.14,33.26,36.55,36.06,49.97,53.35,51.59,54.35,39.08,51.59,52.05,41.96,55.75,45.75,29.97,44.66,35.73,42.51,46.98,51.29,52.94,54.15,46.66,54.04,55.14,44.74,46.75,46.59,45.58,46.41,43.54,48.44,47.96,57.5,225.21,149.18,206.7,168.64,556.13,162.85,299.46,25.14,221.46,141.43,87.64,255.53,91.53,122.3,237.5,24.05,343.23,117.23,44.37,238.48,30.13,83.48,588.86,65.49,207.12,216.98,76.1,170.19,208.45,53.32,458.85,15.47,324.17,161.51,240.72,135.14,50.08,486.36,200.42,261.07,53.6,186.99,10.95,58.92,235.68,515.83,259.0,360.39,165.59,810.28,124.06,170.71,305.3,251.0,84.05,9.68,126.11,102.81,144.88,159.17,151.91,242.97,191.51,75.12,24.9,51.19,90.15,54.35,71.27,254.98,11.08,164.89,64.44,68.15,42.88,351.92,53.65,335.46,205.12,581.49,331.86,121.69,128.42,43.91,3.01
2026-10-04 21:45,28.15,33.26,36.56,36.11,49.98,53.36,51.61,54.38,39.09,51.61,52.03,41.94,55.77,45.77,30.02,44.71,35.77,42.54,46.99,51.3,52.95,54.15,46.68,54.05,55.17,44.75,46.75,46.58,45.56,46.4,43.52,48.42,47.94,79.08,396.5,283.96,176.01,269.98,956.76,721.12,660.93,88.51,71.9,73.41,57.16,409.08,124.91,56.98,126.68,7.81,42.17,277.07,87.41,279.24,20.57,182.94,157.89,71.2,394.26,49.93,149.91,194.16,116.43,65.24,105.59,7.21,399.05,0.0,0.0,136.31,88.17,259.42,349.41,0.0,25.96,277.98,7.47,0.0,183.1,456.81,120.66,391.83,225.96,452.58,77.15,147.19,669.04,308.98,185.49,2.31,216.95,169.26,218.74,149.37,267.45,176.28,290.32,48.99,12.93,27.3,149.7,89.48,201.13,393.35,16.73,87.95,226.91,103.0,189.89,178.57,79.76,297.07,148.82,825.79,366.53,122.62,127.36,43.92,3.02
2026-10-04 21:50,28.2,33.29,36.58,36.21,50.06,53.47,51.71,54.47,39.08,51.71,52.17,42.03,55.83,45.88,30.11,44.79,35.87,42.63,47.07,51.35,53.02,54.22,46.78,54.11,55.26,44.85,46.89,46.71,45.67,46.53,43.57,48.55,48.04,64.5,179.06,80.16,222.33,160.73,507.1,376.32,490.15,41.68,850.15,436.25,162.81,243.53,27.94,159.15,166.35,92.31,89.1,182.94,45.05,223.24,23.72,0.0,254.02,0.0,111.3,148.92,77.26,186.58,238.7,56.89,314.91,20.14,0.0,205.68,306.57,245.95,39.82,340.66,160.97,332.48,78.37,252.67,9.96,75.03,236.13,100.48,131.27,0.0,50.55,927.88,133.55,117.21,0.0,0.0,137.56,0.79,114.99,139.09,217.9,170.21,120.79,280.44,106.45,139.55,76.82,35.85,108.46,73.53,169.8,328.33,16.67,115.49,106.84,206.83,99.09,373.02,72.5,65.35,236.75,596.78,315.51,116.33,122.36,43.94,3.03
2026-10-04 21:55,28.17,33.29,36.58,36.15,49.99,53.37,51.66,54.43,39.08,51.62,52.15,42.03,55.79,45.83,30.05,44.76,35.81,42.58,46.99,51.31,52.96,54.16,46.74,54.05,55.22,44.8,46.84,46.68,45.66,46.51,43.57,48.54,48.04,78.45,244.66,131.56,200.62,205.49,155.7,624.97,406.85,75.38,307.81,370.74,115.03,311.37,114.07,204.73,233.32,33.42,151.11,185.5,45.44,264.0,47.05,257.75,351.39,70.76,182.66,20.81,77.94,213.18,15.05,49.21,44.0,25.9,289.29,77.14,114.98,270.3,54.41,477.8,222.71,124.7,32.86,199.16,7.02,28.14,205.44,937.25,26.16,389.37,206.36,58.5,195.45,33.55,942.65,224.0,114.18,3.89,35.31,133.46,20.18,266.74,165.03,10.94,34.45,98.6,65.28,50.29,35.51,70.55,164.67,740.4,1.54,161.99,193.24,346.94,164.57,555.34,57.14,609.51,9.23,364.17,127.97,117.55,127.02,43.93,3.04
2026-10-04 22:00,28.2,33.29,36.59,36.28,50.1,53.49,51.79,54.56,39.08,51.78,52.25,42.08,55.9,45.95,30.2,44.87,35.95,42.72,47.12,51.38,53.08,54.29,46.85,54.19,55.35,44.91,46.97,46.78,45.72,46.6,43.59,48.63,48.1,84.19,241.0,293.09,245.06,248.48,270.64,497.05,656.24,47.42,181.27,416.22,191.18,376.5,105.9,213.87,221.54,19.68,110.1,75.41,16.37,279.06,18.94,201.66,876.03,84.61,406.93,0.0,28.07,81.86,5.64,48.99,0.0,27.06,177.59,137.14,204.41,209.19,53.59,453.68,215.37,221.69,36.09,346.09,5.56,50.03,60.42,189.89,126.0,465.6,191.57,21.93,286.14,29.85,737.51,137.51,184.18,7.83,61.37,194.12,0.0,231.97,162.56,207.26,269.88,163.86,73.29,47.75,142.34,102.62,139.93,426.16,0.0,153.81,121.57,203.23,130.89,234.83,99.3,123.49,174.97,198.23,259.31,113.21,119.47,43.96,3.05
2026-10-04 22:05,28.15,33.27,36.57,36.03,49.93,53.28,51.54,54.31,39.08,51.52,51.99,41.93,55.71,45.7,29.93,44.64,35.7,42.47,46.94,51.26,52.89,54.08,46.62,53.98,55.09,44.69,46.7,46.54,45.55,46.36,43.52,48.39,47.93,92.65,176.6,280.74,233.77,420.96,246.41,644.93,189.87,107.12,935.68,98.1,173.96,637.84,34.31,108.28,220.74,101.6,172.82,188.55,89.14,285.11,50.6,210.22,443.28,45.98,389.78,179.53,152.87,219.79,61.41,92.49,379.65,13.7,473.63,265.11,395.14,103.13,39.27,452.03,162.45,428.54,68.29,46.03,6.83,96.71,155.63,825.4,117.15,253.02,62.06,238.73,143.1,182.03,768.82,366.73,53.29,13.97,55.88,110.38,190.23,292.89,119.12,186.33,325.12,149.11,17.27,47.57,95.0,58.35,123.78,414.58,14.55,153.25,274.61,70.51,169.83,224.18,13.21,536.78,157.3,426.87,356.74,123.91,130.65,43.9,3.06
2026-10-04 22:10,28.19,33.3,36.6,36.09,49.98,53.36,51.62,54.39,39.08,51.56,52.1,41.98,55.77,45.76,30.01,44.7,35.75,42.54,46.98,51.3,52.95,54.18,46.69,54.07,55.17,44.76,46.79,46.63,45.61,46.46,43.54,48.49,47.99,84.64,360.28,234.14,233.04,108.83,605.07,263.14,524.08,0.0,535.35,287.44,89.62,164.89,102.83,146.01,199.62,58.13,8.8,221.22,94.1,214.62,42.24,118.68,582.47,59.19,325.08,98.18,161.38,268.78,144.93,75.8,207.63,18.48,154.48,67.41,100.47,146.1,80.12,408.78,314.56,108.96,22.89,127.12,8.04,24.59,429.91,662.49,223.78,325.7,186.02,563.38,154.76,202.64,434.04,119.61,147.09,4.57,137.21,152.99,67.58,37.56,243.02,281.87,467.49,76.82,50.61,43.02,73.77,80.88,155.84,441.7,5.17,138.59,0.0,0.0,69.29,262.09,36.47,430.84,237.96,686.31,187.48,120.6,127.2,43.91,3.06
2026-10-04 22:15,28.16,33.29,36.59,36.08,50.02,53.42,51.62,54.38,39.07,51.5,52.05,41.96,55.79,45.76,29.99,44.7,35.75,42.54,47.03,51.32,52.99,54.21,46.7,54.08,55.16,44.73,46.73,46.59,45.58,46.42,43.53,48.45,47.97,109.31,255.73,382.48,237.39,203.01,640.98,330.06,322.59,175.12,627.92,267.59,30.03,307.6,121.21,49.01,235.35,68.18,118.72,116.89,106.57,269.33,20.32,221.07,10.35,39.48,531.05,235.72,182.77,93.87,185.74,81.57,498.47,6.2,333.46,41.15,61.33,135.02,56.87,481.96,222.03,66.52,63.73,268.46,7.67,15.01,325.17,701.87,0.0,217.27,219.26,722.0,115.66,92.81,808.5,258.2,90.54,1.23,145.35,123.72,253.16,163.0,172.5,230.79,227.71,25.74,47.12,50.72,214.23,65.4,36.4,551.14,19.37,163.4,448.92,110.74,86.91,280.71,77.03,456.44,194.84,571.25,35.03,121.96,125.44,43.9,3.07
2026-10-04 22:20,28.24,33.34,36.63,36.38,50.17,53.58,51.88,54.63,39.08,51.85,52.28,42.12,55.97,46.02,30.3,44.97,36.04,42.81,47.18,51.42,53.14,54.37,46.95,54.27,55.42,44.97,47.0,46.81,45.77,46.64,43.62,48.67,48.13,120.74,156.14,186.04,185.28,197.12,661.44,222.42,635.89,0.0,490.05,371.95,152.73,298.67,25.12,0.0,137.27,53.21,263.7,88.7,27.0,290.44,19.17,189.4,638.89,7.01,258.31,223.38,46.31,149.22,134.02,30.32,472.38,0.0,682.72,150.31,224.04,122.35,34.72,281.1,156.25,242.97,53.2,182.82,10.13,54.83,84.12,53.81,144.24,38.56,45.45,520.96,126.44,116.57,692.68,528.63,178.47,0.0,149.99,195.98,40.69,226.72,105.32,135.52,319.01,130.9,65.5,29.58,233.91,103.6,43.08,46.34,3.11,95.3,0.0,195.8,58.57,191.07,52.46,34.99,114.4,559.28,91.26,110.05,114.44,43.97,3.08
2026-10-04 22:25,28.22,33.33,36.63,36.3,50.08,53.49,51.81,54.56,39.08,51.75,52.23,42.09,55.9,45.94,30.23,44.9,35.96,42.73,47.09,51.38,53.06,54.29,46.88,54.19,55.35,44.9,46.93,46.76,45.72,46.59,43.61,48.62,48.1,164.29,131.43,258.22,214.81,185.45,202.2,270.26,555.06,93.79,843.51,266.4,61.34,280.99,144.03,83.09,184.45,91.59,132.18,25.83,72.8,257.76,27.32,179.13,174.23,36.39,358.52,141.2,124.84,164.38,142.56,83.01,298.59,10.51,393.33,141.47,210.87,103.72,29.23,377.72,120.85,228.69,0.0,217.41,9.33,51.61,172.59,649.33,156.77,200.27,260.55,554.18,189.41,137.27,655.11,304.55,155.78,6.25,45.85,64.1,100.08,177.86,88.66,108.74,566.32,52.57,46.91,39.75,63.05,33.88,138.82,551.61,7.66,128.06,240.45,167.51,71.17,24.53,62.38,422.27,91.8,299.85,79.8,112.38,120.08,43.95,3.09
2026-10-04 22:30,28.24,33.34,36.63,36.22,50.05,53.42,51.73,54.48,39.08,51.71,52.15,42.04,55.84,45.89,30.13,44.79,35.89,42.65,47.07,51.35,53.02,54.21,46.79,54.12,55.28,44.85,46.88,46.69,45.66,46.51,43.57,48.53,48.03,150.4,296.7,315.9,142.72,470.43,178.77,158.07,487.98,168.29,520.49,295.67,72.66,712.79,27.18,61.13,144.16,56.52,292.33,76.31,76.97,249.86,16.96,70.52,269.89,17.06,438.6,197.37,132.01,167.6,125.4,92.08,417.38,7.73,313.16,105.4,157.1,232.88,65.98,295.22,250.42,170.38,21.52,0.0,14.08,38.45,221.61,216.96,66.18,93.88,49.17,487.47,179.98,156.0,257.9,242.48,136.95,7.4,40.54,243.97,153.27,152.17,200.13,344.64,292.26,62.28,52.06,31.07,88.03,128.98,0.0,762.4,11.73,100.09,431.42,222.27,41.62,328.8,0.0,141.1,290.95,361.18,134.93,116.94,122.06,43.93,3.1
2026-10-04 22:35,28.23,33.36,36.65,36.29,50.08,53.47,51.8,54.55,39.08,51.76,52.21,42.07,55.89,45.94,30.2,44.89,35.95,42.72,47.09,51.38,53.06,54.25,46.87,54.17,55.34,44.9,46.93,46.74,45.71,46.56,43.59,48.59,48.08,203.73,280.86,394.73,201.63,290.95,492.3,136.17,261.59,135.89,380.52,177.63,88.83,440.85,29.73,169.86,99.53,41.32,124.59,73.5,22.87,254.64,46.74,181.38,571.26,36.19,548.05,197.36,39.21,223.24,96.65,60.51,417.35,21.49,458.45,158.74,236.6,203.81,62.46,203.83,249.55,256.6,47.59,41.95,13.04,57.91,322.7,248.63,161.8,199.18,53.78,375.71,114.62,93.86,663.36,354.98,73.42,4.03,111.63,201.43,148.17,161.83,189.45,16.25,454.69,76.13,31.28,21.45,61.95,106.49,77.63,585.69,11.34,69.1,348.37,237.64,35.86,285.66,12.04,161.69,13.72,553.37,203.86,113.59,119.83,43.94,3.11
2026-10-04 22:40,28.28,33.4,36.68,36.5,50.19,53.61,51.98,54.73,39.08,51.92,52.38,42.17,56.03,46.14,30.43,45.07,36.16,42.92,47.2,51.45,53.18,54.44,47.05,54.35,55.53,45.05,47.11,46.9,45.83,46.72,43.66,48.76,48.2,232.76,138.39,122.02,202.5,226.3,285.0,427.76,398.69,24.35,275.49,346.02,103.82,342.89,96.71,126.75,144.55,29.91,258.83,83.15,41.72,257.02,6.02,46.11,121.0,22.57,169.41,127.36,71.56,186.94,120.35,60.93,269.32,16.04,391.87,184.05,274.33,79.12,30.77,296.01,128.58,297.52,24.71,36.53,14.05,67.14,351.92,473.13,136.2,124.21,174.95,467.82,18.26,149.71,168.63,303.43,111.89,10.17,64.63,133.78,29.37,176.07,93.35,126.05,392.88,88.98,60.93,31.15,131.25,70.72,135.65,203.42,2.25,100.36,62.42,130.06,112.64,79.52,10.48,307.69,106.41,486.2,41.94,105.48,111.91,43.99,3.12
2026-10-04 22:45,28.24,33.36,36.66,36.37,50.13,53.53,51.86,54.62,39.09,51.88,52.27,42.11,55.94,46.03,30.3,44.93,36.04,42.79,47.14,51.41,53.1,54.34,46.92,54.24,55.42,44.97,47.02,46.81,45.74,46.62,43.61,48.65,48.11,192.18,191.65,429.94,191.5,322.59,435.49,451.9,402.47,59.81,490.0,102.52,120.63,488.79,74.85,205.12,0.0,53.21,0.0,86.3,35.28,243.99,39.77,207.99,213.18,50.24,596.93,204.34,60.5,186.55,155.44,0.0,432.12,25.95,346.58,161.66,240.96,96.87,42.62,0.0,181.19,261.32,50.97,167.21,14.05,58.97,97.17,602.53,159.67,276.47,135.4,604.24,114.85,124.59,760.68,268.36,112.95,8.77,98.75,47.18,89.24,197.87,129.28,374.61,214.58,103.39,18.05,0.0,143.23,24.94,108.5,656.1,6.83,0.0,153.33,92.17,119.0,160.51,47.98,391.84,316.25,416.44,255.56,110.15,116.96,43.96,3.13
2026-10-04 22:50,28.3,33.4,36.69,36.32,50.1,53.49,51.81,54.57,39.08,51.8,52.26,42.08,55.9,45.98,30.24,44.89,35.99,42.74,47.12,51.38,53.07,54.29,46.88,54.19,55.37,44.93,46.98,46.79,45.72,46.6,43.6,48.62,48.09,350.66,205.96,195.38,208.29,258.61,181.82,310.63,364.5,130.8,248.42,230.68,105.11,391.85,62.29,245.12,136.24,26.97,148.42,114.0,56.69,211.31,40.45,97.42,236.78,72.98,271.27,28.83,97.22,140.18,188.64,0.0,60.97,31.01,134.65,156.21,232.83,198.08,45.8,278.98,193.96,252.51,16.69,139.37,17.85,56.99,82.4,318.96,217.23,401.6,112.69,733.29,248.82,71.11,356.27,104.26,102.3,5.15,41.23,89.91,54.05,222.64,138.93,228.68,316.7,90.09,40.62,29.36,134.27,47.53,170.41,252.77,4.14,94.58,335.31,243.45,81.8,223.16,39.99,207.43,193.06,402.67,168.56,112.32,119.17,43.94,3.13
2026-10-04 22:55,28.28,33.39,36.68,36.3,50.07,53.45,51.78,54.54,39.07,51.74,52.22,42.08,55.87,45.96,30.23,44.86,35.97,42.72,47.08,51.36,53.04,54.26,46.84,54.16,55.34,44.9,46.94,46.75,45.72,46.58,43.6,48.6,48.08,382.53,115.87,244.56,165.59,298.87,246.89,565.42,324.93,106.73,761.76,234.23,104.55,452.84,87.41,46.13,63.5,82.71,152.84,167.42,46.37,201.58,14.76,160.32,266.55,24.23,339.55,156.1,79.53,159.99,153.92,60.11,330.11,5.84,108.89,6.21,9.26,106.59,25.77,130.04,116.96,10.04,25.31,276.77,19.33,2.27,232.58,425.48,133.18,133.32,158.13,598.31,93.26,114.94,586.33,84.32,91.19,2.98,55.98,228.59,196.14,299.71,78.16,364.93,255.63,89.61,41.24,13.69,31.74,120.85,166.68,534.0,15.01,44.09,273.61,133.85,148.89,171.09,79.41,276.7,308.08,180.84,154.9,113.42,121.78,43.94,3.14
2026-10-04 23:00,28.29,33.4,36.7,36.2,50.02,53.39,51.7,54.46,39.08,51.7,52.17,42.05,55.82,45.87,30.1,44.78,35.87,42.63,47.03,51.33,52.99,54.21,46.77,54.11,55.25,44.85,46.88,46.71,45.68,46.53,43.58,48.55,48.05,476.26,152.99,183.99,159.22,348.87,587.02,389.6,680.54,132.23,542.19,162.41,108.45,528.62,70.29,181.03,179.43,58.87,164.88,153.11,46.85,239.03,46.39,136.21,395.0,55.48,255.45,32.61,80.35,325.56,37.22,32.69,68.96,22.91,349.56,56.69,84.5,50.09,34.02,367.43,149.5,91.64,69.22,317.03,19.73,20.68,134.14,486.5,45.65,305.32,127.16,144.7,125.38,104.88,498.15,270.66,191.0,5.92,133.11,60.78,0.0,205.66,103.19,254.31,304.13,92.96,28.6,38.67,82.5,32.13,24.61,807.73,0.0,124.57,338.97,108.21,102.59,400.49,90.96,316.39,214.69,760.0,256.01,115.23,124.83,43.91,3.15
2026-10-04 23:05,28.29,33.43,36.72,36.52,50.23,53.65,52.01,54.77,39.08,51.98,52.35,42.16,56.06,46.17,30.45,45.09,36.19,42.95,47.24,51.48,53.22,54.49,47.07,54.38,55.57,45.07,47.11,46.89,45.8,46.69,43.64,48.73,48.17,782.43,133.42,374.81,189.62,105.02,343.98,1.52,687.31,77.49,297.75,212.46,145.19,159.12,64.91,67.79,81.8,32.33,262.23,179.55,72.37,248.95,35.29,251.67,436.89,0.0,520.39,26.22,124.11,179.6,65.17,54.87,55.46,8.58,269.53,88.9,132.5,106.55,29.67,167.51,129.05,143.7,42.61,127.59,20.44,32.43,144.07,465.05,175.79,0.0,117.42,253.34,129.57,52.74,920.42,208.69,192.9,3.12,78.0,110.34,36.74,74.28,90.0,91.0,317.24,124.44,37.41,17.63,126.04,58.33,217.53,845.19,2.81,56.79,198.66,189.14,0.4,174.02,36.61,302.44,76.82,437.74,178.86,105.76,109.46,43.98,3.16
2026-10-04 23:10,28.3,33.44,36.73,36.3,50.1,53.51,51.8,54.56,39.07,51.73,52.21,42.07,55.9,45.94,30.23,44.9,35.96,42.73,47.1,51.39,53.07,54.28,46.87,54.18,55.34,44.9,46.93,46.75,45.7,46.56,43.6,48.59,48.08,808.11,145.02,178.52,191.65,371.51,442.55,225.56,448.5,80.32,272.93,276.88,96.81,562.92,72.34,194.27,128.6,29.64,145.65,209.05,45.69,284.01,3.81,171.25,286.66,23.56,247.85,131.38,78.36,88.35,79.09,103.18,277.82,24.58,11.57,137.93,205.59,93.48,32.25,263.36,123.93,222.97,51.36,48.41,17.06,50.32,239.92,398.78,58.43,129.66,130.87,307.44,54.81,182.0,626.31,8.96,125.87,6.55,100.35,104.99,163.47,32.19,97.82,40.78,522.07,82.97,48.75,27.72,30.88,55.5,179.94,585.86,12.51,89.29,205.91,174.02,59.39,150.78,13.89,259.33,34.43,546.73,206.79,113.43,118.77,43.93,3.17
2026-10-04 23:15,28.26,33.41,36.71,36.33,50.1,53.49,51.82,54.58,39.08,51.8,52.25,42.09,55.91,45.99,30.25,44.9,36.0,42.75,47.11,51.39,53.07,54.31,46.88,54.22,55.38,44.94,46.98,46.78,45.73,46.6,43.61,48.63,48.1,1151.01,152.74,294.28,182.67,366.68,383.26,367.68,821.94,102.67,367.2,184.05,110.67,555.59,102.6,38.74,174.29,39.87,120.59,139.52,33.67,268.41,48.01,113.22,663.58,46.96,408.58,159.71,57.74,173.18,46.89,39.53,337.74,4.9,230.32,234.16,349.02,156.37,33.97,356.92,146.4,378.52,59.45,0.0,17.2,85.42,136.55,403.86,111.26,258.4,185.6,182.27,122.2,186.12,414.08,178.33,230.68,4.99,86.91,107.6,215.74,160.79,103.03,130.42,436.84,94.86,32.41,37.56,55.55,56.88,62.81,595.37,16.51,121.01,263.21,159.15,96.82,205.86,0.0,262.64,110.11,382.3,252.58,111.72,118.89,43.94,3.18
2026-10-04 23:20,28.31,33.45,36.74,36.34,50.1,53.47,51.83,54.59,39.08,51.8,52.29,42.12,55.91,45.99,30.25,44.92,36.0,42.76,47.11,51.39,53.08,54.27,46.9,54.2,55.38,44.95,47.0,46.82,45.77,46.65,43.62,48.68,48.14,1184.59,137.18,94.13,216.69,378.97,123.33,212.49,438.13,88.62,147.01,229.59,64.57,574.22,36.8,99.54,246.52,15.96,91.81,156.66,22.93,212.6,39.85,161.02,492.51,47.15,130.7,146.55,39.32,270.3,140.41,109.88,309.91,12.59,320.53,210.37,313.56,98.2,30.51,504.82,132.53,340.06,67.29,221.02,21.64,76.74,50.24,176.15,114.13,259.44,66.58,545.81,99.54,93.68,588.9,248.19,122.96,1.47,27.97,98.74,132.33,158.75,92.53,112.74,400.79,55.34,40.43,53.13,74.86,52.2,126.84,404.1,10.12,171.15,227.19,104.57,55.95,107.77,63.42,114.56,95.18,424.44,28.96,109.79,119.0,43.94,3.19
2026-10-04 23:25,28.27,33.44,36.74,36.41,50.14,53.54,51.89,54.64,39.08,51.88,52.31,42.13,55.95,46.05,30.33,44.98,36.07,42.82,47.15,51.41,53.11,54.34,46.95,54.24,55.44,45.0,47.04,46.84,45.78,46.66,43.62,48.69,48.15,1739.93,209.94,279.68,176.74,186.15,269.52,250.04,530.11,60.73,502.31,127.65,59.43,282.05,103.14,200.09,0.0,54.54,112.55,161.16,39.95,182.67,21.39,170.67,824.48,22.8,388.31,83.47,68.51,124.38,125.43,17.74,176.51,25.32,332.96,209.75,312.63,137.7,46.69,0.0,192.54,339.06,30.67,77.68,17.4,76.52,159.57,188.17,217.23,125.46,186.58,487.59,201.18,191.74,624.16,257.81,148.78,6.22,61.12,88.01,198.48,82.98,141.61,41.5,454.27,50.93,22.48,0.0,128.25,46.52,164.3,647.29,15.18,0.0,155.68,228.4,65.84,156.07,22.29,122.37,35.04,369.18,193.56,109.0,116.25,43.95,3.2
2026-10-04 23:30,28.26,33.46,36.75,36.4,50.13,53.52,51.89,54.65,39.07,51.8,52.3,42.13,55.95,46.04,30.32,44.97,36.06,42.82,47.14,51.41,53.12,54.34,46.95,54.26,55.44,44.98,47.02,46.83,45.77,46.65,43.63,48.68,48.14,1647.59,157.49,132.96,202.79,43.58,495.55,228.02,337.6,96.61,461.15,271.84,60.16,66.03,68.44,89.12,98.34,50.07,165.49,97.81,61.88,264.37,29.61,245.95,573.47,44.71,184.6,119.42,106.12,295.4,119.7,81.16,252.54,11.28,210.35,149.64,223.04,123.38,35.02,201.38,132.26,241.89,15.41,182.9,17.11,54.59,263.26,499.75,156.87,246.04,123.81,465.3,79.04,39.19,899.51,162.87,94.75,6.29,112.37,110.18,164.81,208.24,106.23,154.43,244.86,51.57,47.87,21.19,111.39,58.25,101.74,117.04,12.61,68.27,247.67,103.63,60.04,156.35,52.48,325.0,130.37,602.16,148.73,109.09,116.67,43.94,3.21
2026-10-04 23:35,28.25,33.46,36.76,36.38,50.16,53.58,51.9,54.66,39.07,51.81,52.3,42.13,55.98,46.03,30.3,44.97,36.04,42.83,47.17,51.43,53.14,54.41,46.97,54.31,55.44,44.97,47.02,46.83,45.77,46.65,43.63,48.68,48.14,1983.49,77.45,153.13,160.53,154.3,561.99,400.77,617.63,92.48,635.89,242.03,32.83,233.79,88.72,105.06,102.13,69.05,99.09,38.16,22.46,254.64,69.11,160.59,923.41,19.99,212.6,90.02,38.52,142.97,3.78,66.26,190.36,13.29,240.57,220.06,328.0,133.06,17.22,209.14,77.85,355.72,21.11,131.6,20.09,80.28,333.07,410.42,61.87,110.01,160.5,14.69,179.9,66.79,587.32,186.27,173.34,10.58,127.43,91.95,187.58,183.39,52.24,96.6,369.7,28.14,42.62,22.01,32.87,48.61,136.68,11.95,14.35,70.9,237.07,174.61,105.53,391.5,37.76,266.91,81.55,620.3,22.53,108.67,114.77,43.94,3.22
2026-10-04 23:40,28.34,33.5,36.78,36.53,50.24,53.66,52.01,54.76,39.06,51.91,52.37,42.17,56.06,46.16,30.46,45.09,36.19,42.95,47.25,51.48,53.22,54.46,47.07,54.37,55.56,45.06,47.12,46.91,45.83,46.72,43.65,48.75,48.19,1863.25,140.58,178.47,181.66,286.38,350.6,282.95,345.37,8.16,776.11,228.06,17.24,433.93,52.0,83.69,140.13,84.27,82.85,284.24,15.25,268.96,30.14,112.47,761.46,54.04,247.8,82.46,26.16,52.4,95.71,90.35,174.39,10.59,256.96,80.54,120.05,25.99,31.26,286.96,134.8,130.2,45.39,132.74,20.44,29.38,29.62,0.0,61.89,297.37,94.08,372.07,100.61,130.79,411.34,198.96,96.93,4.1,79.5,101.61,227.87,167.5,94.82,173.1,193.65,14.77,40.16,30.2,65.22,53.72,148.5,392.78,17.43,97.29,20.91,187.8,74.51,155.33,38.09,0.0,146.13,531.96,108.94,104.62,109.13,43.97,3.23
2026-10-04 23:45,28.23,33.46,36.76,36.33,50.1,53.49,51.81,54.57,39.08,51.77,52.26,42.11,55.91,45.97,30.26,44.9,35.99,42.74,47.11,51.39,53.07,54.28,46.88,54.19,55.37,44.93,46.98,46.79,45.75,46.61,43.62,48.64,48.11,2467.7,207.38,173.13,177.32,325.32,450.17,223.91,596.8,77.59,664.43,262.72,60.51,492.92,70.59,87.91,196.06,72.15,168.5,200.23,42.39,266.39,16.35,145.02,442.05,47.69,240.38,124.82,72.7,124.53,73.26,31.12,263.95,11.12,166.61,213.43,318.12,133.23,46.12,401.49,196.18,345.01,0.0,221.12,19.34,77.86,89.38,465.96,74.24,262.44,127.7,284.79,40.51,134.01,530.36,129.01,167.49,10.21,102.08,195.8,97.33,216.19,139.88,153.82,325.59,51.87,46.26,42.25,23.13,103.51,72.16,720.21,7.45,136.12,198.9,116.15,58.96,99.35,63.45,303.02,129.86,434.16,217.77,111.25,119.09,43.92,3.23
2026-10-04 23:50,28.34,33.51,36.8,36.6,50.24,53.63,52.07,54.83,39.08,52.04,52.46,42.23,56.09,46.25,30.52,45.15,36.26,43.01,47.25,51.49,53.23,54.47,47.13,54.4,55.63,45.14,47.21,46.99,45.9,46.8,43.69,48.83,48.25,1688.11,87.36,303.18,171.82,217.57,569.25,422.1,45.38,61.94,216.46,258.32,137.82,329.66,63.11,83.66,144.78,23.5,214.3,130.26,34.41,306.59,11.1,117.17,945.05,63.43,420.93,136.26,59.01,238.99,72.87,26.54,288.15,10.58,118.25,64.58,96.26,49.86,19.43,296.48,99.94,104.39,31.56,41.62,18.04,23.56,93.64,0.0,43.79,349.06,114.16,283.27,119.08,36.65,428.53,91.56,12.74,4.49,129.08,90.46,237.51,158.68,58.93,258.98,47.09,118.12,45.49,31.2,53.47,47.82,115.69,438.18,18.17,100.51,158.79,132.95,111.15,191.04,11.94,0.0,218.64,752.78,104.97,99.58,107.49,43.98,3.24
2026-10-04 23:55,28.32,33.51,36.8,36.53,50.21,53.63,52.0,54.75,39.08,51.95,52.38,42.17,56.04,46.17,30.46,45.08,36.19,42.94,47.23,51.47,53.2,54.43,47.06,54.34,55.55,45.07,47.13,46.91,45.83,46.72,43.65,48.76,48.2,1901.5,140.44,280.1,170.95,205.47,289.86,185.31,144.18,41.68,565.12,236.86,64.88,311.32,34.78,72.52,147.2,61.36,236.54,175.05,41.17,335.97,48.49,101.8,478.68,40.17,388.89,126.37,70.6,107.25,57.38,65.66,267.23,9.18,418.29,208.45,310.69,80.09,31.23,301.43,136.07,336.95,48.76,81.42,19.31,76.04,239.16,257.61,98.15,221.04,62.92,223.05,36.87,146.85,372.3,323.88,40.46,2.95,65.73,154.26,70.66,228.56,94.74,154.33,225.47,55.61,41.71,31.72,76.34,81.55,100.07,746.02,5.41,102.19,106.86,107.58,48.8,0.0,23.36,167.53,130.29,309.89,200.23,104.84,110.41,43.96,3.25
2026-10-05 00:00,28.38,33.55,36.83,36.68,50.32,53.75,52.16,54.91,39.09,52.14,52.5,42.24,56.17,46.33,30.61,45.23,36.34,43.09,47.34,51.54,53.32,54.58,47.21,54.51,55.72,45.21,47.28,47.03,45.9,46.82,43.69,48.86,48.27,1389.46,151.96,20.25,171.82,307.94,478.22,72.2,260.07,126.11,367.91,161.39,87.24,466.6,59.8,61.6,141.37,39.95,36.0,107.35,22.73,325.32,19.11,88.72,332.04,52.22,28.12,115.8,38.98,209.58,67.97,97.47,244.88,7.79,0.0,122.93,183.23,144.6,33.79,289.49,132.4,198.72,32.7,179.19,18.97,44.85,90.81,589.16,36.95,287.36,108.17,264.22,91.78,48.82,324.48,0.0,72.99,5.86,108.44,86.27,179.94,156.54,102.5,83.38,157.31,74.78,28.42,30.47,109.03,45.61,25.03,100.54,13.77,98.15,323.28,131.93,19.01,223.32,51.41,383.15,70.39,511.04,111.15,98.44,102.43,44.0,3.26
2026-10-05 00:05,28.4,33.56,36.84,36.66,50.28,53.7,52.13,54.89,39.08,52.09,52.46,42.22,56.14,46.29,30.59,45.21,36.32,43.07,47.29,51.52,53.28,54.54,47.18,54.47,55.69,45.17,47.22,46.99,45.88,46.79,43.68,48.82,48.25,1503.69,239.69,88.44,223.06,247.48,292.71,0.0,404.85,82.54,218.45,106.6,132.92,374.98,73.4,162.33,23.51,23.72,127.1,195.28,31.14,322.38,23.34,115.39,175.35,50.88,122.79,41.04,53.4,267.51,78.35,45.89,86.79,20.54,277.49,124.92,186.2,86.89,53.3,48.14,224.87,201.93,43.57,136.22,18.26,45.57,127.82,343.98,49.7,280.02,132.78,304.56,99.44,84.94,422.01,214.86,113.62,5.67,66.37,111.94,247.27,71.9,161.68,177.96,320.97,113.93,18.77,5.07,108.96,59.18,130.78,233.59,18.92,16.32,211.59,35.7,0.0,224.68,39.08,223.7,150.24,319.24,153.6,100.31,105.02,43.99,3.27
2026-10-05 00:10,28.41,33.57,36.85,36.69,50.29,53.71,52.15,54.91,39.09,52.15,52.53,42.27,56.14,46.33,30.62,45.23,36.35,43.1,47.3,51.53,53.28,54.54,47.2,54.46,55.72,45.22,47.29,47.05,45.93,46.86,43.71,48.89,48.3,1450.36,76.35,0.0,160.67,164.72,316.82,35.44,286.27,96.41,201.09,237.33,11.27,249.59,27.53,109.52,100.92,21.83,69.38,181.82,31.74,336.89,60.75,136.2,755.29,14.84,0.0,33.44,54.43,129.18,88.23,0.0,70.71,13.86,209.16,200.36,298.63,108.52,16.98,206.66,91.85,323.87,25.1,97.77,19.4,73.09,113.32,481.99,115.44,81.68,49.8,342.97,108.46,71.14,498.1,161.95,80.34,0.21,71.84,103.32,94.67,227.92,51.5,57.1,140.85,9.66,41.79,21.75,62.03,54.62,126.5,763.7,7.24,70.06,247.15,160.97,9.33,136.51,28.05,313.45,48.2,403.47,69.53,96.31,104.33,43.99,3.28
2026-10-05 00:15,28.42,33.58,36.86,36.58,50.26,53.69,52.08,54.84,39.08,52.0,52.41,42.19,56.1,46.23,30.52,45.15,36.25,43.02,47.27,51.5,53.25,54.51,47.13,54.43,55.63,45.12,47.17,46.94,45.84,46.74,43.65,48.77,48.21,1280.52,100.37,243.85,176.3,177.37,298.6,59.54,358.52,63.32,634.36,161.77,55.64,268.75,24.34,123.75,150.11,68.88,179.25,63.97,34.76,419.13,35.81,133.22,310.62,16.09,338.57,81.52,59.61,174.05,40.55,24.31,172.4,15.66,160.43,75.34,112.3,83.58,22.32,307.4,103.9,121.79,9.65,207.32,18.56,27.48,198.93,401.65,77.4,88.56,44.04,157.62,157.14,45.79,487.22,124.22,100.62,5.03,67.71,14.91,138.07,146.16,67.71,121.94,232.37,47.69,28.49,32.35,44.03,7.88,133.11,269.88,10.56,104.22,162.34,218.13,15.68,161.84,59.49,261.2,102.94,491.01,87.9,103.08,107.0,43.97,3.29
2026-10-05 00:20,28.44,33.58,36.87,36.58,50.24,53.65,52.06,54.81,39.08,52.0,52.39,42.18,56.08,46.22,30.51,45.14,36.24,43.0,47.25,51.49,53.23,54.45,47.12,54.38,55.61,45.11,47.16,46.93,45.84,46.73,43.65,48.76,48.2,1138.26,119.2,34.98,178.18,287.57,383.98,22.21,153.59,94.91,270.89,148.36,38.63,435.73,83.17,76.83,146.2,29.41,117.32,186.24,26.33,477.15,7.02,100.91,100.75,32.17,48.56,171.44,45.16,243.28,145.64,26.79,362.54,9.72,452.6,113.71,169.49,67.86,26.51,299.4,110.68,183.81,17.73,165.64,18.19,41.48,174.78,343.37,93.97,177.02,150.46,566.14,76.36,74.52,369.04,350.45,43.11,5.33,87.07,76.0,179.71,95.51,80.41,85.42,258.56,33.11,26.12,31.51,97.16,40.18,86.5,514.04,13.75,101.5,243.32,117.04,5.85,170.31,47.53,223.3,72.11,355.0,83.32,103.86,108.63,43.96,3.3
2026-10-05 00:25,28.49,33.61,36.89,36.67,50.3,53.72,52.14,54.89,39.08,52.09,52.45,42.22,56.15,46.3,30.61,45.23,36.33,43.08,47.32,51.53,53.3,54.55,47.2,54.46,55.69,45.18,47.23,46.99,45.88,46.79,43.68,48.82,48.24,860.12,34.65,0.0,192.51,175.59,484.64,308.83,372.14,35.81,551.07,133.71,80.33,266.05,44.83,52.86,0.0,59.84,76.64,175.93,45.72,566.19,31.13,133.68,337.24,46.88,0.0,91.71,78.41,182.22,70.67,60.36,193.94,6.69,299.58,104.3,155.46,85.33,7.71,0.0,53.33,168.6,33.22,93.69,19.01,38.05,106.69,181.2,60.42,257.96,81.1,274.71,60.28,118.67,488.9,231.96,104.44,2.97,109.9,84.52,167.96,78.82,23.37,34.28,182.52,68.85,23.54,0.0,99.03,44.68,63.63,563.02,12.85,0.0,91.8,89.74,81.32,150.62,26.88,117.84,28.94,408.92,71.18,100.18,103.39,43.98,3.31
2026-10-05 00:30,28.5,33.61,36.9,36.7,50.31,53.73,52.18,54.94,39.07,52.07,52.49,42.25,56.18,46.33,30.63,45.25,36.36,43.12,47.32,51.54,53.31,54.59,47.23,54.5,55.74,45.19,47.25,47.02,45.91,46.82,43.69,48.86,48.27,695.39,146.52,250.55,151.41,243.34,333.63,166.3,268.88,84.15,141.34,173.32,56.62,368.72,14.8,51.38,132.93,15.35,47.75,157.85,30.01,561.42,14.71,102.01,811.27,4.16,347.86,58.5,51.47,250.44,62.96,115.92,123.72,6.5,375.91,72.34,107.83,94.9,32.58,272.22,145.31,116.94,12.67,49.83,15.09,26.39,99.64,307.4,57.11,22.9,26.78,244.74,101.6,58.24,373.09,291.06,75.46,2.78,75.65,50.16,156.85,241.58,98.83,182.18,373.7,48.53,30.52,28.65,75.35,26.52,27.04,625.63,12.0,92.29,215.72,190.65,43.79,114.01,14.3,199.91,153.8,502.95,12.35,98.26,102.21,43.99,3.32
2026-10-05 00:35,28.51,33.63,36.9,36.65,50.27,53.69,52.11,54.86,39.09,52.1,52.48,42.24,56.12,46.27,30.58,45.19,36.31,43.06,47.29,51.51,53.27,54.53,47.16,54.44,55.66,45.17,47.25,47.01,45.91,46.82,43.69,48.86,48.27,529.53,127.53,141.09,164.29,115.85,357.5,202.84,0.0,55.15,573.64,141.13,59.69,175.54,42.46,125.65,85.28,62.29,55.29,226.11,14.57,932.27,13.66,83.51,639.51,18.26,195.89,59.69,24.99,140.62,107.86,97.36,126.22,15.9,382.25,109.05,162.54,54.88,28.36,174.64,119.23,176.28,35.41,98.13,15.08,39.78,178.57,395.25,78.35,100.49,76.82,419.28,32.14,72.36,305.41,295.98,0.0,1.9,81.07,117.73,176.76,166.2,86.02,84.74,609.6,51.16,24.85,18.38,127.71,62.24,115.09,411.4,13.52,59.21,141.38,49.4,53.41,99.56,28.16,257.04,71.54,445.02,93.28,98.69,105.73,43.97,3.33
2026-10-05 00:40,28.55,33.65,36.93,36.87,50.39,53.84,52.33,55.08,39.09,52.29,52.62,42.34,56.27,46.5,30.82,45.39,36.54,43.27,47.41,51.6,53.4,54.67,47.36,54.61,55.89,45.34,47.42,47.15,46.01,46.95,43.75,48.98,48.37,526.43,168.69,43.67,164.58,304.78,203.92,33.85,432.45,34.92,518.39,71.44,69.28,461.81,32.24,72.8,151.93,56.29,84.06,70.28,29.95,1067.75,22.33,68.03,285.46,34.9,60.63,61.38,51.37,180.78,68.48,72.51,129.79,9.21,172.07,139.8,208.37,55.54,37.51,311.12,156.35,225.98,5.98,118.72,13.46,51.0,208.38,202.73,0.0,192.05,58.32,266.18,47.85,78.66,248.81,133.23,121.37,3.76,46.24,99.93,50.58,110.65,113.79,112.87,208.99,59.38,12.58,32.74,118.68,52.83,18.77,531.05,3.87,105.48,89.51,77.71,8.91,60.86,34.06,131.84,95.29,348.73,66.25,89.37,95.55,44.02,3.34
2026-10-05 00:45,28.57,33.67,36.95,36.89,50.38,53.83,52.34,55.1,39.09,52.32,52.67,42.36,56.27,46.53,30.84,45.4,36.56,43.29,47.4,51.6,53.39,54.68,47.37,54.62,55.91,45.37,47.45,47.19,46.04,46.99,43.76,49.04,48.4,452.53,45.95,163.13,169.07,261.47,247.41,74.29,213.04,61.47,597.85,149.61,54.74,396.19,50.26,86.7,75.97,64.92,154.63,179.21,10.47,1199.2,30.61,67.23,294.79,8.87,226.49,42.05,17.95,200.06,52.64,92.93,88.91,10.97,199.14,0.0,0.0,119.18,10.22,155.57,46.81,0.0,28.16,76.09,14.18,0.0,239.07,289.35,53.88,48.83,90.92,204.64,81.15,45.82,245.87,154.2,59.79,2.57,56.1,70.23,197.06,71.1,30.99,103.08,28.09,46.92,26.34,16.37,95.36,37.13,43.02,195.09,15.08,52.74,157.57,63.67,19.56,122.91,21.83,188.17,87.03,340.57,58.94,87.44,95.65,44.02,3.36
2026-10-05 00:50,28.57,33.66,36.95,36.73,50.32,53.73,52.2,54.96,39.08,52.14,52.56,42.29,56.19,46.36,30.67,45.29,36.4,43.15,47.33,51.55,53.32,54.58,47.26,54.51,55.76,45.24,47.33,47.08,45.97,46.89,43.72,48.93,48.33,501.0,78.82,119.11,173.99,266.58,178.05,289.18,222.75,60.45,409.12,150.63,111.37,403.92,40.92,76.52,113.06,44.42,112.61,181.69,23.25,1355.99,12.72,59.84,361.81,49.64,165.37,67.84,39.87,292.23,21.03,80.11,143.46,9.68,155.94,85.59,127.57,47.08,17.53,231.53,84.6,138.35,30.16,121.48,14.12,31.22,137.28,191.66,126.06,273.19,74.02,81.75,91.73,86.45,218.86,120.74,62.52,3.21,40.37,107.08,105.65,133.42,53.17,69.97,466.55,95.46,26.52,24.37,67.61,56.61,107.74,644.48,8.08,78.49,154.96,105.74,76.15,116.38,34.86,124.64,59.07,291.27,144.78,94.2,101.38,43.98,3.37
2026-10-05 00:55,28.59,33.69,36.96,36.81,50.37,53.82,52.26,55.01,39.09,52.25,52.6,42.31,56.23,46.42,30.75,45.35,36.48,43.21,47.39,51.58,53.37,54.63,47.32,54.56,55.82,45.3,47.38,47.12,45.98,46.92,43.73,48.96,48.35,476.89,65.89,108.02,168.05,135.63,158.87,0.0,175.46,42.97,423.26,170.74,40.22,205.5,62.33,74.03,49.97,45.96,96.24,250.22,30.28,1237.02,41.0,20.14,879.99,32.26,149.98,113.93,51.94,18.55,85.55,53.46,240.92,9.37,145.39,53.49,79.73,27.06,14.65,102.34,71.82,86.47,37.31,42.15,15.2,19.51,135.93,199.65,92.82,177.53,112.76,332.57,108.58,67.57,73.67,112.58,49.24,1.26,36.03,26.56,92.89,60.86,44.44,66.15,485.8,34.47,30.07,10.77,43.62,14.04,99.32,722.15,7.11,34.7,110.17,27.99,0.0,22.99,12.09,129.84,55.84,349.55,69.03,91.75,97.9,44.0,3.38
2026-10-05 01:00,28.6,33.71,36.98,36.83,50.38,53.82,52.29,55.04,39.09,52.27,52.62,42.33,56.25,46.45,30.77,45.37,36.5,43.23,47.39,51.59,53.38,54.65,47.34,54.59,55.85,45.32,47.4,47.15,46.01,46.95,43.74,48.98,48.37,530.85,37.46,170.53,141.27,144.92,234.29,193.79,155.72,54.75,473.87,106.56,18.51,219.58,72.19,63.57,100.58,51.45,73.24,181.54,35.07,1608.79,23.32,77.93,197.75,17.17,236.77,100.55,60.15,75.26,34.05,6.96,212.63,8.04,0.0,36.63,54.6,129.63,8.33,205.97,48.06,59.21,29.95,112.13,10.31,13.36,52.66,335.12,70.7,94.51,130.59,132.37,43.46,49.46,285.02,0.0,43.7,3.16,53.13,70.97,131.07,90.06,25.27,40.11,397.28,15.86,18.76,21.68,42.69,37.52,24.95,350.97,10.03,69.83,140.35,72.34,51.03,105.66,32.17,217.94,33.86,341.01,38.14,90.02,97.01,44.0,3.39
2026-10-05 01:05,28.63,33.72,37.0,36.9,50.39,53.83,52.34,55.1,39.08,52.3,52.68,42.37,56.28,46.52,30.84,45.41,36.56,43.29,47.4,51.6,53.4,54.69,47.38,54.63,55.91,45.37,47.45,47.2,46.05,47.0,43.77,49.05,48.41,544.61,95.38,136.12,161.39,233.19,144.59,134.91,176.11,41.17,301.27,119.8,48.3,353.33,37.55,62.3,67.02,32.71,85.48,82.75,18.71,1377.1,31.02,94.6,324.89,12.85,188.99,43.53,32.08,246.99,0.61,86.58,92.06,7.88,341.59,114.64,170.87,1.67,21.21,137.25,89.85,185.32,27.93,147.39,13.49,41.82,13.16,141.46,83.02,70.71,67.93,2.36,55.08,102.5,345.97,264.49,49.43,1.19,32.79,92.32,119.05,49.38,64.34,62.64,228.03,41.4,21.1,14.44,85.21,48.8,86.32,115.6,9.11,46.53,105.53,163.49,35.53,119.65,42.29,91.99,52.88,338.07,62.21,86.44,95.68,44.01,3.4
2026-10-05 01:10,28.63,33.73,37.01,36.91,50.41,53.85,52.37,55.12,39.09,52.33,52.65,42.34,56.29,46.53,30.85,45.43,36.57,43.32,47.42,51.62,53.42,54.7,47.4,54.64,55.93,45.36,47.44,47.17,46.02,46.97,43.75,49.01,48.38,425.89,49.3,153.06,159.8,115.99,295.03,53.82,118.67,23.88,111.42,72.12,53.01,175.74,71.53,101.33,88.22,12.1,78.93,104.69,30.49,1508.37,29.47,116.32,313.42,32.65,212.52,47.32,52.29,127.79,68.71,85.92,100.08,12.82,214.05,66.65,99.34,17.65,10.96,180.66,55.18,107.73,37.22,63.88,11.65,24.31,92.94,271.02,114.53,179.66,129.4,267.1,0.0,108.5,425.43,165.74,33.3,3.4,66.9,43.9,12.07,109.78,33.25,69.22,377.35,45.43,12.7,19.01,51.35,23.21,66.75,573.77,0.92,61.25,61.22,159.69,14.17,105.45,18.33,176.25,58.44,463.43,120.77,88.92,94.14,44.01,3.41
2026-10-05 01:15,28.66,33.75,37.02,37.04,50.49,53.95,52.48,55.22,39.09,52.46,52.74,42.41,56.39,46.66,30.98,45.55,36.7,43.43,47.51,51.67,53.51,54.81,47.51,54.74,56.04,45.47,47.55,47.27,46.1,47.05,43.79,49.1,48.45,434.29,47.99,81.85,179.34,167.89,2.21,55.43,449.46,43.08,278.29,150.53,30.33,254.38,45.96,24.03,66.83,30.22,165.28,132.81,22.43,1566.38,23.34,114.4,454.94,31.87,113.64,55.86,38.46,126.51,9.76,46.92,118.12,3.04,334.35,23.68,35.3,9.31,10.67,136.87,55.89,38.28,7.45,34.26,13.07,8.64,26.77,198.59,73.97,175.41,83.15,37.93,17.32,52.22,418.38,258.89,126.14,1.55,0.5,34.91,92.19,57.81,32.37,21.31,147.4,26.0,26.51,14.4,50.86,18.45,51.72,295.52,7.05,46.4,110.43,66.74,14.6,64.47,9.83,129.15,17.99,352.54,30.65,81.72,86.94,44.04,3.42
2026-10-05 01:20,28.65,33.75,37.03,37.0,50.48,53.93,52.45,55.2,39.09,52.43,52.71,42.38,56.37,46.62,30.94,45.51,36.66,43.4,47.5,51.66,53.49,54.77,47.49,54.71,56.01,45.43,47.51,47.23,46.07,47.02,43.77,49.06,48.42,482.82,58.49,210.08,145.91,257.37,130.55,40.06,120.36,38.54,392.88,82.55,67.44,389.96,27.26,85.67,29.07,42.66,31.68,198.66,42.21,1473.67,13.34,144.21,601.75,26.47,291.68,59.75,72.38,52.43,19.53,1.81,126.35,10.84,133.29,108.03,161.01,38.84,13.01,59.53,61.35,174.62,0.0,83.7,15.37,39.41,151.27,101.8,70.11,145.66,49.31,75.91,33.77,98.03,527.42,103.21,33.78,4.34,29.6,79.54,51.2,53.35,39.45,135.1,246.99,57.8,14.54,6.27,75.18,42.05,30.02,533.33,3.92,20.18,98.81,65.29,10.55,110.1,24.02,66.2,114.05,158.58,5.26,84.31,87.87,44.03,3.44
2026-10-05 01:25,28.69,33.78,37.05,36.97,50.46,53.91,52.41,55.16,39.08,52.38,52.71,42.38,56.34,46.59,30.91,45.47,36.63,43.37,47.48,51.65,53.47,54.77,47.44,54.69,55.98,45.42,47.5,47.23,46.06,47.02,43.77,49.06,48.42,496.71,53.43,1.6,146.48,183.45,195.9,155.22,237.03,50.59,140.63,63.7,69.13,277.96,16.35,67.64,57.39,15.27,68.1,157.35,7.14,1445.21,7.72,102.95,548.09,13.57,2.22,13.95,12.24,148.12,51.06,59.64,29.5,8.56,193.92,27.81,41.45,102.49,11.88,117.53,61.49,44.95,20.44,108.47,16.67,10.15,96.68,129.15,40.44,74.67,29.58,198.48,72.12,0.0,376.5,150.15,66.52,3.0,44.42,76.49,78.43,72.77,36.04,83.3,204.85,59.25,11.22,12.37,45.66,40.44,88.47,619.97,6.0,39.84,129.69,34.57,40.87,78.97,31.12,83.99,70.33,395.98,110.53,85.02,90.05,44.02,3.45
2026-10-05 01:30,28.7,33.79,37.06,36.88,50.37,53.78,52.33,55.07,39.07,52.29,52.68,42.36,56.26,46.5,30.83,45.4,36.55,43.28,47.39,51.59,53.37,54.65,47.36,54.59,55.89,45.36,47.45,47.19,46.05,47.0,43.76,49.04,48.4,383.29,51.06,92.39,145.33,196.88,233.49,34.83,286.14,36.27,355.04,107.77,42.63,298.31,4.06,63.63,108.98,38.55,78.53,65.43,0.0,1245.65,13.77,43.64,357.97,8.51,128.27,43.46,0.0,267.29,69.78,62.94,91.9,8.05,66.98,87.0,129.68,51.83,11.35,223.17,58.38,140.64,32.31,69.58,14.62,31.74,114.3,54.88,0.0,46.81,7.34,271.27,65.56,43.31,159.59,51.86,80.31,4.44,52.95,34.14,45.98,133.62,34.44,78.89,383.85,36.54,18.98,23.49,77.85,18.05,42.53,540.59,3.52,75.66,92.97,144.57,9.17,86.21,19.96,35.69,66.6,286.11,59.83,86.66,96.88,44.0,3.46
2026-10-05 01:35,28.69,33.79,37.07,37.08,50.53,54.0,52.52,55.27,39.09,52.5,52.79,42.44,56.42,46.69,31.02,45.58,36.74,43.47,47.55,51.7,53.54,54.85,47.55,54.78,56.08,45.5,47.6,47.31,46.14,47.1,43.81,49.15,48.49,453.54,90.15,196.57,146.2,178.37,203.28,32.59,350.66,39.13,488.01,167.09,71.2,270.26,6.59,17.09,59.8,52.99,114.85,122.76,33.2,1420.8,32.6,93.61,351.14,31.14,272.91,46.56,56.94,60.75,0.0,45.6,98.46,2.16,192.2,54.72,81.56,90.49,20.05,122.45,93.32,88.45,22.65,46.03,15.26,19.96,86.08,288.12,35.82,171.34,11.93,0.0,90.17,69.93,342.35,148.82,98.41,1.66,46.1,65.1,103.58,22.92,60.81,61.87,289.74,61.03,29.42,12.89,19.46,34.42,35.61,372.23,7.92,41.51,100.31,125.78,8.58,176.55,13.21,187.37,52.23,338.07,133.28,78.13,83.57,44.04,3.47
2026-10-05 01:40,28.73,33.82,37.09,37.09,50.52,53.99,52.53,55.28,39.08,52.49,52.78,42.44,56.42,46.7,31.03,45.59,36.75,43.49,47.54,51.69,53.54,54.86,47.56,54.79,56.09,45.5,47.6,47.31,46.13,47.09,43.8,49.14,48.48,455.75,49.39,68.6,149.09,57.95,132.67,150.19,204.1,14.62,252.66,104.03,47.39,87.81,27.93,83.08,50.2,27.43,92.36,122.4,19.68,1407.76,35.68,15.7,562.29,22.27,95.24,46.14,33.76,158.67,44.61,68.13,97.57,10.51,48.86,20.39,30.39,20.25,10.98,102.81,45.61,32.96,24.28,67.21,19.34,7.44,71.64,131.9,44.13,122.54,50.53,173.43,0.0,60.81,57.43,37.83,57.28,2.68,30.08,82.3,5.51,117.43,33.32,98.46,289.5,40.62,18.32,10.82,76.1,43.51,53.59,550.64,0.42,34.85,37.48,52.52,39.55,42.34,19.28,85.78,83.13,230.67,88.07,78.8,83.87,44.04,3.48
2026-10-05 01:45,28.74,33.83,37.1,37.01,50.47,53.93,52.45,55.2,39.09,52.41,52.74,42.4,56.36,46.63,30.95,45.51,36.67,43.4,47.49,51.66,53.48,54.79,47.48,54.72,56.01,45.44,47.53,47.26,46.09,47.05,43.78,49.09,48.45,413.84,125.9,81.97,165.45,137.82,49.23,70.65,112.94,15.78,279.16,114.25,36.65,208.82,14.37,47.73,69.45,30.31,93.44,149.38,30.47,1556.84,15.54,67.21,124.24,11.95,113.81,88.76,52.26,119.22,44.81,57.66,187.7,6.04,133.32,80.51,120.0,41.8,28.0,142.23,106.61,130.15,19.02,33.99,17.92,29.37,0.0,203.88,26.06,65.77,26.0,174.19,24.02,29.1,245.82,103.23,31.7,2.09,11.16,100.67,11.85,144.47,84.92,93.86,149.38,31.41,20.12,14.97,49.38,53.22,22.37,143.76,0.91,48.22,40.46,49.11,18.6,108.56,9.75,132.59,79.24,306.74,37.79,82.53,88.84,44.02,3.5
2026-10-05 01:50,28.77,33.85,37.12,37.14,50.54,54.01,52.57,55.32,39.09,52.56,52.82,42.46,56.45,46.76,31.08,45.63,36.8,43.53,47.56,51.71,53.56,54.89,47.59,54.82,56.14,45.55,47.64,47.34,46.16,47.13,43.82,49.17,48.51,391.05,56.11,66.89,153.87,148.68,177.0,129.37,31.67,18.26,243.72,111.09,29.64,225.28,37.68,60.63,77.54,26.46,38.82,150.38,15.96,1402.44,33.56,68.39,119.91,29.38,92.88,17.31,27.37,190.96,4.14,35.92,36.6,7.67,119.34,34.78,51.84,42.15,12.48,158.79,65.1,56.23,24.61,64.05,19.33,12.69,21.32,57.62,60.04,161.65,68.16,16.09,0.0,36.91,250.13,92.4,8.89,4.7,40.14,45.79,55.79,87.12,37.85,110.49,66.48,25.41,19.56,16.71,30.91,24.21,42.82,520.94,4.27,53.83,46.81,80.76,34.07,5.78,18.38,37.47,93.28,412.56,94.27,75.88,81.39,44.04,3.51
2026-10-05 01:55,28.77,33.86,37.13,37.05,50.47,53.91,52.49,55.24,39.09,52.46,52.81,42.44,56.38,46.66,31.0,45.55,36.71,43.44,47.49,51.67,53.49,54.79,47.51,54.75,56.05,45.49,47.6,47.32,46.14,47.11,43.81,49.16,48.5,457.14,38.86,101.87,145.04,80.81,152.21,35.09,264.1,37.92,185.16,72.43,46.89,122.44,7.8,72.95,68.82,20.1,50.22,41.59,28.25,1451.64,51.77,9.58,582.58,30.11,141.44,21.47,48.44,188.91,69.61,44.22,45.4,9.23,152.37,56.47,84.18,42.23,8.64,140.94,44.84,91.29,29.04,17.4,19.14,20.6,99.64,87.48,53.75,165.69,14.11,270.59,65.37,9.66,35.05,117.98,74.12,3.37,34.52,23.96,48.61,111.8,26.21,88.83,288.39,40.19,12.75,14.83,69.85,12.66,26.37,9.78,3.72,47.78,97.2,70.44,9.24,83.61,4.99,56.89,74.99,309.74,51.26,78.08,87.48,44.02,3.52
2026-10-05 02:00,28.77,33.86,37.14,37.06,50.49,53.93,52.51,55.25,39.09,52.47,52.79,42.44,56.4,46.68,31.01,45.58,36.72,43.46,47.5,51.68,53.5,54.8,47.54,54.75,56.07,45.49,47.59,47.3,46.13,47.1,43.8,49.14,48.48,415.61,89.04,146.91,164.0,183.02,99.58,107.76,34.75,32.12,384.71,103.28,20.81,277.31,7.93,61.02,69.52,41.77,91.79,217.64,16.28,1482.85,5.54,71.47,73.37,8.18,203.97,74.24,27.92,264.28,44.19,82.6,156.98,7.72,111.11,71.77,106.97,52.54,19.8,142.37,77.97,116.01,39.47,74.55,17.38,26.18,86.95,156.43,25.22,45.03,14.34,171.79,8.38,25.13,261.37,86.03,9.75,3.47,22.58,64.18,81.84,86.03,60.06,73.31,220.11,17.84,18.19,14.98,27.95,33.93,23.9,395.66,6.26,48.27,82.33,75.51,28.38,103.91,21.39,101.73,61.89,136.28,51.04,78.81,86.46,44.02,3.53
2026-10-05 02:05,28.8,33.88,37.16,37.17,50.58,54.06,52.62,55.37,39.09,52.57,52.84,42.48,56.49,46.78,31.12,45.68,36.83,43.57,47.6,51.73,53.6,54.93,47.64,54.87,56.18,45.57,47.66,47.36,46.17,47.15,43.82,49.19,48.52,370.35,12.02,35.29,153.14,71.73,90.47,125.67,240.5,52.16,205.43,30.64,55.5,108.69,51.25,16.45,42.77,22.31,57.11,128.47,19.91,1435.3,14.74,45.98,430.87,21.11,48.99,56.0,34.15,71.85,37.04,27.57,118.42,2.08,133.39,85.54,127.5,47.74,2.67,87.59,20.35,138.28,8.84,65.65,18.75,31.21,129.8,63.49,34.0,116.18,92.71,143.98,65.3,0.0,168.15,103.28,67.5,2.56,20.51,30.18,104.25,34.47,8.11,20.42,503.2,47.57,5.39,9.22,52.12,15.96,39.57,311.79,7.98,29.7,133.72,48.95,33.09,83.57,18.84,41.29,17.24,226.81,1.73,74.08,77.95,44.04,3.54
2026-10-05 02:10,28.81,33.89,37.17,37.22,50.58,54.05,52.65,55.4,39.09,52.63,52.89,42.5,56.5,46.83,31.17,45.71,36.88,43.61,47.6,51.74,53.61,54.93,47.67,54.88,56.22,45.61,47.72,47.41,46.21,47.19,43.84,49.24,48.56,353.69,111.35,67.0,183.83,157.59,202.24,116.75,246.4,45.38,282.89,52.26,27.22,238.78,27.24,56.35,42.68,30.72,56.6,75.37,20.94,1520.85,48.05,68.79,491.1,16.73,93.02,43.86,35.91,169.11,27.3,55.86,92.76,7.13,77.03,27.78,41.41,17.49,24.76,87.4,99.68,44.9,17.16,51.57,20.72,10.13,5.22,279.14,31.66,92.08,49.27,106.12,22.63,15.03,251.6,59.64,69.15,3.01,45.86,55.58,59.06,141.06,75.11,17.14,80.3,23.33,9.2,9.2,56.6,29.38,37.64,373.06,4.52,29.63,116.33,104.93,30.74,68.8,14.8,181.53,14.47,404.03,88.22,70.89,77.57,44.05,3.56
2026-10-05 02:15,28.83,33.91,37.18,37.19,50.56,54.03,52.62,55.36,39.09,52.6,52.86,42.49,56.48,46.8,31.14,45.68,36.85,43.58,47.58,51.73,53.59,54.9,47.64,54.85,56.19,45.58,47.69,47.38,46.19,47.17,43.83,49.21,48.54,290.07,80.44,52.78,146.48,68.16,92.92,202.68,234.82,19.48,47.64,57.21,30.1,103.28,24.27,39.01,61.43,5.17,31.44,171.6,0.0,1960.18,8.41,57.63,535.86,8.1,73.27,46.34,0.0,97.66,37.73,57.73,98.0,4.94,28.5,6.57,9.79,32.05,17.89,125.81,79.45,10.62,6.23,72.99,16.56,2.4,27.88,91.17,49.12,44.6,43.9,146.66,21.63,44.8,210.77,22.06,65.9,4.2,21.07,31.99,82.6,93.41,54.26,33.56,292.46,25.8,10.07,13.24,45.96,16.91,26.35,455.92,6.32,42.65,49.93,31.59,53.37,51.4,20.94,59.29,28.33,335.75,21.5,72.59,79.44,44.04,3.57
2026-10-05 02:20,28.84,33.93,37.2,37.21,50.59,54.06,52.63,55.38,39.09,52.63,52.88,42.5,56.5,46.82,31.16,45.69,36.88,43.59,47.61,51.74,53.61,54.95,47.65,54.88,56.2,45.6,47.71,47.4,46.2,47.18,43.84,49.22,48.54,276.19,75.46,37.82,161.83,59.3,156.95,103.65,116.5,51.22,169.68,98.63,38.43,89.86,20.43,13.39,37.08,18.42,66.56,70.13,19.32,2275.59,20.87,37.17,395.29,16.74,52.52,73.24,33.13,126.19,21.31,51.27,154.89,1.69,80.5,36.99,55.13,50.33,16.78,75.93,63.37,59.79,6.03,26.04,16.26,13.49,38.35,75.47,55.76,92.11,36.97,82.83,27.02,35.5,135.94,62.33,32.7,1.61,35.59,32.06,32.15,70.55,50.9,87.02,229.2,32.94,17.37,7.99,58.52,16.95,37.14,372.06,2.46,25.74,131.3,61.96,27.29,115.23,7.47,49.08,73.46,264.66,47.96,71.48,77.38,44.04,3.58
2026-10-05 02:25,28.86,33.93,37.21,37.22,50.59,54.07,52.65,55.4,39.09,52.62,52.89,42.5,56.51,46.82,31.17,45.71,36.88,43.61,47.61,51.75,53.62,54.95,47.67,54.9,56.22,45.6,47.71,47.4,46.2,47.19,43.84,49.23,48.55,185.49,68.4,86.71,149.09,135.82,121.24,151.39,0.0,12.01,150.28,49.62,58.29,205.79,45.14,39.15,12.0,16.32,27.51,82.25,5.76,3452.21,30.83,16.88,26.07,18.84,120.39,30.43,9.89,65.54,23.22,26.1,64.36,4.95,83.94,57.83,86.19,5.01,15.21,24.57,60.97,93.47,13.01,74.73,13.86,21.09,81.08,57.34,57.53,103.68,81.66,90.28,29.11,18.4,61.74,64.99,0.0,2.15,27.49,35.85,53.26,138.07,46.14,16.27,376.93,49.96,8.74,2.59,16.97,18.95,48.14,165.02,4.07,8.33,30.8,46.94,39.87,20.29,21.44,37.29,13.74,88.8,43.48,71.6,76.55,44.04,3.6
2026-10-05 02:30,28.85,33.93,37.2,37.3,50.62,54.11,52.72,55.47,39.1,52.72,52.95,42.54,56.55,46.9,31.25,45.78,36.96,43.68,47.64,51.77,53.65,54.97,47.74,54.93,56.29,45.67,47.78,47.47,46.25,47.25,43.86,49.3,48.6,170.47,50.82,42.59,136.79,101.21,198.27,58.63,231.04,15.06,254.91,17.11,12.21,153.35,15.22,37.01,20.74,27.68,67.88,112.83,13.41,4992.71,7.39,35.45,512.62,3.37,59.13,52.23,23.0,123.54,33.83,5.83,110.46,4.68,162.68,43.57,64.94,10.48,11.3,42.48,52.15,70.43,0.0,18.15,16.67,15.89,108.16,148.43,35.43,18.53,27.53,131.49,0.0,30.7,129.63,125.96,64.84,2.02,44.96,17.45,51.34,67.19,34.28,95.37,273.18,10.47,3.01,4.47,19.14,9.22,48.15,177.47,3.93,14.4,38.61,26.18,15.44,12.82,5.21,96.53,80.51,318.7,55.65,66.42,73.07,44.06,3.61
2026-10-05 02:35,28.87,33.94,37.22,37.16,50.55,54.03,52.59,55.33,39.08,52.55,52.86,42.48,56.46,46.77,31.11,45.65,36.83,43.55,47.57,51.72,53.57,54.89,47.62,54.83,56.15,45.56,47.67,47.37,46.18,47.16,43.83,49.21,48.53,121.56,32.94,91.83,184.84,53.31,46.7,49.48,86.99,16.55,193.89,99.95,40.83,80.77,22.46,43.15,62.36,21.05,46.04,137.46,16.35,4911.38,38.48,36.64,53.19,11.64,127.49,61.31,28.04,105.87,36.53,52.98,129.66,5.46,87.97,56.61,84.38,23.1,7.32,127.7,45.7,91.52,15.77,11.44,13.09,20.65,48.47,51.23,29.03,64.05,40.63,142.02,55.0,57.24,134.0,68.11,24.41,2.75,10.59,7.38,67.51,120.42,22.22,66.07,181.13,35.0,17.6,13.44,50.76,3.9,35.1,458.57,5.16,43.3,42.42,61.65,13.03,33.71,3.28,33.31,55.78,176.78,35.36,73.62,80.66,44.02,3.62
2026-10-05 02:40,28.86,33.93,37.21,37.18,50.58,54.06,52.61,55.35,39.09,52.58,52.87,42.49,56.49,46.78,31.13,45.68,36.84,43.57,47.6,51.73,53.6,54.91,47.64,54.85,56.17,45.58,47.69,47.39,46.19,47.17,43.83,49.22,48.54,114.8,40.77,100.54,180.79,29.21,159.55,76.6,104.57,23.87,161.82,63.78,26.68,44.25,10.54,36.17,15.07,17.57,62.06,149.51,11.67,7468.41,23.75,0.0,402.8,10.69,139.59,19.17,20.02,84.44,15.75,36.25,40.53,4.58,69.09,52.98,78.97,40.82,9.07,30.87,51.34,85.64,16.26,30.33,10.77,19.33,33.6,102.04,45.03,58.81,19.06,61.22,31.69,24.04,0.0,53.5,29.35,2.83,36.18,38.42,46.56,127.65,27.5,24.8,424.33,22.87,11.23,3.25,27.82,20.31,18.22,530.92,3.56,10.46,61.2,64.63,20.17,0.0,8.7,66.36,20.93,131.78,44.42,72.59,78.29,44.03,3.63
2026-10-05 02:45,28.86,33.92,37.2,37.25,50.58,54.04,52.67,55.41,39.09,52.65,52.91,42.51,56.51,46.85,31.2,45.73,36.91,43.63,47.6,51.74,53.61,54.93,47.69,54.88,56.24,45.62,47.73,47.42,46.22,47.2,43.85,49.25,48.56,91.64,59.0,69.91,182.38,10.48,50.15,66.41,182.92,14.44,156.46,61.49,50.3,15.88,14.36,26.74,15.03,16.99,30.23,110.09,11.1,9233.8,33.95,53.35,430.87,24.39,97.06,21.93,19.03,147.67,28.86,26.54,46.37,3.38,90.18,5.99,8.93,33.12,13.12,30.78,64.86,9.69,15.83,50.4,10.4,2.19,48.96,40.85,18.94,134.19,25.97,112.2,24.58,38.94,195.11,69.83,51.34,2.75,11.37,44.4,55.71,122.7,39.8,27.34,256.97,43.11,10.83,3.24,10.23,23.47,0.0,520.07,4.26,10.44,37.02,76.38,17.49,45.42,14.46,26.57,23.08,55.86,40.27,69.75,76.97,44.04,3.64
2026-10-05 02:50,28.86,33.93,37.21,37.29,50.63,54.11,52.71,55.46,39.09,52.69,52.95,42.54,56.55,46.89,31.24,45.77,36.95,43.68,47.65,51.77,53.65,54.98,47.73,54.93,56.28,45.66,47.78,47.46,46.25,47.25,43.86,49.3,48.6,83.0,34.0,59.37,162.12,55.33,0.0,110.9,133.9,17.01,83.79,44.14,32.66,83.84,11.53,27.18,32.89,9.1,51.84,177.82,11.47,10149.36,44.27,59.24,523.19,12.83,82.43,48.25,19.68,10.61,26.51,40.28,102.04,3.44,127.24,45.81,68.28,21.17,7.56,67.35,38.61,74.05,13.1,39.42,8.09,16.71,43.44,169.59,26.99,70.6,20.85,103.04,37.19,0.0,216.65,98.52,37.58,1.7,0.0,15.44,37.02,117.27,22.93,5.81,199.6,27.99,7.77,7.09,0.0,8.16,33.7,130.77,2.83,22.83,43.61,57.82,29.2,38.45,11.31,110.29,4.9,185.22,56.03,66.69,72.89,44.05,3.65
2026-10-05 02:55,28.87,33.93,37.21,37.31,50.63,54.11,52.73,55.47,39.09,52.72,52.94,42.53,56.57,46.92,31.26,45.79,36.97,43.69,47.65,51.78,53.66,55.0,47.75,54.94,56.3,45.67,47.78,47.46,46.24,47.24,43.86,49.28,48.59,80.47,59.71,56.16,181.08,53.17,78.11,129.94,45.38,38.2,179.9,58.23,50.02,80.56,12.36,1.46,63.62,19.53,14.83,60.79,6.27,10484.6,22.27,11.97,98.02,12.6,77.98,51.67,10.76,170.87,34.88,31.08,109.27,0.19,173.85,39.88,59.43,26.95,13.28,130.29,53.04,64.46,9.88,64.93,7.45,14.55,46.98,66.69,47.5,69.32,22.36,135.57,3.15,41.41,43.77,134.61,12.74,1.83,17.71,34.34,17.55,74.16,40.28,35.11,121.3,42.87,10.25,13.71,36.72,18.15,0.0,427.13,1.34,44.17,97.91,60.88,34.22,32.44,18.63,43.37,29.64,131.4,19.82,66.91,71.95,44.05,3.66
2026-10-05 03:00,28.88,33.94,37.22,37.27,50.62,54.1,52.69,55.44,39.09,52.67,52.93,42.52,56.53,46.87,31.21,45.74,36.93,43.65,47.64,51.76,53.64,54.97,47.7,54.92,56.25,45.64,47.75,47.44,46.23,47.22,43.85,49.27,48.58,90.69,29.75,91.16,191.07,70.06,14.92,50.5,89.9,32.06,185.1,48.54,29.24,106.15,36.29,37.33,36.54,20.1,40.4,161.93,13.97,10594.93,24.22,33.98,372.23,6.04,126.57,33.59,23.97,126.03,17.7,29.61,71.03,4.72,61.22,46.66,69.55,13.93,6.62,74.83,45.21,75.43,23.16,38.05,8.2,17.02,65.32,94.29,14.0,33.21,65.66,68.79,24.8,36.55,124.28,47.41,25.23,1.55,3.38,33.15,32.82,81.04,20.07,74.18,284.65,25.06,8.55,7.88,22.55,17.52,8.89,360.37,2.51,25.37,82.18,15.71,13.3,16.45,10.92,61.32,62.62,227.8,54.25,68.46,74.1,44.04,3.67
2026-10-05 03:05,28.88,33.94,37.22,37.31,50.65,54.14,52.73,55.47,39.09,52.7,52.94,42.53,56.57,46.9,31.26,45.79,36.97,43.69,47.67,51.78,53.67,55.0,47.75,54.95,56.29,45.67,47.78,47.46,46.24,47.24,43.86,49.29,48.59,74.03,39.92,61.34,185.13,80.19,101.54,62.58,33.93,19.68,269.51,12.16,38.81,121.5,6.82,23.12,47.01,29.26,14.67,118.37,9.93,11703.26,10.69,21.62,414.13,21.43,85.17,18.05,17.03,77.45,32.22,64.25,38.16,2.93,46.94,73.99,110.28,24.52,8.88,96.26,33.53,119.6,26.89,40.19,9.0,26.99,24.19,156.26,54.4,117.96,12.33,125.25,16.36,57.6,79.08,36.35,9.52,0.08,23.03,57.0,12.06,42.27,26.93,16.56,354.76,33.27,2.14,10.13,44.77,30.13,28.46,308.71,0.92,32.63,50.45,49.61,16.48,23.98,11.53,101.62,13.98,176.83,37.93,66.68,70.9,44.04,3.68
2026-10-05 03:10,28.83,33.88,37.18,37.37,50.67,54.16,52.78,55.53,39.1,52.77,52.99,42.56,56.6,46.97,31.32,45.84,37.03,43.75,47.69,51.8,53.7,55.04,47.8,54.99,56.35,45.72,47.83,47.51,46.27,47.28,43.87,49.34,48.62,72.01,38.93,61.05,200.77,49.14,24.11,79.16,126.95,15.17,144.1,20.5,29.29,74.46,8.17,32.19,28.45,15.65,21.26,113.4,11.28,17416.74,11.42,30.52,284.12,10.07,84.76,12.41,19.35,49.99,33.16,5.26,26.25,4.07,105.49,35.08,52.28,21.05,8.66,58.27,41.07,56.7,26.41,17.53,8.77,12.8,39.04,141.5,20.97,55.43,14.78,128.89,13.25,45.47,111.61,81.68,35.63,2.05,5.47,21.69,70.11,118.91,26.26,48.14,229.23,25.1,3.61,6.13,37.78,11.47,8.14,196.52,5.36,19.75,38.89,28.4,20.85,13.21,5.03,92.02,40.64,144.79,22.23,63.41,68.08,44.05,3.69
2026-10-05 03:15,28.81,33.86,37.17,37.31,50.64,54.13,52.73,55.48,39.09,52.71,52.95,42.54,56.57,46.9,31.26,45.79,36.97,43.69,47.66,51.78,53.67,54.99,47.75,54.94,56.3,45.67,47.78,47.46,46.25,47.24,43.86,49.29,48.6,75.8,40.05,110.42,205.83,127.22,125.69,72.01,116.84,4.64,101.56,88.06,11.72,192.77,21.71,36.84,15.72,11.03,33.5,110.73,7.67,18148.89,16.13,29.07,278.49,11.32,153.3,1.36,13.15,65.39,35.47,49.5,2.88,4.66,6.28,42.62,63.53,32.31,8.91,32.19,41.91,68.9,10.29,24.34,12.43,15.55,22.62,134.2,0.0,62.31,39.28,137.89,26.43,46.33,106.3,4.86,32.79,1.15,28.5,34.08,59.19,98.65,27.02,36.24,409.48,10.04,15.51,3.39,26.58,18.02,27.06,572.77,4.53,10.91,11.9,32.65,18.96,2.28,6.98,87.27,30.59,257.55,48.49,66.49,71.02,44.04,3.7
2026-10-05 03:20,28.84,33.89,37.18,37.32,50.64,54.13,52.74,55.48,39.09,52.73,52.95,42.54,56.57,46.92,31.27,45.8,36.98,43.7,47.67,51.78,53.67,55.01,47.75,54.96,56.31,45.68,47.79,47.47,46.25,47.25,43.86,49.3,48.6,67.09,29.33,14.95,231.45,23.21,15.49,57.11,76.8,14.2,208.49,56.6,10.12,35.16,21.51,23.76,23.48,22.64,44.3,128.48,8.43,17851.48,26.06,28.33,109.17,15.36,20.76,20.17,14.45,87.75,21.44,54.52,42.66,3.01,77.13,67.25,100.24,3.21,6.52,48.09,29.11,108.71,21.01,7.26,13.9,24.53,30.22,45.07,46.17,84.55,38.91,83.35,35.1,33.36,103.62,59.72,21.55,1.56,3.51,18.63,42.51,8.15,19.78,30.9,212.0,8.67,9.97,5.06,18.24,9.85,15.92,440.82,3.25,16.3,36.41,55.67,15.04,64.54,2.08,29.31,26.09,233.4,55.47,66.14,70.8,44.04,3.7
2026-10-05 03:25,28.84,33.89,37.19,37.34,50.66,54.14,52.76,55.51,39.09,52.72,52.96,42.54,56.59,46.93,31.29,45.82,37.0,43.72,47.68,51.79,53.69,55.03,47.78,54.98,56.33,45.69,47.8,47.48,46.25,47.25,43.86,49.3,48.6,73.46,32.41,56.04,194.98,81.38,71.09,50.4,95.76,17.52,136.24,12.39,32.89,123.3,29.85,1.31,26.33,14.79,56.15,139.92,2.62,18136.78,7.73,27.21,590.72,4.46,77.81,14.89,4.5,192.21,25.04,42.7,31.49,0.17,42.68,25.96,38.7,10.0,7.21,53.92,37.05,41.97,0.0,22.43,15.74,9.47,30.52,87.11,31.15,24.56,53.99,97.32,23.69,15.34,99.53,33.05,26.87,0.52,16.12,30.7,68.68,102.76,21.86,52.46,246.89,28.19,2.18,5.67,29.72,16.23,27.39,106.9,5.25,18.28,44.92,44.23,13.27,40.54,6.44,56.65,44.28,250.97,26.94,65.5,69.27,44.04,3.71
2026-10-05 03:30,28.83,33.88,37.18,37.41,50.7,54.2,52.81,55.56,39.09,52.8,53.01,42.58,56.63,47.0,31.35,45.88,37.07,43.78,47.72,51.82,53.73,55.07,47.83,55.03,56.38,45.74,47.86,47.52,46.29,47.3,43.88,49.35,48.64,56.36,16.28,50.9,272.13,83.81,20.38,67.99,112.85,22.35,43.25,18.26,22.95,126.99,4.6,27.31,50.73,4.7,41.09,63.7,3.25,19317.44,12.54,17.79,568.86,3.66,70.68,20.54,5.58,64.18,43.11,50.27,43.44,3.45,73.92,44.92,66.96,5.46,3.62,103.88,17.04,72.62,16.06,22.18,23.7,16.39,24.4,82.85,42.37,20.11,8.31,167.59,0.0,46.04,65.05,57.23,31.67,1.44,4.62,45.01,47.25,44.84,10.98,5.15,158.64,19.67,3.22,10.93,18.33,23.79,11.64,328.87,3.61,35.22,57.3,33.72,17.9,22.82,6.36,53.88,4.35,162.45,35.96,60.93,64.76,44.06,3.72
2026-10-05 03:35,28.82,33.86,37.17,37.4,50.68,54.18,52.8,55.55,39.1,52.8,53.02,42.58,56.62,47.0,31.35,45.86,37.06,43.77,47.7,51.81,53.72,55.07,47.81,55.02,56.38,45.75,47.87,47.53,46.3,47.31,43.89,49.36,48.65,58.95,28.85,54.23,230.15,47.33,40.24,73.47,96.41,21.61,139.91,29.17,25.23,71.72,12.19,25.79,44.29,15.19,4.35,92.57,6.27,21673.26,34.59,3.02,305.29,12.99,75.29,31.03,10.76,166.18,20.73,31.56,65.62,3.26,63.8,29.91,44.58,14.82,6.42,90.7,29.68,48.34,11.24,41.06,24.03,10.91,28.05,77.84,18.92,71.48,22.04,80.59,21.85,54.59,11.03,49.4,27.06,2.06,9.12,40.0,35.9,46.43,19.46,72.27,161.22,21.62,5.14,9.55,36.03,21.15,31.42,37.16,2.75,30.75,55.39,2.68,19.35,0.0,11.78,50.62,61.01,183.22,20.75,60.31,66.8,44.05,3.72
2026-10-05 03:40,28.81,33.86,37.17,37.34,50.65,54.14,52.76,55.5,39.09,52.72,52.99,42.56,56.59,46.95,31.29,45.82,37.0,43.72,47.67,51.79,53.69,55.03,47.78,54.98,56.33,45.7,47.82,47.5,46.27,47.28,43.87,49.33,48.62,52.07,22.37,84.63,247.37,60.63,116.06,0.0,92.46,16.22,177.34,35.21,14.4,91.86,22.94,40.75,43.1,19.26,56.44,140.1,7.21,20821.95,13.59,51.27,300.17,14.82,117.5,35.29,12.36,144.37,22.08,50.07,74.63,5.16,87.11,16.89,25.18,30.64,4.97,88.25,32.54,27.31,3.5,20.84,28.41,6.16,11.09,149.29,33.81,81.55,41.49,85.83,22.17,45.79,187.49,67.45,25.95,1.84,26.32,34.06,28.36,109.36,15.09,19.06,133.25,12.35,6.2,9.29,34.12,18.0,19.14,256.85,2.17,29.92,41.57,60.1,0.0,13.69,5.98,97.09,16.09,330.54,29.42,63.44,69.6,44.04,3.73
2026-10-05 03:45,28.77,33.81,37.13,37.41,50.69,54.19,52.82,55.57,39.1,52.82,53.01,42.57,56.63,47.01,31.36,45.88,37.07,43.79,47.71,51.82,53.72,55.07,47.83,55.02,56.39,45.75,47.86,47.53,46.29,47.3,43.88,49.35,48.64,68.61,17.26,59.33,297.75,55.87,66.16,65.97,117.84,8.47,146.91,38.99,9.46,84.66,21.34,17.48,20.0,15.95,46.11,153.55,5.93,24807.12,16.8,16.18,405.85,13.09,82.37,41.91,10.17,135.33,29.68,13.75,88.62,2.21,76.6,12.95,19.3,13.72,3.84,40.96,32.37,20.93,8.82,34.12,38.66,4.72,63.85,0.0,28.57,72.05,38.6,115.37,18.68,24.12,59.17,59.31,33.07,1.9,15.0,27.41,19.69,30.16,11.64,11.03,84.84,8.11,6.87,4.31,26.46,14.49,21.78,309.22,1.51,13.89,21.72,19.04,17.37,12.79,9.79,0.0,9.31,182.31,43.02,61.23,65.51,44.06,3.73
2026-10-05 03:50,28.77,33.8,37.12,37.38,50.66,54.15,52.79,55.54,39.1,52.79,53.01,42.57,56.6,46.98,31.33,45.84,37.04,43.76,47.68,51.8,53.7,55.03,47.8,54.99,56.36,45.73,47.85,47.52,46.29,47.3,43.88,49.35,48.64,60.27,28.64,48.22,296.73,53.76,65.92,127.16,76.54,19.08,196.54,27.06,24.58,81.46,14.26,22.65,59.93,21.34,21.63,110.64,8.24,25423.43,17.92,44.07,313.78,16.39,66.95,33.91,14.13,123.05,24.89,50.09,71.7,2.87,57.09,12.14,18.1,13.67,6.37,122.72,28.86,19.63,6.22,20.47,39.38,4.43,10.05,9.39,39.91,90.17,25.79,96.76,14.62,13.96,161.16,44.21,21.48,1.04,14.95,39.12,46.6,87.09,19.32,32.43,24.66,21.07,4.77,12.92,30.83,20.68,23.3,166.83,3.57,41.61,48.9,26.74,33.48,18.71,5.87,6.11,27.38,130.75,6.41,61.52,68.24,44.05,3.74
2026-10-05 03:55,28.67,33.69,37.03,37.45,50.7,54.2,52.85,55.6,39.1,52.87,53.06,42.61,56.65,47.04,31.4,45.91,37.11,43.82,47.73,51.83,53.74,55.08,47.87,55.05,56.43,45.79,47.91,47.57,46.33,47.35,43.9,49.4,48.67,61.85,13.88,44.73,316.27,58.63,67.76,30.94,61.7,29.45,60.77,33.72,26.16,88.83,25.22,34.05,21.49,6.6,22.3,104.21,12.23,32419.83,31.0,57.73,0.0,10.4,62.1,25.69,20.98,185.35,40.17,3.7,54.33,4.31,108.43,24.77,36.92,19.86,3.09,44.02,21.26,40.04,14.02,30.41,28.49,9.04,21.04,70.63,18.11,57.23,45.62,156.14,7.98,3.89,211.14,83.96,17.32,1.91,15.37,30.37,48.42,48.79,9.36,42.03,199.12,22.42,5.94,4.63,0.0,16.06,31.35,101.51,3.7,14.92,75.5,19.0,8.15,44.82,8.72,45.93,35.48,118.33,28.17,56.82,63.64,44.06,3.74
2026-10-05 04:00,28.79,33.83,37.14,37.42,50.7,54.2,52.83,55.57,39.1,52.82,53.03,42.59,56.64,47.01,31.37,45.88,37.08,43.79,47.72,51.82,53.73,55.07,47.84,55.03,56.4,45.76,47.88,47.54,46.31,47.32,43.89,49.37,48.65,64.69,22.78,40.01,365.34,33.34,58.41,53.56,32.97,24.19,101.87,14.03,23.19,50.52,15.29,20.9,56.21,11.06,13.99,135.0,3.77,24524.21,16.4,38.78,387.66,7.54,55.55,9.77,6.46,30.49,20.04,44.62,20.66,2.64,83.67,36.3,54.11,14.53,5.07,115.1,29.26,58.68,5.87,13.0,34.91,13.24,23.09,0.0,21.38,41.48,27.67,77.91,10.21,7.07,141.83,64.79,9.25,1.55,13.25,33.49,46.31,77.55,15.37,20.68,213.41,19.88,2.47,12.11,19.0,17.7,24.51,235.96,3.54,39.02,62.0,46.6,14.11,25.22,3.73,0.0,17.46,158.26,42.2,59.17,64.66,44.06,3.74
2026-10-05 04:05,28.82,33.86,37.17,37.45,50.71,54.22,52.86,55.61,39.09,52.84,53.05,42.61,56.66,47.05,31.4,45.92,37.11,43.83,47.74,51.84,53.75,55.1,47.87,55.06,56.43,45.78,47.9,47.56,46.33,47.34,43.9,49.39,48.67,65.89,27.55,37.55,375.91,87.7,62.79,69.86,44.34,26.92,115.91,44.05,15.81,132.88,12.25,25.31,2.63,12.59,15.65,93.66,14.44,22945.71,17.21,35.4,79.22,11.86,52.14,13.93,24.77,102.57,17.1,73.11,29.45,3.2,0.0,22.1,32.93,14.11,6.13,5.39,35.57,35.72,15.98,30.34,36.1,8.06,29.49,90.56,21.81,65.26,22.17,66.47,9.56,41.37,129.48,0.0,12.44,1.81,14.24,20.68,13.61,104.07,18.58,30.43,111.62,13.55,7.76,0.57,17.06,10.93,23.4,310.02,1.04,1.83,69.01,24.96,18.4,46.92,8.71,58.89,25.69,223.31,24.0,56.96,62.63,44.06,3.74
2026-10-05 04:10,28.81,33.85,37.16,37.47,50.73,54.24,52.88,55.63,39.1,52.88,53.06,42.61,56.68,47.06,31.43,45.94,37.13,43.85,47.75,51.85,53.77,55.12,47.89,55.08,56.45,45.8,47.92,47.57,46.33,47.34,43.9,49.4,48.67,59.45,14.83,0.0,566.98,19.61,38.63,97.64,35.01,13.45,0.0,52.32,22.01,29.72,24.74,9.92,31.49,0.0,18.5,21.54,9.38,23830.43,20.05,24.3,486.16,4.52,0.0,31.24,16.08,113.73,21.15,54.45,66.05,1.26,62.15,28.82,42.96,24.75,3.3,64.48,21.14,46.59,12.77,32.3,37.72,10.51,37.27,22.6,7.43,24.89,44.76,82.23,12.99,9.51,88.86,48.12,9.83,1.88,8.76,24.67,43.42,19.82,10.0,19.27,242.96,18.87,9.21,6.79,9.55,13.04,14.79,157.09,3.32,21.86,34.47,39.53,25.71,25.86,9.27,14.7,16.27,146.12,36.1,56.62,60.36,44.07,3.75
2026-10-05 04:15,28.74,33.77,37.1,37.41,50.7,54.19,52.82,55.56,39.1,52.83,53.03,42.59,56.63,47.01,31.36,45.88,37.08,43.78,47.72,51.82,53.73,55.07,47.83,55.03,56.39,45.76,47.88,47.54,46.31,47.32,43.89,49.37,48.65,66.14,0.0,27.03,608.52,74.41,39.04,20.57,46.25,4.24,110.19,58.85,20.45,112.74,10.05,17.24,14.12,11.97,6.03,139.7,8.49,28007.45,15.54,29.07,368.13,7.58,37.53,18.92,14.56,99.52,19.6,15.09,40.02,2.18,59.97,56.99,84.94,13.98,0.0,28.91,9.79,92.12,9.07,41.33,34.02,20.79,23.02,70.09,10.13,41.7,18.17,76.19,18.63,25.54,106.3,46.43,12.98,2.29,8.85,12.9,40.42,88.59,0.0,46.14,184.23,17.52,10.36,3.04,25.24,6.82,16.58,327.26,3.09,9.8,10.86,35.46,5.42,20.94,11.86,45.58,38.95,208.65,48.03,59.1,65.07,44.05,3.75
2026-10-05 04:20,28.81,33.85,37.17,37.4,50.67,54.16,52.81,55.56,39.1,52.81,53.03,42.58,56.62,47.0,31.35,45.87,37.06,43.78,47.69,51.81,53.71,55.05,47.82,55.01,56.39,45.75,47.87,47.54,46.3,47.31,43.89,49.37,48.65,58.76,16.43,36.02,927.11,72.87,35.47,97.64,25.6,27.46,70.62,22.17,3.41,110.41,11.01,27.63,39.83,7.67,23.11,18.33,1.79,23123.79,32.74,0.0,192.2,8.34,50.0,27.56,3.08,75.02,32.71,47.04,58.28,3.5,27.54,41.18,61.38,9.9,3.65,81.57,15.33,66.57,12.11,22.92,32.47,15.02,52.13,88.92,24.18,45.91,19.91,127.17,16.89,18.87,0.0,21.32,7.18,1.71,8.04,32.65,42.55,103.93,11.08,41.54,141.18,2.92,3.9,8.58,20.46,17.26,7.15,245.44,3.26,27.65,70.41,41.32,25.71,32.53,6.57,57.83,35.07,152.39,54.43,60.07,67.14,44.05,3.75
2026-10-05 04:25,28.88,33.92,37.23,37.47,50.72,54.22,52.88,55.62,39.1,52.88,53.05,42.6,56.67,47.07,31.42,45.94,37.13,43.84,47.74,51.84,53.76,55.11,47.89,55.07,56.45,45.79,47.91,47.56,46.32,47.33,43.9,49.38,48.66,80.66,31.42,52.34,990.22,24.77,78.71,22.37,81.22,16.25,50.5,44.65,4.12,37.54,19.49,21.23,30.4,5.48,45.61,81.18,5.49,18206.54,13.57,38.85,313.89,13.51,72.67,18.21,9.42,101.44,12.32,10.17,38.51,2.69,76.0,47.72,71.12,18.02,6.99,62.26,29.16,77.13,12.17,17.35,33.89,17.41,23.85,17.64,22.62,74.37,35.25,47.9,12.65,28.07,142.09,58.85,22.8,1.44,17.85,29.46,28.58,78.11,21.19,0.0,72.48,3.53,7.86,6.55,19.85,15.57,30.31,203.86,2.19,21.11,41.66,34.2,5.89,10.22,4.98,11.47,0.0,224.12,19.9,57.52,61.55,44.06,3.76
2026-10-05 04:30,28.86,33.9,37.21,37.45,50.71,54.21,52.86,55.61,39.1,52.86,53.05,42.6,56.66,47.05,31.4,45.91,37.11,43.83,47.73,51.83,53.75,55.1,47.87,55.05,56.43,45.78,47.9,47.56,46.32,47.34,43.9,49.39,48.67,83.06,0.0,40.55,1155.23,5.57,117.67,50.53,96.15,20.45,91.61,73.99,20.94,8.43,20.41,35.42,41.55,9.95,0.0,152.93,6.97,19263.1,21.41,26.18,238.78,6.94,56.3,14.88,11.95,79.74,20.89,45.87,31.47,4.48,85.03,27.25,40.62,6.36,0.0,85.09,0.78,44.05,20.01,31.75,39.85,9.94,15.89,134.73,36.71,38.18,36.92,81.19,32.6,3.0,95.74,65.84,26.98,0.62,26.68,27.08,15.2,62.69,0.0,44.31,35.0,17.95,13.03,8.96,26.09,14.31,5.72,481.9,1.16,28.85,52.43,27.06,13.31,34.79,9.11,87.62,37.41,234.39,41.17,57.5,62.91,44.06,3.76
2026-10-05 04:35,28.93,33.96,37.28,37.44,50.7,54.19,52.85,55.6,39.1,52.84,53.05,42.6,56.65,47.04,31.39,45.91,37.1,43.82,47.72,51.83,53.74,55.09,47.86,55.04,56.42,45.77,47.9,47.56,46.32,47.33,43.9,49.39,48.66,77.25,52.01,11.44,1517.97,13.18,58.13,116.27,74.19,8.68,62.25,21.45,11.18,19.98,19.67,21.35,39.46,6.76,6.4,73.18,11.68,14832.17,8.6,25.46,8.71,8.02,15.88,15.59,20.02,142.84,5.9,21.34,32.97,2.7,45.03,43.07,64.2,19.73,11.57,80.8,51.03,69.63,3.9,14.42,31.8,15.71,30.9,0.0,29.45,44.16,35.58,22.93,30.08,22.09,93.11,34.86,20.82,1.67,13.18,9.04,40.6,126.82,35.08,34.52,269.92,9.58,3.78,8.5,22.71,4.78,24.92,334.13,3.11,27.39,22.24,39.44,30.62,18.02,4.14,0.0,29.15,182.85,42.57,57.85,63.63,44.05,3.77
2026-10-05 04:40,28.95,33.97,37.29,37.5,50.73,54.24,52.9,55.64,39.1,52.9,53.09,42.62,56.68,47.1,31.45,45.95,37.16,43.87,47.76,51.85,53.77,55.13,47.9,55.09,56.47,45.82,47.94,47.6,46.35,47.37,43.91,49.42,48.69,75.36,17.41,19.61,1929.78,65.33,58.09,40.34,48.07,8.72,85.48,45.26,22.38,98.99,13.96,0.08,45.11,9.28,7.51,124.25,1.92,13912.57,0.99,12.77,21.89,8.81,27.23,17.32,3.3,100.35,23.2,22.38,36.63,0.01,60.76,19.61,29.23,13.14,3.87,92.38,21.1,31.7,7.43,47.74,27.97,7.15,18.68,93.31,0.0,48.5,25.26,90.2,13.23,5.84,46.71,47.05,13.49,0.87,13.17,21.04,24.46,31.9,11.74,50.78,76.84,19.19,7.97,9.72,12.24,11.12,26.37,284.07,1.87,31.32,22.35,30.97,10.62,46.57,13.7,60.68,42.87,128.18,25.83,54.02,60.17,44.06,3.78
2026-10-05 04:45,28.99,34.01,37.33,37.43,50.71,54.21,52.84,55.58,39.1,52.84,53.03,42.59,56.65,47.03,31.38,45.9,37.09,43.81,47.73,51.83,53.75,55.1,47.85,55.05,56.41,45.76,47.88,47.54,46.3,47.31,43.89,49.37,48.65,79.97,12.13,31.98,2166.73,97.86,24.31,130.13,51.94,13.13,86.25,36.59,33.16,148.27,20.81,23.63,13.13,9.36,21.95,67.82,11.38,10129.35,15.4,16.87,139.88,8.35,44.4,10.28,19.52,147.56,19.23,42.96,21.73,2.99,41.42,25.45,37.93,14.44,2.7,26.88,11.13,41.14,2.3,37.84,25.23,9.28,9.09,78.54,11.33,45.96,37.65,74.75,21.13,42.85,61.69,32.07,14.58,1.8,5.51,17.11,34.94,118.06,8.18,32.58,32.56,28.42,6.44,2.83,31.36,9.04,0.0,288.29,2.67,9.11,33.65,11.45,34.27,56.42,10.86,51.08,27.51,187.55,20.3,59.45,63.43,44.05,3.78
2026-10-05 04:50,29.03,34.06,37.38,37.44,50.69,54.19,52.84,55.59,39.1,52.84,53.04,42.59,56.64,47.04,31.39,45.9,37.1,43.81,47.71,51.82,53.73,55.08,47.85,55.04,56.42,45.77,47.89,47.55,46.31,47.33,43.89,49.38,48.66,129.01,32.51,35.95,2437.99,59.17,33.3,64.7,28.55,9.27,150.07,50.75,23.22,89.65,11.64,34.92,26.75,16.3,35.39,90.25,11.33,5837.59,25.52,48.23,248.29,10.4,49.92,42.8,19.43,143.59,14.03,4.12,90.5,4.42,56.63,15.28,22.77,13.3,7.23,54.77,28.66,24.7,2.86,54.16,28.56,5.57,20.32,77.84,27.15,57.2,21.06,54.54,18.01,31.55,176.4,43.85,8.01,0.44,7.55,19.3,57.11,103.42,21.93,30.15,84.56,19.9,8.94,5.76,12.14,10.2,24.34,23.03,4.37,18.57,23.77,37.08,17.04,38.72,15.54,50.62,25.45,49.68,50.44,58.63,64.71,44.05,3.79
2026-10-05 04:55,29.05,34.08,37.39,37.45,50.71,54.21,52.85,55.6,39.1,52.86,53.05,42.6,56.66,47.05,31.4,45.91,37.11,43.82,47.73,51.83,53.75,55.09,47.87,55.05,56.43,45.78,47.9,47.56,46.32,47.33,43.89,49.38,48.66,195.72,27.97,42.59,2427.42,63.79,75.3,47.81,44.08,13.07,143.03,29.06,24.16,96.65,17.86,15.12,31.74,15.53,27.07,106.55,12.05,4914.5,5.57,37.67,116.9,9.85,59.13,18.02,20.67,103.5,22.61,24.93,38.11,1.91,109.06,11.68,17.4,22.83,6.22,65.01,37.98,18.88,5.2,6.87,24.47,4.26,35.63,72.88,26.69,54.23,32.32,87.87,40.75,44.79,137.78,84.44,12.37,0.64,17.08,28.53,37.04,84.63,18.87,8.69,5.97,20.71,5.12,6.84,6.55,15.08,25.38,464.13,2.83,22.04,33.49,26.48,12.59,17.85,1.97,47.4,7.34,180.63,45.18,57.9,62.95,44.05,3.81
2026-10-05 05:00,29.06,34.1,37.42,37.4,50.69,54.18,52.81,55.55,39.1,52.81,53.01,42.57,56.62,46.99,31.35,45.86,37.06,43.77,47.71,51.81,53.72,55.06,47.82,55.02,56.38,45.74,47.86,47.52,46.29,47.3,43.88,49.35,48.63,360.82,13.6,64.67,2507.03,88.13,28.2,14.14,25.43,15.27,114.28,44.03,13.17,133.54,10.57,17.27,18.03,12.41,26.28,108.92,7.82,3237.04,20.71,45.81,269.42,6.3,89.79,15.86,13.41,74.09,21.77,13.19,33.54,2.19,63.74,43.26,64.48,14.96,3.02,36.92,18.96,69.93,5.83,43.1,26.03,15.78,17.16,106.06,31.98,34.66,19.12,84.63,20.1,28.34,167.52,49.35,7.14,1.68,6.4,16.42,51.03,47.29,9.18,56.15,202.4,11.29,7.75,3.89,20.84,8.68,30.75,133.08,3.9,12.52,39.15,65.35,3.72,23.81,12.37,68.97,47.4,179.43,8.25,61.43,65.99,44.03,3.82
2026-10-05 05:05,29.08,34.12,37.44,37.46,50.72,54.23,52.86,55.61,39.1,52.88,53.05,42.6,56.66,47.05,31.41,45.92,37.12,43.83,47.74,51.84,53.76,55.11,47.87,55.06,56.44,45.79,47.91,47.56,46.32,47.33,43.9,49.38,48.66,473.23,27.2,0.0,2489.23,69.52,15.12,78.84,77.23,22.08,149.97,50.92,34.22,105.33,16.16,19.69,14.56,16.28,38.26,34.55,1.18,2401.16,20.75,51.74,117.81,7.15,0.0,25.45,2.02,63.07,26.35,9.38,53.82,2.49,0.0,34.29,51.1,13.58,6.05,29.82,31.64,55.42,9.74,33.84,23.86,12.51,24.9,53.28,46.66,39.33,29.24,102.44,15.32,29.85,189.22,0.0,21.68,1.15,3.43,7.58,50.88,15.17,18.35,7.33,313.57,29.33,8.97,3.14,23.14,4.01,40.12,343.67,3.89,10.11,56.61,26.62,20.76,24.23,9.71,34.65,6.19,116.45,10.13,57.54,62.17,44.04,3.83
2026-10-05 05:10,29.09,34.13,37.45,37.42,50.7,54.19,52.82,55.56,39.1,52.83,53.03,42.59,56.63,47.01,31.37,45.88,37.08,43.79,47.72,51.82,53.73,55.08,47.84,55.03,56.39,45.76,47.88,47.54,46.31,47.32,43.89,49.37,48.65,607.73,14.57,1.41,2676.53,53.14,111.17,63.63,81.01,0.0,193.84,33.19,19.55,80.52,4.78,30.58,7.35,21.05,34.49,16.27,9.65,1860.86,25.12,41.02,460.16,8.69,1.96,37.09,16.55,122.59,37.4,19.43,78.43,3.87,84.76,52.13,77.7,20.34,3.24,15.05,19.25,84.26,14.08,11.44,27.88,19.02,3.96,62.79,39.57,47.82,8.65,145.38,29.43,31.83,150.02,65.63,22.73,0.93,25.21,27.28,11.65,64.81,9.82,30.73,123.14,16.76,5.84,1.58,45.73,14.42,16.17,90.7,0.89,5.1,0.0,48.86,16.75,28.0,3.28,40.84,25.95,187.67,40.21,59.03,65.04,44.03,3.84
2026-10-05 05:15,29.08,34.13,37.46,37.43,50.71,54.21,52.84,55.59,39.1,52.84,53.03,42.59,56.65,47.02,31.38,45.9,37.09,43.81,47.73,51.83,53.74,55.09,47.85,55.04,56.41,45.76,47.88,47.54,46.3,47.32,43.89,49.37,48.65,874.13,29.25,48.33,2902.92,50.6,105.35,82.29,88.64,25.22,62.91,43.24,14.2,76.67,12.37,18.34,36.54,6.83,6.24,96.87,7.26,1608.98,21.6,44.94,170.81,9.12,67.1,30.22,12.45,25.72,5.9,7.37,63.9,2.32,91.87,24.15,35.99,8.82,6.5,74.83,28.8,39.03,13.35,0.0,30.09,8.81,32.09,151.79,30.17,50.16,22.38,22.93,21.72,36.63,164.37,71.13,24.88,1.96,23.89,16.29,40.99,101.32,19.73,31.94,241.84,12.17,7.61,7.88,37.63,8.61,31.82,187.02,3.14,25.37,64.66,34.94,21.67,39.51,0.0,98.71,26.97,190.96,46.25,59.55,63.56,44.03,3.85
2026-10-05 05:20,29.08,34.14,37.47,37.38,50.68,54.18,52.79,55.54,39.1,52.79,53.0,42.57,56.61,46.99,31.33,45.85,37.04,43.76,47.7,51.81,53.71,55.05,47.8,55.0,56.37,45.73,47.85,47.52,46.29,47.29,43.88,49.34,48.63,1170.96,40.63,76.48,2960.81,47.44,21.14,148.2,1.52,18.33,52.75,24.58,14.8,71.89,19.87,52.8,39.43,5.73,43.88,93.52,10.17,1510.39,26.14,13.12,75.84,20.83,106.19,26.02,17.44,0.55,41.02,52.12,55.03,6.68,90.84,46.8,69.76,19.99,9.03,80.74,37.88,75.65,12.83,37.38,30.94,17.07,13.55,175.78,19.36,114.63,35.94,159.46,32.02,27.51,47.98,70.34,0.43,1.45,4.79,14.44,46.73,91.37,27.4,38.41,8.38,12.68,4.33,8.5,37.5,7.63,9.28,257.49,3.58,27.37,46.99,29.6,39.02,16.84,10.73,114.32,32.43,90.61,28.19,62.02,67.22,44.02,3.87
2026-10-05 05:25,29.06,34.14,37.48,37.4,50.69,54.2,52.81,55.55,39.1,52.8,53.01,42.58,56.63,47.0,31.34,45.86,37.06,43.77,47.72,51.82,53.73,55.08,47.82,55.02,56.38,45.74,47.86,47.52,46.29,47.3,43.88,49.35,48.64,1439.7,10.35,68.2,3034.64,43.63,104.39,143.67,150.34,42.91,74.19,52.15,16.19,66.11,23.44,38.75,49.77,8.06,27.85,123.51,4.9,1382.06,34.56,18.26,206.39,10.5,94.7,27.75,8.41,64.51,16.18,35.7,58.68,4.9,59.04,67.81,101.07,24.32,2.3,101.93,13.77,109.61,10.66,64.61,36.85,24.74,33.95,118.37,14.8,57.78,42.41,62.9,48.93,38.74,66.79,45.72,42.19,2.61,23.67,27.7,67.38,54.44,6.98,37.77,81.74,13.87,9.18,10.73,32.25,14.64,30.12,265.99,5.15,34.56,109.99,25.37,37.83,41.6,18.54,76.98,31.88,245.44,34.83,61.25,65.62,44.02,3.88
2026-10-05 05:30,29.08,34.17,37.49,37.43,50.7,54.2,52.84,55.58,39.1,52.85,53.04,42.59,56.64,47.03,31.38,45.89,37.09,43.81,47.72,51.83,53.74,55.09,47.85,55.04,56.41,45.77,47.89,47.55,46.31,47.33,43.89,49.38,48.66,1554.82,40.63,36.7,2685.79,44.55,77.15,107.22,94.02,23.02,192.15,57.17,11.67,67.5,30.94,30.91,45.96,20.86,15.66,35.46,18.13,1133.3,10.8,53.82,355.93,9.41,50.96,0.0,31.09,113.53,25.82,0.0,0.0,3.91,12.76,55.51,82.74,11.24,9.03,94.11,45.7,89.73,6.99,3.86,35.14,20.25,22.81,55.45,33.69,51.77,55.97,100.36,29.7,8.54,196.84,9.88,26.39,2.73,17.49,3.69,61.21,80.98,27.4,61.41,315.49,10.0,10.07,9.9,39.06,1.95,34.49,140.61,4.68,31.91,59.02,53.04,28.24,40.61,1.11,36.06,51.85,159.88,25.41,58.73,63.95,44.02,3.89
2026-10-05 05:35,29.08,34.18,37.5,38.11,50.85,54.38,53.18,55.91,39.1,53.19,53.21,42.7,56.85,47.42,31.94,46.27,37.63,44.19,47.87,51.95,53.91,55.29,48.18,55.27,56.77,46.04,48.14,47.73,46.43,47.47,43.95,49.53,48.77,1607.14,56.89,40.49,2667.7,83.46,44.09,0.0,6.16,37.75,88.29,22.07,32.1,126.45,6.22,18.53,39.67,9.59,41.01,73.37,10.51,906.93,14.75,78.02,295.96,13.25,56.21,35.92,18.03,75.17,15.73,28.12,75.95,2.34,140.7,36.72,54.74,18.28,12.65,81.24,51.65,59.36,17.36,64.58,34.52,13.4,85.29,82.31,44.25,72.92,11.25,61.14,18.81,58.17,285.33,108.94,1.73,2.07,10.0,32.18,28.13,66.55,38.37,48.08,193.23,27.52,3.89,8.55,41.09,17.01,42.13,150.46,2.15,27.54,96.76,64.95,0.0,29.06,18.53,53.53,40.59,40.77,70.64,38.87,40.81,0.0,3.9
2026-10-05 05:40,29.07,34.15,37.49,38.08,50.84,54.36,53.16,55.89,39.1,53.17,53.19,42.69,56.83,47.4,31.91,46.25,37.61,44.16,47.86,51.93,53.89,55.27,48.16,55.25,56.75,46.02,48.12,47.72,46.42,47.46,43.94,49.51,48.76,1590.16,26.71,60.99,3000.91,62.68,117.31,76.98,97.54,19.53,128.93,66.97,33.94,94.97,18.02,36.47,8.18,14.0,45.82,145.02,11.79,833.68,15.76,46.17,346.57,19.26,84.68,33.37,20.22,75.07,30.4,17.52,70.57,4.61,71.51,41.97,62.56,21.7,5.94,16.75,33.15,67.85,23.3,45.55,45.11,15.31,55.18,106.8,28.16,105.97,32.6,118.17,22.15,39.54,168.84,55.37,27.37,2.05,26.6,35.73,65.84,77.28,18.02,32.66,109.33,29.09,11.79,1.76,54.96,18.89,41.77,299.57,5.04,5.68,50.06,61.01,20.27,79.08,13.07,69.45,27.57,255.88,3.16,41.15,43.7,0.0,3.89
2026-10-05 05:45,29.03,34.14,37.48,38.09,50.83,54.35,53.16,55.89,39.1,53.17,53.19,42.68,56.83,47.4,31.92,46.25,37.61,44.17,47.85,51.93,53.89,55.26,48.16,55.25,56.75,46.02,48.12,47.71,46.41,47.45,43.94,49.5,48.75,2152.63,58.56,64.54,3091.23,39.85,98.37,79.67,103.74,52.97,146.09,43.14,4.74,60.38,9.7,8.73,38.35,15.86,38.77,116.3,11.01,442.63,13.46,1.25,156.29,24.2,89.61,17.65,18.88,157.68,45.18,22.35,37.33,1.1,0.0,65.48,97.6,46.53,13.02,78.54,54.38,105.85,14.62,51.08,54.75,23.89,42.51,118.69,10.61,133.18,17.54,175.63,32.65,29.99,4.57,0.0,29.12,2.74,22.31,17.15,47.59,85.3,39.5,2.6,24.2,4.06,7.6,8.27,44.43,9.07,31.5,334.66,3.64,26.63,135.78,38.15,20.98,25.49,14.66,77.19,2.2,289.55,64.52,41.94,44.43,0.0,3.88
2026-10-05 05:50,29.06,34.15,37.47,38.05,50.82,54.34,53.12,55.85,39.1,53.13,53.16,42.67,56.81,47.36,31.88,46.22,37.57,44.13,47.84,51.92,53.87,55.25,48.13,55.23,56.71,45.99,48.08,47.68,46.39,47.42,43.93,49.47,48.73,1413.44,22.75,32.75,2765.26,50.52,109.81,34.74,162.1,50.36,150.13,85.81,6.76,76.55,28.25,20.79,19.3,16.3,72.37,88.76,12.62,549.48,26.78,69.4,100.64,9.53,45.47,39.18,21.64,94.68,38.44,43.15,82.86,2.63,141.85,0.0,0.0,52.63,5.06,39.53,22.28,0.0,20.8,38.1,57.86,0.0,53.97,189.57,19.62,52.43,51.1,149.42,2.58,68.46,253.8,109.84,45.49,3.33,24.9,63.66,59.39,55.97,15.34,73.33,334.27,5.8,15.11,4.16,41.4,33.65,8.93,131.67,4.54,13.4,129.1,35.51,9.15,108.97,10.93,123.28,61.91,181.25,54.12,45.47,46.81,0.0,3.88
2026-10-05 05:55,29.03,34.11,37.46,38.09,50.84,54.35,53.16,55.9,39.1,53.18,53.19,42.68,56.83,47.41,31.92,46.26,37.62,44.17,47.86,51.94,53.89,55.27,48.16,55.25,56.76,46.02,48.12,47.72,46.41,47.46,43.94,49.51,48.75,1806.83,50.03,38.26,3470.62,70.14,0.0,86.66,80.14,25.15,114.43,90.7,0.0,106.27,16.48,39.13,44.49,12.43,47.72,51.32,9.48,441.35,24.94,60.25,449.85,14.06,53.12,0.0,16.26,117.38,56.92,26.61,0.0,4.95,44.66,29.39,43.81,49.36,11.13,91.12,48.66,47.52,26.04,57.72,57.4,10.72,31.97,199.61,51.34,77.35,29.81,221.25,9.87,40.76,220.33,34.58,22.49,4.16,0.0,53.38,55.79,105.92,33.75,61.24,88.25,0.0,15.97,9.59,36.12,28.22,76.04,273.13,4.27,30.89,64.49,62.2,22.82,85.41,16.56,129.81,51.7,64.76,63.24,41.89,43.84,0.0,3.87
2026-10-05 06:00,29.02,34.11,37.45,38.06,50.81,54.32,53.13,55.86,39.1,53.13,53.16,42.67,56.8,47.37,31.88,46.22,37.58,44.13,47.83,51.92,53.86,55.24,48.13,55.22,56.72,45.99,48.09,47.69,46.39,47.43,43.93,49.48,48.73,1574.76,49.04,17.8,3011.48,111.72,144.87,172.75,122.57,40.25,134.4,108.07,9.82,169.27,1.8,32.16,28.24,14.59,84.01,98.65,17.9,385.54,32.14,81.34,167.44,10.75,24.71,73.57,30.7,144.59,32.64,49.4,155.59,4.07,140.7,65.87,98.18,62.43,10.9,57.83,45.49,106.48,18.52,94.82,63.97,24.03,79.69,187.06,47.09,59.14,3.25,126.89,55.15,40.61,297.47,108.94,34.4,0.97,32.85,38.43,47.45,90.74,33.08,81.36,18.39,8.42,19.03,6.09,54.29,20.31,12.54,286.68,3.63,19.6,103.18,61.78,45.49,66.45,27.21,121.65,68.69,243.62,69.01,45.12,47.79,0.0,3.86
2026-10-05 06:05,29.03,34.1,37.45,38.02,50.79,54.3,53.09,55.83,39.1,53.1,53.14,42.66,56.78,47.33,31.85,46.19,37.55,44.1,47.81,51.9,53.84,55.22,48.1,55.2,56.68,45.97,48.06,47.67,46.38,47.41,43.93,49.47,48.72,1509.37,54.49,47.62,3275.64,0.0,35.3,109.82,157.93,37.72,139.61,95.93,32.16,0.0,41.15,39.8,73.82,15.16,90.79,51.29,24.06,333.21,23.95,57.52,205.74,4.54,66.11,50.05,41.26,147.12,31.53,55.61,105.83,5.04,87.34,32.11,47.86,42.9,12.12,151.17,53.57,51.91,29.75,54.56,57.69,11.71,0.0,108.69,70.51,25.0,74.44,122.57,62.35,54.54,210.35,67.63,44.32,4.17,8.01,62.71,48.44,35.98,36.76,59.96,327.0,27.57,16.89,15.91,45.42,33.15,27.86,45.26,3.71,51.25,96.7,62.69,28.92,103.26,15.65,70.68,50.62,158.16,80.31,47.17,50.98,0.0,3.85
2026-10-05 06:10,29.0,34.09,37.43,38.0,50.78,54.29,53.07,55.81,39.1,53.09,53.12,42.64,56.77,47.31,31.82,46.17,37.52,44.08,47.8,51.9,53.83,55.21,48.08,55.18,56.66,45.95,48.04,47.65,46.36,47.39,43.92,49.44,48.71,1534.81,30.47,83.97,2923.04,88.32,114.14,184.2,262.02,63.14,382.67,48.64,40.21,133.82,15.31,54.55,89.97,41.55,108.52,88.71,12.38,331.38,24.74,58.67,432.9,21.56,116.58,54.6,21.23,176.16,9.47,30.38,115.46,6.9,182.98,54.94,81.88,42.97,6.78,184.24,38.79,88.81,17.14,13.48,63.38,20.04,123.24,109.06,99.08,118.64,27.69,36.81,37.2,41.34,214.55,141.68,73.54,1.47,25.88,38.96,70.17,72.29,20.55,63.03,338.5,34.46,8.57,19.39,30.51,20.6,67.83,130.7,5.37,62.46,161.86,68.85,48.51,114.35,3.87,70.92,53.21,205.53,64.24,49.54,51.86,0.0,3.84
2026-10-05 06:15,28.97,34.09,37.42,38.01,50.81,54.33,53.09,55.81,39.1,53.08,53.12,42.64,56.79,47.32,31.83,46.18,37.53,44.09,47.83,51.91,53.86,55.24,48.09,55.2,56.67,45.95,48.04,47.65,46.36,47.39,43.91,49.44,48.7,1718.09,75.54,105.05,2417.0,103.04,181.82,149.12,265.23,30.25,152.93,72.29,67.74,156.13,28.17,79.29,70.7,16.61,56.89,84.69,19.52,292.27,12.79,101.55,225.31,42.87,145.85,76.25,33.48,97.94,48.08,15.46,161.23,10.03,9.09,39.11,58.3,78.35,16.8,144.79,63.44,63.23,33.92,57.81,70.48,14.27,72.43,214.38,34.13,235.94,50.95,186.91,112.71,38.85,371.41,7.04,74.44,2.05,41.23,43.53,66.27,87.84,50.95,78.84,63.77,58.06,12.73,15.24,74.18,23.01,103.66,80.72,5.07,49.09,77.54,95.74,39.27,157.73,16.59,139.42,66.55,283.34,136.84,49.82,48.94,0.0,3.84
2026-10-05 06:20,29.0,34.12,37.42,37.95,50.76,54.26,53.03,55.76,39.09,53.02,53.09,42.62,56.74,47.27,31.78,46.13,37.48,44.03,47.78,51.88,53.81,55.17,48.04,55.15,56.62,45.91,48.0,47.62,46.34,47.36,43.91,49.42,48.68,1560.75,55.27,117.65,2034.43,0.0,61.66,288.04,152.07,44.71,74.19,108.81,51.04,0.0,36.71,43.27,47.4,8.06,50.43,121.85,13.08,295.76,5.95,45.3,172.74,28.79,163.35,34.73,22.43,59.17,46.9,56.04,73.45,5.48,146.51,0.0,0.0,54.39,12.29,97.06,59.42,0.0,21.21,124.76,74.04,0.0,64.14,200.84,33.06,158.46,66.41,182.31,102.48,7.04,165.68,113.45,42.68,3.77,13.98,35.63,159.55,130.28,37.28,157.14,155.42,43.74,19.16,10.21,71.74,18.83,60.09,129.57,12.21,32.9,114.61,78.99,75.85,169.69,35.8,130.61,132.66,230.82,74.9,52.81,55.71,0.0,3.83
2026-10-05 06:25,28.96,34.09,37.4,37.96,50.75,54.25,53.03,55.77,39.09,53.04,53.1,42.63,56.73,47.27,31.78,46.13,37.48,44.04,47.77,51.88,53.8,55.16,48.04,55.14,56.62,45.92,48.01,47.63,46.35,47.37,43.91,49.42,48.69,1626.51,87.85,190.91,2094.35,61.71,170.34,218.34,70.2,39.88,253.89,125.12,47.85,93.5,0.0,120.97,40.44,27.57,72.39,57.25,37.03,284.38,8.63,53.05,350.45,24.99,265.06,92.19,63.51,101.25,34.61,0.36,194.96,15.31,157.56,71.99,107.3,64.98,19.54,82.81,83.7,116.37,0.89,121.79,75.4,26.26,68.19,347.06,125.01,137.5,0.0,134.53,12.34,65.66,194.01,121.99,19.7,3.61,38.63,59.01,65.74,104.33,59.26,76.65,284.83,41.02,22.03,8.71,67.97,31.19,60.88,179.38,5.03,28.07,102.22,107.55,57.49,87.82,34.94,225.7,64.71,198.27,116.54,52.16,56.2,0.0,3.82
2026-10-05 06:30,28.96,34.09,37.4,37.93,50.74,54.24,53.01,55.74,39.1,53.01,53.06,42.6,56.72,47.24,31.75,46.11,37.46,44.01,47.76,51.87,53.79,55.15,48.02,55.13,56.6,45.89,47.98,47.59,46.31,47.33,43.89,49.38,48.66,1516.82,101.89,62.61,1617.27,115.28,323.4,49.29,326.02,40.75,127.4,122.84,34.57,174.68,51.51,52.76,125.37,13.83,68.44,104.63,19.97,268.22,14.03,40.66,284.92,45.04,86.93,121.92,34.24,181.71,60.74,7.89,257.81,6.68,71.8,42.42,63.23,121.72,22.66,256.73,96.28,68.57,20.84,0.0,99.12,15.48,107.27,64.72,132.68,247.87,93.18,236.09,39.69,64.28,148.71,55.6,91.5,6.89,73.33,41.59,105.28,83.49,68.73,138.17,271.31,29.63,21.63,27.02,57.01,21.99,114.28,354.01,8.05,87.04,104.47,78.35,12.98,120.96,0.0,42.09,116.65,362.91,46.25,56.0,57.5,0.0,3.81
2026-10-05 06:35,28.96,34.08,37.39,37.97,50.77,54.28,53.05,55.78,39.1,53.06,53.09,42.63,56.75,47.29,31.8,46.14,37.5,44.05,47.79,51.89,53.82,55.18,48.06,55.16,56.64,45.93,48.02,47.62,46.34,47.37,43.91,49.42,48.68,1378.92,46.54,126.24,1706.14,128.31,129.58,145.92,214.29,53.42,29.97,207.78,85.39,194.41,23.5,24.11,104.07,3.25,153.45,124.07,21.8,222.51,15.29,17.59,368.42,39.65,175.27,107.29,37.39,54.49,50.64,18.97,226.88,3.05,237.13,85.42,127.32,40.34,10.35,213.12,45.87,138.08,14.68,2.22,98.86,31.16,125.56,204.04,88.36,218.17,42.5,196.84,58.94,50.74,64.32,183.61,60.14,3.85,29.38,51.07,67.01,74.91,31.39,157.41,151.36,73.19,36.59,22.43,32.81,27.0,3.05,160.3,5.13,72.25,136.94,94.94,38.42,207.93,0.64,132.69,132.89,181.73,96.75,52.46,53.81,0.0,3.8
2026-10-05 06:40,28.93,34.08,37.38,37.9,50.73,54.23,52.98,55.71,39.09,52.96,53.02,42.58,56.7,47.21,31.72,46.08,37.42,43.98,47.75,51.86,53.77,55.14,47.99,55.11,56.57,45.86,47.94,47.56,46.29,47.3,43.88,49.35,48.63,1581.95,165.3,122.35,1110.65,270.69,339.37,210.05,48.77,102.69,322.87,72.82,98.57,410.15,38.85,8.46,7.07,35.06,76.69,112.78,0.0,252.44,30.77,70.46,90.14,31.93,169.88,0.0,0.0,134.32,74.22,35.65,0.0,1.07,168.33,87.14,129.89,94.33,36.76,14.47,147.19,140.86,24.24,173.37,93.55,31.79,70.4,485.56,115.1,175.73,70.28,288.51,98.35,81.18,257.69,130.34,13.69,2.71,76.95,51.56,61.18,37.33,111.5,78.01,226.21,84.48,12.82,1.52,74.15,27.26,90.99,197.53,4.68,4.91,263.25,4.05,55.31,228.43,49.74,315.77,65.85,292.55,132.82,58.66,59.83,0.0,3.79
2026-10-05 06:45,28.93,34.07,37.36,37.87,50.7,54.2,52.95,55.68,39.09,52.94,53.01,42.57,56.67,47.18,31.69,46.05,37.39,43.95,47.72,51.84,53.74,55.09,47.96,55.07,56.53,45.84,47.92,47.54,46.28,47.29,43.88,49.34,48.63,1298.38,72.73,199.87,814.93,201.6,225.03,242.7,119.1,45.13,347.59,132.03,51.0,305.47,63.37,65.71,43.93,37.74,51.71,126.14,32.04,227.65,9.22,107.75,550.89,39.89,277.51,59.41,54.96,107.18,75.67,46.12,125.63,8.31,152.9,43.73,65.17,44.64,16.17,89.96,65.72,70.68,42.43,89.79,96.38,15.95,119.41,453.2,107.0,219.51,114.63,294.16,89.36,43.82,394.05,118.39,33.43,5.49,51.03,74.74,174.22,133.29,49.06,170.61,223.53,43.71,23.25,9.47,41.11,39.51,89.73,336.13,13.33,30.5,115.7,72.39,63.91,44.61,25.76,294.73,144.03,269.01,124.51,60.29,63.1,0.0,3.79
2026-10-05 06:50,28.91,34.06,37.35,37.8,50.67,54.16,52.88,55.61,39.1,52.9,52.96,42.54,56.63,47.11,31.61,45.98,37.32,43.88,47.69,51.81,53.7,55.05,47.89,55.02,56.46,45.79,47.86,47.49,46.25,47.24,43.86,49.29,48.59,1320.73,128.46,118.55,556.27,169.13,431.76,434.75,134.24,48.74,629.25,118.76,33.46,256.26,32.31,90.74,64.42,68.33,103.56,147.76,53.71,301.45,41.45,80.89,238.7,16.3,164.59,104.86,92.11,61.68,111.27,23.65,221.75,11.48,294.95,126.46,188.49,78.43,28.57,131.91,115.95,204.42,25.44,139.63,105.4,46.13,114.85,77.31,44.17,89.71,58.45,432.53,158.35,57.3,295.84,228.38,37.68,3.15,97.91,108.76,120.55,108.9,86.65,128.24,213.88,28.68,20.91,13.88,89.66,57.5,113.66,217.95,9.22,44.72,124.95,156.98,114.48,263.87,40.06,50.28,108.26,520.05,146.58,64.33,67.19,0.0,3.78
2026-10-05 06:55,28.88,34.05,37.33,37.82,50.7,54.2,52.91,55.64,39.1,52.9,52.96,42.54,56.66,47.14,31.64,46.01,37.35,43.91,47.71,51.83,53.74,55.09,47.92,55.05,56.49,45.8,47.87,47.5,46.25,47.25,43.86,49.29,48.59,1414.07,141.87,218.79,412.82,327.5,194.94,27.56,0.0,60.2,317.36,237.65,43.78,496.24,1.86,135.92,48.52,34.46,85.65,163.22,58.13,258.13,15.44,196.3,212.75,18.97,303.78,117.74,99.69,82.5,113.0,34.19,248.99,17.2,169.62,205.03,305.6,141.06,31.55,99.37,122.24,331.43,29.67,121.92,89.42,74.8,167.13,281.81,44.33,104.36,3.37,439.25,177.38,30.04,717.91,131.34,0.0,6.98,44.2,114.4,36.69,113.28,95.69,194.5,281.23,37.52,41.85,10.46,0.0,60.48,102.66,412.77,2.81,33.69,154.33,97.22,7.26,120.24,34.98,183.26,164.2,249.36,104.68,64.36,64.16,0.0,3.77
2026-10-05 07:00,28.91,34.05,37.33,37.83,50.68,54.17,52.91,55.65,39.1,52.92,52.98,42.55,56.65,47.15,31.65,46.02,37.36,43.91,47.7,51.82,53.72,55.08,47.93,55.04,56.5,45.81,47.89,47.51,46.25,47.26,43.86,49.3,48.6,1040.31,162.46,42.38,306.72,252.21,349.44,159.24,324.33,60.69,166.16,303.86,51.05,382.15,69.02,146.69,56.45,18.04,54.16,153.78,24.35,256.47,26.37,115.3,430.65,71.74,58.84,52.7,41.76,182.25,61.93,48.88,111.45,18.56,176.47,145.7,217.16,139.25,36.13,115.6,148.65,235.52,25.11,172.9,95.74,53.15,47.89,447.58,81.88,394.78,124.86,240.73,169.77,67.69,421.69,136.64,91.02,6.8,79.24,62.63,0.0,105.01,109.58,109.14,112.68,43.75,53.5,12.17,93.63,33.11,86.28,272.26,0.0,39.19,155.59,118.47,41.93,185.59,49.61,291.07,92.14,315.83,70.73,63.46,65.82,0.0,3.76
2026-10-05 07:05,28.9,34.05,37.33,37.82,50.7,54.19,52.91,55.64,39.09,52.9,52.95,42.55,56.66,47.14,31.64,46.01,37.35,43.91,47.71,51.83,53.73,55.09,47.92,55.05,56.49,45.8,47.87,47.49,46.25,47.24,43.86,49.28,48.59,1199.1,223.46,103.62,260.69,138.54,458.6,359.23,212.9,23.99,560.62,41.42,75.12,209.92,9.25,90.96,65.96,60.87,172.63,144.66,44.06,227.1,38.77,214.89,332.99,16.15,143.86,129.53,75.56,58.28,34.11,36.58,273.92,11.51,226.52,64.33,95.89,45.69,49.69,135.08,205.32,103.99,42.08,116.52,113.55,23.47,110.87,184.19,46.77,88.89,16.74,132.61,76.31,41.8,785.9,175.39,59.75,6.95,103.99,50.36,81.68,154.39,150.73,67.92,264.76,64.39,7.29,14.22,87.13,26.62,60.07,344.3,6.25,45.79,61.5,52.31,94.59,190.24,33.43,119.78,57.34,542.2,84.17,63.51,64.15,0.0,3.75
2026-10-05 07:10,28.86,34.01,37.3,37.74,50.64,54.12,52.83,55.56,39.1,52.84,52.91,42.51,56.59,47.06,31.55,45.93,37.27,43.83,47.65,51.79,53.67,55.02,47.84,54.99,56.41,45.74,47.81,47.45,46.21,47.2,43.84,49.24,48.55,1074.52,75.11,41.32,232.46,277.79,429.95,0.0,459.61,54.72,449.82,245.79,62.68,420.91,78.43,146.87,147.87,48.84,178.75,79.9,47.12,208.74,12.57,129.54,214.92,50.29,57.37,127.16,80.81,126.56,108.76,15.68,268.89,18.58,220.33,126.07,187.91,25.11,16.7,302.81,76.05,203.79,20.71,131.67,108.41,45.99,230.32,366.05,45.59,276.77,141.89,422.77,167.44,67.96,473.77,170.6,128.99,0.97,97.5,67.29,213.57,61.69,50.67,274.67,249.73,53.72,43.28,31.87,140.63,35.57,82.21,39.84,16.34,102.66,140.29,23.08,0.0,245.18,37.78,238.05,231.88,389.18,42.65,69.03,70.79,0.0,3.74
2026-10-05 07:15,28.9,34.02,37.31,37.75,50.63,54.11,52.84,55.57,39.09,52.83,52.91,42.51,56.59,47.07,31.56,45.94,37.28,43.84,47.64,51.79,53.67,55.02,47.85,54.99,56.42,45.75,47.81,47.45,46.21,47.2,43.84,49.24,48.56,873.06,92.73,224.85,371.42,143.73,26.04,89.89,319.55,71.97,459.67,120.27,45.88,217.78,85.0,121.59,153.39,49.91,99.43,57.53,47.85,234.44,17.48,131.34,402.8,8.9,312.18,142.18,82.07,111.2,108.17,69.63,300.66,15.38,318.98,83.17,123.96,50.66,20.62,314.12,93.08,134.44,53.81,38.07,98.81,30.34,79.31,205.4,205.52,48.96,153.77,420.48,87.06,53.58,480.34,246.98,89.68,2.09,5.9,73.48,45.74,105.73,62.55,143.53,306.02,39.33,21.18,33.06,144.43,38.84,102.41,97.89,3.5,106.49,184.49,10.17,23.67,263.94,10.92,133.57,121.17,111.29,141.39,68.6,71.11,0.0,3.73
2026-10-05 07:20,28.84,33.99,37.28,37.61,50.56,54.03,52.7,55.43,39.1,52.71,52.81,42.44,56.49,46.93,31.42,45.81,37.14,43.69,47.57,51.73,53.58,54.91,47.72,54.87,56.28,45.64,47.7,47.35,46.13,47.1,43.8,49.15,48.48,845.73,113.85,143.6,333.21,89.7,263.18,214.73,106.65,56.68,543.21,325.99,79.89,135.91,117.03,173.1,106.79,58.98,52.2,120.61,65.95,213.51,20.88,86.25,323.08,43.86,199.38,153.47,113.11,49.83,68.95,59.94,324.54,21.9,199.54,194.56,290.0,89.29,25.32,218.68,109.87,314.51,45.47,168.08,78.41,70.98,254.9,521.28,56.75,241.37,211.71,268.03,159.83,106.72,315.44,154.5,29.93,2.29,59.68,148.36,65.89,84.19,76.79,161.35,185.29,68.47,57.4,23.01,146.6,78.43,160.03,303.86,5.04,74.14,145.29,128.34,56.55,183.57,48.23,339.0,136.21,297.03,153.72,77.37,79.54,0.0,3.72
2026-10-05 07:25,28.86,33.99,37.28,37.65,50.6,54.07,52.74,55.47,39.09,52.73,52.83,42.46,56.53,46.97,31.46,45.86,37.18,43.74,47.61,51.76,53.62,54.94,47.77,54.91,56.32,45.66,47.72,47.37,46.15,47.12,43.81,49.16,48.5,609.56,157.12,218.73,301.36,294.76,390.44,243.81,334.3,52.83,292.8,125.84,98.07,446.62,0.0,15.22,146.49,31.79,121.35,81.22,33.6,189.46,21.04,173.47,383.63,26.19,303.69,96.95,57.62,92.98,79.89,69.8,205.02,1.93,504.27,151.96,226.49,57.6,34.94,299.98,151.83,245.63,26.61,221.66,113.03,55.43,168.73,431.71,33.79,144.1,0.0,310.56,116.75,67.41,634.41,390.46,93.82,6.67,88.53,74.02,103.89,112.35,105.98,133.1,190.92,84.05,22.16,31.57,117.41,39.13,181.35,201.25,7.95,101.7,135.44,132.2,64.2,115.34,63.6,280.75,112.37,482.7,123.25,74.64,76.05,0.0,3.71
2026-10-05 07:30,28.89,34.01,37.28,37.67,50.59,54.06,52.75,55.49,39.09,52.74,52.84,42.46,56.53,46.98,31.48,45.87,37.19,43.75,47.6,51.76,53.62,54.96,47.78,54.91,56.34,45.68,47.73,47.38,46.15,47.13,43.82,49.17,48.5,446.91,243.04,209.52,274.88,176.77,633.68,224.7,0.0,71.71,857.2,168.51,96.86,267.85,57.25,95.7,126.6,93.08,177.66,146.96,56.89,156.05,18.01,42.86,325.15,7.83,290.9,23.45,97.57,97.03,38.87,40.38,49.59,12.11,195.67,62.13,92.6,77.53,54.05,259.26,212.59,100.43,54.6,148.92,76.12,22.66,176.27,227.13,92.2,43.07,103.57,151.1,39.36,63.18,156.75,151.51,0.0,9.9,143.69,107.71,251.37,136.88,163.94,158.58,327.87,83.02,29.67,27.29,185.0,56.94,228.55,395.76,19.23,87.9,183.84,14.82,59.17,250.01,42.73,147.71,133.87,622.28,50.54,74.08,76.15,0.0,3.7
2026-10-05 07:35,28.82,33.94,37.23,37.56,50.55,54.02,52.65,55.39,39.09,52.65,52.72,42.39,56.48,46.88,31.36,45.77,37.08,43.65,47.57,51.72,53.58,54.91,47.68,54.85,56.23,45.58,47.62,47.27,46.07,47.02,43.77,49.06,48.42,511.86,111.49,130.09,308.46,388.86,402.95,465.82,454.92,160.62,390.33,262.63,150.36,589.2,45.13,78.51,223.48,42.38,36.6,87.38,74.74,167.98,16.05,213.45,0.98,43.9,180.62,206.61,128.17,131.23,102.67,0.0,436.91,9.93,408.6,5.96,8.89,57.67,24.79,457.64,106.8,9.64,58.53,257.3,80.39,2.18,61.29,292.26,114.06,241.56,81.64,399.12,132.77,151.04,780.65,316.38,127.68,12.13,91.37,143.29,192.8,145.87,75.21,113.53,380.54,128.88,46.25,48.16,124.16,75.75,115.97,452.64,14.75,155.15,411.75,149.75,122.66,280.04,73.83,190.07,95.84,434.55,226.02,82.23,80.72,0.0,3.69
2026-10-05 07:40,28.81,33.93,37.23,37.55,50.53,54.0,52.64,55.38,39.1,52.67,52.77,42.41,56.46,46.87,31.34,45.76,37.08,43.64,47.54,51.71,53.56,54.86,47.67,54.82,56.22,45.59,47.64,47.31,46.1,47.07,43.78,49.11,48.45,396.29,212.19,215.22,264.6,291.35,564.07,410.83,277.34,128.69,633.85,269.86,153.43,441.46,111.62,193.67,149.48,68.83,240.59,122.41,7.9,150.54,36.05,202.45,429.09,24.38,298.81,26.38,13.54,139.16,80.52,17.33,55.78,24.51,407.81,286.52,427.06,79.3,47.19,306.11,187.88,463.15,71.86,157.98,102.14,104.52,307.18,144.08,51.91,134.14,201.92,313.0,75.95,81.08,740.4,315.76,77.84,0.12,127.91,100.66,226.68,139.24,143.13,164.67,473.34,131.51,47.52,32.22,132.14,53.21,0.0,367.47,17.34,103.78,329.89,78.6,108.18,200.11,45.33,93.7,139.01,438.36,172.79,80.19,82.29,0.0,3.68
2026-10-05 07:45,28.8,33.92,37.22,37.42,50.44,53.9,52.51,55.25,39.09,52.49,52.64,42.33,56.36,46.74,31.22,45.64,36.95,43.51,47.45,51.65,53.46,54.76,47.55,54.7,56.09,45.48,47.5,47.18,46.0,46.94,43.74,48.98,48.37,410.62,133.37,331.5,262.72,531.24,0.0,413.71,347.97,54.83,469.99,272.22,77.42,804.94,67.31,174.81,34.1,51.03,23.34,45.55,70.08,149.81,25.98,261.16,244.4,25.69,460.26,144.3,120.2,132.28,83.21,47.78,305.15,22.12,403.74,134.11,199.9,166.85,29.66,69.82,123.07,216.79,57.25,131.92,90.19,48.93,272.51,406.61,202.79,141.35,121.76,323.45,68.17,61.54,955.11,312.61,97.66,7.02,0.0,186.56,183.56,130.68,89.97,99.65,302.09,66.36,47.93,7.35,109.47,98.63,139.26,397.87,14.04,23.67,140.55,122.37,108.94,134.35,37.85,264.43,84.13,145.37,246.58,88.47,90.72,0.0,3.67
2026-10-05 07:50,28.79,33.91,37.2,37.47,50.47,53.91,52.56,55.29,39.09,52.55,52.68,42.37,56.39,46.79,31.26,45.68,36.99,43.55,47.48,51.67,53.49,54.79,47.59,54.75,56.14,45.52,47.55,47.22,46.03,46.98,43.76,49.02,48.39,368.21,119.92,283.36,347.54,469.21,623.61,331.42,468.24,45.12,188.37,181.69,69.77,710.95,50.15,30.41,90.4,20.45,270.16,137.09,55.13,93.63,6.02,127.26,410.93,79.31,393.42,41.49,94.55,166.04,58.42,44.26,87.73,3.85,393.0,252.59,376.49,135.05,26.67,185.12,108.58,408.31,17.77,222.09,91.8,92.15,106.69,452.3,123.82,436.45,90.72,227.09,63.78,207.44,465.41,304.3,131.41,8.81,141.41,146.47,198.21,138.59,80.89,236.39,382.19,59.8,31.99,19.48,50.82,77.43,155.58,369.68,15.16,62.76,115.67,184.37,87.27,284.16,63.72,294.14,199.57,568.81,168.83,85.19,88.37,0.0,3.66
2026-10-05 07:55,28.82,33.94,37.23,37.56,50.53,54.01,52.65,55.38,39.09,52.62,52.73,42.39,56.46,46.88,31.35,45.77,37.08,43.64,47.55,51.71,53.56,54.88,47.68,54.83,56.23,45.58,47.62,47.28,46.07,47.03,43.77,49.07,48.42,293.48,127.81,83.86,303.97,295.57,553.16,491.58,528.03,118.25,0.0,36.74,103.59,447.85,63.6,141.95,138.3,0.0,142.14,86.46,25.28,85.92,27.65,283.37,195.39,20.7,116.44,0.0,43.35,4.21,106.67,23.85,0.0,17.96,167.67,85.7,127.73,40.51,28.42,283.22,122.39,138.53,90.42,81.89,98.62,31.26,357.82,342.87,62.53,113.89,115.06,414.64,113.73,179.45,1036.34,129.83,148.19,8.46,125.43,25.68,146.22,206.21,86.21,180.75,150.09,88.79,6.47,29.81,99.4,13.58,104.76,102.01,11.19,96.02,303.15,162.1,129.44,119.09,23.5,222.98,152.59,564.58,194.46,81.77,81.78,0.0,3.65
2026-10-05 08:00,28.77,33.88,37.18,37.59,50.54,54.01,52.68,55.42,39.09,52.67,52.76,42.41,56.47,46.91,31.4,45.8,37.12,43.68,47.56,51.72,53.57,54.89,47.71,54.85,56.26,45.61,47.65,47.31,46.1,47.06,43.79,49.1,48.45,253.34,211.08,189.08,280.52,328.18,361.63,482.18,900.78,49.34,463.96,274.35,125.54,497.26,34.13,156.74,54.64,50.38,87.6,129.71,41.79,78.39,36.05,307.78,182.79,53.82,262.52,110.8,71.68,162.02,93.19,32.3,234.31,19.83,465.83,106.16,158.24,157.1,46.94,111.89,189.02,171.61,8.9,145.84,74.38,38.73,58.37,411.65,200.25,296.17,61.75,362.26,150.58,35.03,1125.62,360.69,252.81,0.81,82.0,114.21,249.5,192.25,142.38,39.09,152.19,107.6,48.31,11.78,128.18,60.38,205.45,178.38,19.09,37.93,126.49,242.11,126.97,233.17,41.84,267.71,33.0,398.14,64.39,79.41,81.06,0.0,3.64
2026-10-05 08:05,28.75,33.86,37.16,37.34,50.39,53.83,52.44,55.18,39.08,52.4,52.56,42.29,56.29,46.66,31.14,45.55,36.86,43.43,47.4,51.61,53.4,54.7,47.48,54.65,56.02,45.4,47.43,47.11,45.94,46.87,43.71,48.91,48.31,268.74,31.97,316.92,369.25,190.77,218.89,670.34,738.16,21.72,604.13,411.65,176.23,289.05,76.88,39.92,88.65,65.6,322.26,249.39,56.57,64.81,29.25,162.99,627.31,90.57,440.02,79.98,97.02,164.69,68.14,93.34,169.14,5.05,412.17,82.53,123.01,192.43,7.11,181.54,29.61,133.41,0.0,128.33,76.16,30.11,202.51,478.3,141.97,498.38,139.08,264.86,284.23,121.05,596.1,319.14,207.17,11.55,49.63,54.14,224.01,263.69,21.57,284.34,111.22,151.05,72.49,19.11,129.14,28.62,112.48,230.14,17.14,61.55,55.67,167.87,176.52,352.15,36.82,311.05,240.05,456.06,100.76,92.65,95.22,0.0,3.63
2026-10-05 08:10,28.72,33.84,37.14,37.46,50.47,53.93,52.56,55.3,39.09,52.55,52.66,42.36,56.4,46.78,31.25,45.67,36.98,43.55,47.49,51.67,53.49,54.8,47.6,54.76,56.14,45.51,47.53,47.2,46.03,46.97,43.75,49.0,48.38,237.06,347.3,15.85,643.26,332.88,116.1,416.91,194.12,133.75,531.16,171.25,77.37,504.38,70.31,75.3,278.02,57.67,183.46,96.86,0.0,82.25,38.7,320.67,474.65,73.75,22.0,156.67,0.0,125.67,88.62,0.0,331.32,9.53,659.91,77.08,114.89,189.72,77.23,569.33,310.65,124.6,23.11,295.67,83.82,28.12,262.18,691.86,132.59,405.83,127.18,344.5,149.81,163.39,1172.76,510.97,54.48,1.24,26.33,127.69,180.15,149.88,234.27,205.47,454.0,66.31,30.16,59.92,243.54,67.5,84.79,242.32,13.78,193.02,342.87,46.24,109.78,371.78,84.84,449.93,173.46,277.31,49.66,86.09,88.25,0.0,3.62
2026-10-05 08:15,28.66,33.79,37.1,37.27,50.38,53.83,52.38,55.13,39.09,52.36,52.46,42.21,56.28,46.6,31.05,45.51,36.79,43.36,47.39,51.6,53.39,54.69,47.43,54.63,55.95,45.34,47.34,47.02,45.86,46.78,43.67,48.81,48.23,178.42,354.7,211.58,971.98,370.81,642.5,87.99,88.29,143.05,0.0,441.03,91.03,561.86,77.17,196.58,279.36,0.0,139.08,224.87,104.46,80.23,42.92,186.17,524.35,110.49,293.76,213.68,179.15,75.17,229.21,49.31,451.86,24.87,616.24,115.03,171.45,246.07,78.88,572.08,309.44,185.94,72.31,168.8,79.7,41.96,362.36,490.07,152.95,608.01,139.6,890.99,77.7,144.76,680.86,477.15,24.78,9.78,145.69,229.24,276.94,100.48,239.26,119.11,247.44,78.02,77.66,60.21,6.04,121.19,194.68,302.76,21.19,193.95,366.72,143.06,23.17,431.32,48.43,318.71,100.56,656.18,168.0,99.56,96.07,0.0,3.61
2026-10-05 08:20,28.7,33.78,37.11,37.32,50.38,53.83,52.42,55.16,39.08,52.39,52.53,42.26,56.29,46.64,31.1,45.53,36.84,43.41,47.39,51.61,53.39,54.69,47.46,54.63,56.0,45.39,47.4,47.09,45.92,46.85,43.7,48.88,48.28,175.33,229.03,96.05,1678.64,135.41,414.07,618.96,628.52,29.97,516.04,0.0,136.19,205.18,39.58,264.45,188.74,56.03,152.08,160.16,62.09,85.92,30.66,81.22,695.64,45.08,133.35,205.46,106.49,143.83,178.73,93.09,434.49,33.46,270.75,268.29,399.89,188.53,50.93,386.5,197.29,433.69,88.12,81.89,84.58,97.87,151.95,347.84,191.76,248.06,71.61,694.75,211.93,99.45,297.05,209.64,176.4,1.87,93.89,145.89,311.1,158.84,154.49,262.47,256.87,116.73,0.0,40.68,218.07,77.12,151.7,394.89,23.8,131.03,76.83,97.8,162.99,353.44,23.5,226.21,221.58,455.8,142.2,94.63,95.64,0.0,3.6
2026-10-05 08:25,28.71,33.74,37.11,37.42,50.47,53.94,52.52,55.25,39.09,52.5,52.64,42.34,56.38,46.73,31.21,45.64,36.94,43.51,47.48,51.66,53.49,54.79,47.55,54.73,56.09,45.48,47.51,47.18,46.01,46.95,43.74,48.99,48.36,140.43,214.04,180.28,2525.41,431.82,558.21,72.58,783.72,0.0,761.66,208.38,80.98,654.29,23.17,166.59,154.49,82.7,0.0,125.91,83.83,92.9,4.5,73.54,349.32,43.91,250.31,112.33,143.76,77.61,0.0,53.7,237.53,21.08,435.28,141.69,211.19,193.89,47.6,316.37,194.43,229.04,84.18,216.68,74.03,51.69,313.76,87.2,150.35,241.64,41.91,0.0,264.25,161.21,268.94,337.03,219.95,6.24,126.58,41.48,190.51,84.42,144.38,370.72,414.7,69.41,36.69,33.3,196.47,21.93,104.24,400.08,14.58,107.26,0.0,116.09,19.11,132.16,62.17,56.71,312.97,560.3,238.84,87.5,88.38,0.0,3.58
2026-10-05 08:30,28.69,33.75,37.09,37.39,50.43,53.88,52.49,55.23,39.09,52.47,52.6,42.31,56.34,46.72,31.19,45.61,36.92,43.48,47.44,51.64,53.45,54.74,47.53,54.68,56.07,45.45,47.47,47.15,45.98,46.91,43.72,48.95,48.33,109.06,141.72,423.32,2273.12,409.2,325.81,192.71,253.78,127.31,474.53,355.24,166.48,620.03,8.34,142.19,15.92,51.53,320.86,124.43,42.02,105.2,21.17,174.59,477.99,32.15,587.75,136.69,72.07,158.93,26.19,49.77,289.07,17.99,320.37,126.43,188.44,185.04,31.52,32.6,142.57,204.37,30.18,75.96,77.04,46.12,211.24,225.7,218.84,176.91,15.08,101.8,215.37,135.74,638.51,248.06,71.22,10.95,73.88,43.45,381.2,157.6,95.59,189.22,196.54,142.69,62.55,3.43,93.79,22.97,66.3,405.57,29.16,11.05,326.37,195.29,50.75,273.78,21.79,146.78,159.74,239.7,200.75,90.12,91.0,0.0,3.57
2026-10-05 08:35,28.61,33.62,37.04,37.23,50.34,53.78,52.33,55.06,39.09,52.31,52.45,42.21,56.22,46.55,31.02,45.46,36.76,43.32,47.36,51.57,53.35,54.62,47.37,54.55,55.9,45.32,47.32,47.01,45.86,46.77,43.67,48.79,48.23,136.2,127.56,45.16,3265.36,654.33,272.29,260.11,981.44,98.34,900.09,310.36,136.12,991.45,101.45,50.89,104.17,97.73,214.01,106.8,41.05,120.43,16.35,124.93,530.27,22.43,62.71,97.04,70.4,146.01,202.4,54.41,205.21,6.44,564.37,318.83,475.22,202.54,28.37,213.32,112.64,515.39,85.15,38.34,83.81,116.31,157.34,708.68,126.79,123.41,183.52,786.79,7.37,28.94,456.9,436.99,275.44,11.52,61.74,162.16,249.23,64.87,86.05,128.75,521.44,116.67,54.65,22.45,144.62,85.72,94.81,523.52,19.07,72.32,252.11,204.78,68.49,201.44,11.0,460.87,108.69,376.46,301.33,98.96,99.73,0.0,3.56
2026-10-05 08:40,28.59,33.61,37.03,37.34,50.4,53.85,52.43,55.17,39.08,52.4,52.56,42.28,56.3,46.66,31.13,45.57,36.86,43.43,47.41,51.62,53.41,54.7,47.48,54.65,56.01,45.4,47.43,47.11,45.94,46.88,43.71,48.91,48.31,134.81,129.44,96.92,3918.03,180.34,593.64,490.15,611.29,52.56,532.69,117.95,65.97,273.25,144.42,80.71,232.84,57.84,0.0,152.82,80.27,131.45,41.91,121.86,292.33,91.92,134.57,254.01,137.67,36.41,71.06,35.73,537.14,10.21,324.2,339.22,505.61,280.47,28.78,476.81,130.79,548.35,115.17,273.26,74.91,123.75,153.48,711.22,38.35,505.83,261.26,276.23,209.66,190.37,445.66,251.03,171.56,3.85,134.61,112.23,144.67,252.46,87.31,63.81,214.11,56.54,20.77,50.18,29.38,59.33,65.97,329.37,11.07,161.65,134.74,129.47,129.07,36.47,78.4,462.52,53.87,574.57,197.52,93.06,94.92,0.0,3.55
2026-10-05 08:45,28.51,33.52,36.97,37.27,50.34,53.77,52.38,55.11,39.08,52.34,52.47,42.22,56.24,46.59,31.08,45.5,36.8,43.37,47.35,51.58,53.34,54.65,47.41,54.59,55.94,45.34,47.34,47.03,45.87,46.79,43.67,48.82,48.24,119.1,170.75,306.96,4330.13,97.29,413.91,270.7,676.07,124.76,773.05,389.52,49.6,147.41,132.11,181.25,169.38,83.94,231.43,128.25,47.24,120.62,7.81,140.95,386.36,17.73,426.19,302.37,81.02,188.95,164.25,44.47,639.42,22.93,393.2,283.91,423.17,10.37,37.97,346.85,147.61,458.94,39.72,358.87,78.2,103.57,214.2,973.62,128.16,97.54,238.98,638.49,249.13,216.53,515.49,304.45,189.74,3.03,93.86,63.53,349.76,199.52,115.18,176.09,335.85,42.51,68.59,36.5,168.57,33.59,147.93,332.35,26.76,117.59,319.82,223.19,71.28,93.6,102.97,633.17,148.66,340.4,314.54,98.48,100.12,0.0,3.53
2026-10-05 08:50,28.52,33.52,36.97,37.15,50.29,53.73,52.24,54.98,39.09,52.26,52.41,42.18,56.17,46.47,30.95,45.37,36.67,43.23,47.3,51.54,53.29,54.58,47.29,54.51,55.82,45.26,47.27,46.97,45.82,46.73,43.65,48.77,48.2,116.7,69.48,262.05,4468.07,333.72,426.78,750.51,346.02,77.51,482.39,299.65,120.14,505.65,60.97,159.26,80.6,52.38,288.56,229.29,106.81,130.9,45.65,65.69,315.89,78.43,363.83,203.22,183.18,71.05,129.38,51.69,429.75,20.15,649.8,133.87,199.53,142.13,15.45,165.06,75.46,216.39,28.32,342.22,79.41,48.83,319.7,1044.78,185.53,431.6,110.3,502.92,180.94,175.03,240.25,503.13,97.11,8.87,96.78,135.51,298.99,173.87,46.87,435.02,318.65,102.97,52.76,17.37,220.86,71.64,143.81,118.22,22.87,55.96,198.7,43.25,197.63,155.98,98.19,679.45,367.25,387.19,230.82,102.46,104.77,0.0,3.52
2026-10-05 08:55,28.55,33.46,36.97,37.21,50.31,53.74,52.3,55.04,39.08,52.27,52.47,42.22,56.19,46.53,31.0,45.44,36.74,43.29,47.33,51.55,53.31,54.57,47.34,54.52,55.88,45.31,47.32,47.02,45.87,46.79,43.67,48.82,48.24,123.26,135.73,332.68,5209.18,462.56,375.95,69.89,911.89,221.05,636.4,277.28,145.48,700.88,76.68,153.34,34.45,69.1,132.71,204.07,36.35,179.0,21.76,200.03,497.56,56.74,461.9,27.55,62.34,2.63,144.43,66.09,58.25,19.4,354.91,134.41,200.34,253.61,30.18,70.54,138.08,217.27,53.4,141.46,85.05,49.03,176.42,243.95,120.49,312.22,138.72,561.42,247.2,134.66,731.57,274.81,255.92,9.28,85.25,185.47,223.7,124.67,91.55,51.66,298.84,124.69,48.83,7.42,161.15,98.05,248.88,189.96,17.11,23.91,566.66,353.02,18.4,155.86,40.59,158.65,43.62,452.81,425.79,99.0,101.73,0.0,3.51
2026-10-05 09:00,28.48,33.41,36.93,37.13,50.26,53.68,52.24,54.98,39.08,52.2,52.41,42.19,56.15,46.45,30.88,45.37,36.65,43.23,47.27,51.52,53.26,54.51,47.28,54.47,55.81,45.24,47.24,46.96,45.83,46.73,43.66,48.76,48.21,175.02,208.52,388.95,5236.68,692.83,519.66,382.26,854.14,81.96,983.89,254.96,63.55,1049.78,51.61,19.7,286.44,106.83,161.64,135.25,64.22,194.24,45.34,233.08,439.69,57.24,540.03,97.34,110.14,60.42,34.86,35.32,205.85,2.49,335.64,300.68,448.17,75.25,46.37,586.58,185.85,486.05,55.51,220.62,69.77,109.69,311.42,478.55,245.07,315.0,93.36,135.49,54.91,3.8,852.43,259.89,239.72,5.67,117.84,56.09,259.78,175.53,140.66,97.39,321.04,54.47,44.89,61.73,112.93,29.65,56.4,357.33,19.87,198.87,210.11,139.43,100.66,406.41,63.3,311.21,82.22,703.49,284.04,101.58,105.48,0.0,3.49
2026-10-05 09:05,28.44,33.31,36.89,37.08,50.23,53.64,52.18,54.92,39.09,52.18,52.37,42.18,56.1,46.41,30.87,45.32,36.61,43.17,47.24,51.5,53.22,54.48,47.23,54.42,55.76,45.21,47.21,46.93,45.82,46.7,43.64,48.72,48.17,199.57,54.02,128.86,6238.63,111.23,563.67,556.44,991.72,138.31,740.01,479.7,188.56,168.54,118.59,104.13,54.41,80.35,178.67,199.46,71.69,164.68,49.26,153.06,166.42,87.83,178.91,195.39,122.95,200.23,6.19,50.93,413.18,13.18,407.74,295.23,440.04,324.64,12.01,111.42,59.84,477.24,55.44,435.79,75.2,107.7,146.2,409.97,158.29,483.34,214.53,24.05,316.19,178.23,559.79,315.71,278.33,7.88,127.82,96.91,334.56,101.08,36.44,101.69,420.78,161.62,84.47,11.73,206.09,51.23,224.99,349.99,25.6,37.77,354.57,80.85,146.52,167.16,125.04,266.62,85.85,470.09,358.62,103.71,108.86,0.0,3.48
2026-10-05 09:10,28.46,33.32,36.9,37.21,50.32,53.75,52.3,55.04,39.09,52.31,52.45,42.23,56.2,46.53,30.99,45.44,36.73,43.29,47.33,51.56,53.32,54.59,47.35,54.53,55.87,45.31,47.31,47.01,45.88,46.78,43.67,48.81,48.24,249.49,134.65,342.71,6448.22,200.44,594.04,652.24,712.13,96.99,443.64,296.65,70.87,303.71,76.78,271.98,14.86,48.17,416.79,145.99,57.0,161.19,44.39,327.35,232.64,38.49,475.82,91.33,97.76,40.65,47.88,61.8,193.13,34.41,348.1,206.29,307.47,241.6,29.94,30.43,139.72,333.46,83.12,280.42,79.96,75.25,282.22,0.0,277.35,211.81,138.89,186.11,308.5,193.2,1197.19,269.54,199.86,8.55,134.7,168.46,354.95,177.03,90.83,98.86,274.04,60.75,52.24,3.2,130.21,89.06,37.27,294.92,27.16,10.32,248.65,60.28,171.75,199.99,80.46,0.0,83.46,485.87,179.43,98.65,100.99,0.0,3.46
2026-10-05 09:15,28.42,33.43,36.89,37.18,50.29,53.72,52.29,55.03,39.08,52.26,52.42,42.2,56.18,46.51,30.98,45.41,36.71,43.28,47.3,51.54,53.29,54.57,47.34,54.51,55.86,45.28,47.28,46.98,45.84,46.74,43.66,48.77,48.19,296.13,294.41,116.47,4749.75,267.74,998.16,714.79,261.07,0.0,416.62,260.14,140.61,405.68,138.08,123.99,61.96,45.24,245.52,129.2,64.75,146.5,44.6,193.73,374.77,52.5,161.7,254.85,111.04,46.54,58.64,41.43,538.92,15.69,240.2,243.23,362.53,328.96,65.47,126.88,259.25,393.17,34.77,273.28,70.13,88.73,345.91,442.0,195.44,288.91,249.78,227.93,283.13,0.0,708.5,185.99,73.27,11.45,226.34,141.64,391.1,291.19,198.59,366.95,226.82,120.52,45.81,13.35,163.55,74.88,134.83,247.65,29.92,43.02,0.0,290.19,188.22,197.46,78.41,287.45,309.79,935.43,13.03,101.08,103.26,0.0,3.45
2026-10-05 09:20,28.44,33.43,36.9,37.19,50.27,53.68,52.29,55.03,39.08,52.24,52.46,42.22,56.16,46.52,30.97,45.42,36.72,43.28,47.28,51.53,53.27,54.54,47.33,54.5,55.87,45.29,47.29,47.01,45.86,46.78,43.68,48.81,48.24,415.23,175.0,359.74,4691.71,178.8,524.23,728.3,648.39,144.45,636.6,300.71,132.97,270.92,10.42,142.86,8.19,69.12,133.45,123.06,49.79,151.83,38.87,175.95,12.38,104.28,499.46,83.23,85.39,140.29,18.58,82.16,176.0,18.08,709.6,142.5,212.4,46.15,38.92,16.78,167.78,230.35,71.03,449.47,78.16,51.98,139.21,929.41,97.39,573.87,18.85,72.23,61.49,150.9,643.5,549.44,181.97,12.11,118.87,199.53,87.67,160.55,118.04,0.53,136.31,113.97,52.95,1.77,57.1,105.48,193.45,539.72,6.71,5.69,370.31,136.51,191.78,420.83,128.96,604.42,0.45,726.23,353.4,99.39,105.65,0.0,3.44
2026-10-05 09:25,28.38,33.31,36.85,37.1,50.25,53.66,52.21,54.94,39.08,52.19,52.39,42.17,56.12,46.42,30.89,45.33,36.63,43.19,47.26,51.51,53.25,54.5,47.25,54.44,55.78,45.23,47.23,46.95,45.81,46.71,43.64,48.74,48.18,452.09,381.23,375.71,5522.85,650.04,680.98,301.2,606.43,119.98,497.87,186.65,0.0,984.94,106.92,151.66,43.22,54.06,342.11,168.35,70.0,148.34,54.56,132.39,571.44,47.04,521.64,52.12,120.05,79.12,196.22,23.65,110.21,19.19,357.16,160.53,239.27,138.7,84.78,88.5,331.85,259.49,35.46,32.3,83.82,58.56,350.05,752.15,177.95,258.86,193.42,762.74,348.29,116.68,484.17,276.55,170.2,10.75,154.42,0.0,187.73,128.59,257.16,315.06,498.93,0.0,32.87,9.31,310.11,0.0,173.79,253.41,14.36,30.0,307.56,135.75,79.31,132.09,9.27,489.14,265.98,598.88,351.8,103.19,106.93,0.0,3.42
2026-10-05 09:30,28.36,33.31,36.82,37.14,50.25,53.67,52.24,54.98,39.08,52.23,52.38,42.16,56.14,46.47,30.92,45.36,36.67,43.23,47.26,51.52,53.26,54.54,47.29,54.48,55.82,45.25,47.24,46.94,45.81,46.7,43.64,48.73,48.17,475.82,298.59,149.84,5680.19,208.14,829.94,400.04,182.79,154.98,747.16,140.43,84.85,315.38,140.7,117.44,177.8,81.13,344.87,293.56,1.61,134.39,12.31,141.66,449.05,134.55,208.04,137.23,2.76,271.6,276.32,76.79,290.19,14.86,446.35,312.98,466.5,220.1,66.4,364.1,263.77,505.93,64.88,453.99,87.13,114.18,170.69,293.33,251.37,740.4,254.53,1074.14,135.2,108.69,518.07,345.61,51.3,8.37,188.2,70.51,235.28,203.33,201.41,492.72,408.69,72.73,24.73,38.32,60.96,37.28,177.63,171.58,18.0,123.44,397.3,129.8,105.34,127.54,130.26,190.76,415.96,671.72,339.15,103.31,106.44,0.0,3.41
2026-10-05 09:35,28.3,33.28,36.79,37.09,50.22,53.62,52.2,54.93,39.08,52.17,52.36,42.18,56.11,46.42,30.86,45.32,36.62,43.19,47.22,51.5,53.22,54.48,47.25,54.43,55.77,45.21,47.21,46.93,45.82,46.7,43.65,48.73,48.16,612.52,3.53,247.8,5536.89,224.03,1047.54,638.76,266.01,114.55,873.08,63.97,162.48,339.45,66.98,185.64,209.2,94.8,137.84,22.47,28.97,129.25,37.07,286.99,807.96,41.95,344.05,261.09,49.69,139.08,122.22,34.63,552.12,23.49,360.6,167.48,249.63,113.45,0.78,428.4,14.78,270.73,76.18,429.0,83.31,61.1,165.07,661.72,342.06,230.84,121.16,475.11,105.47,148.95,1049.59,279.21,74.66,1.8,237.54,163.37,195.0,264.04,2.38,494.96,331.82,139.26,11.26,45.09,101.11,86.37,32.09,331.98,14.92,145.24,293.66,125.4,168.2,473.57,123.09,430.33,417.86,914.24,155.05,103.31,109.14,0.0,3.39
2026-10-05 09:40,28.37,33.26,36.83,37.13,50.24,53.64,52.23,54.97,39.08,52.19,52.41,42.17,56.13,46.46,30.9,45.36,36.66,43.22,47.24,51.51,53.24,54.5,47.28,54.45,55.8,45.25,47.25,46.96,45.82,46.73,43.64,48.77,48.2,692.61,108.03,265.12,6488.61,280.82,240.87,231.25,261.02,191.18,331.3,250.22,82.33,425.5,115.64,212.63,163.68,35.97,40.0,98.53,94.17,120.07,38.87,0.0,57.91,64.9,368.1,110.3,161.5,214.71,133.09,32.16,233.26,26.9,509.23,229.5,342.07,84.77,24.02,335.19,111.78,370.99,90.28,222.36,89.73,83.72,184.75,656.06,189.87,357.14,209.2,517.36,214.88,135.44,0.0,394.29,73.26,10.82,54.62,275.67,280.51,83.2,72.87,271.67,87.36,70.57,44.06,35.28,0.0,145.73,241.24,488.03,21.46,113.64,490.1,195.92,60.89,212.76,63.8,426.65,229.35,289.31,0.0,103.27,107.34,0.0,3.38
2026-10-05 09:45,28.32,33.28,36.79,37.15,50.29,53.71,52.25,54.99,39.07,52.19,52.37,42.16,56.17,46.47,30.94,45.39,36.67,43.24,47.3,51.54,53.29,54.56,47.3,54.5,55.82,45.24,47.23,46.93,45.8,46.7,43.65,48.72,48.17,744.24,68.97,348.07,5484.2,282.38,311.68,482.78,342.46,78.85,736.69,212.48,226.5,427.87,53.3,138.71,228.42,79.99,221.3,53.88,42.67,107.03,48.15,383.53,269.78,70.37,483.27,190.4,73.18,152.03,193.73,55.2,402.64,17.55,623.68,186.13,277.43,159.35,15.34,467.76,70.25,300.88,98.39,355.1,94.49,67.9,88.68,420.02,34.53,387.25,96.41,753.1,66.33,150.26,1402.65,482.91,96.11,0.0,70.68,101.95,151.71,257.66,46.53,49.35,203.32,194.13,37.41,49.23,127.06,53.89,187.29,572.1,11.61,158.58,202.14,71.79,127.13,63.09,101.89,273.15,41.66,377.94,386.9,103.27,104.17,0.0,3.36
2026-10-05 09:50,28.31,33.29,36.79,37.13,50.26,53.69,52.23,54.97,39.09,52.24,52.41,42.19,56.14,46.45,30.91,45.36,36.66,43.22,47.27,51.52,53.26,54.53,47.28,54.47,55.8,45.25,47.25,46.96,45.83,46.74,43.66,48.77,48.2,1100.65,86.82,100.95,5211.21,325.94,0.0,741.02,527.9,15.42,902.49,555.5,158.87,493.86,47.23,236.19,151.51,98.0,292.51,123.92,53.67,103.18,35.91,365.77,0.0,89.12,140.17,200.59,92.04,97.09,68.23,73.97,424.18,29.88,346.68,148.26,220.98,167.89,19.31,310.26,95.28,239.66,23.55,121.6,82.18,54.09,72.83,431.14,285.59,490.41,85.43,265.22,79.14,147.51,1337.7,268.43,148.16,7.73,0.0,77.98,186.76,179.62,58.56,126.26,376.35,136.17,97.82,32.65,145.3,41.22,347.73,119.86,14.29,105.19,39.52,145.48,195.13,500.12,34.89,280.38,106.59,231.44,256.2,102.14,105.74,0.0,3.35
2026-10-05 09:55,28.24,33.2,36.74,37.25,50.32,53.77,52.34,55.08,39.09,52.35,52.47,42.23,56.22,46.57,31.04,45.47,36.78,43.33,47.33,51.57,53.33,54.64,47.38,54.58,55.92,45.34,47.34,47.03,45.88,46.79,43.68,48.82,48.25,1105.95,250.04,317.63,5388.67,257.31,207.25,857.07,983.22,126.84,1214.69,156.71,29.7,389.88,81.06,151.13,114.49,131.89,242.02,155.27,36.27,87.57,14.88,118.11,443.57,47.5,441.0,143.98,62.21,170.18,207.37,76.68,304.48,19.12,649.1,224.64,334.83,141.2,55.6,234.45,225.12,363.13,55.88,290.82,81.74,81.95,409.44,763.02,80.8,261.4,146.63,806.12,75.61,229.62,431.94,502.6,275.94,5.01,47.0,162.13,228.95,189.02,168.67,156.33,294.97,25.46,27.59,24.67,278.32,85.71,255.14,244.2,17.52,79.48,325.15,124.14,225.69,192.72,83.44,496.21,131.98,184.55,296.27,97.8,100.86,0.0,3.33
2026-10-05 10:00,28.18,33.21,36.72,36.96,50.15,53.52,52.07,54.81,39.08,52.05,52.26,42.08,56.02,46.29,30.74,45.2,36.49,43.05,47.15,51.44,53.14,54.4,47.13,54.34,55.64,45.11,47.1,46.82,45.71,46.59,43.59,48.62,48.09,1421.77,271.01,356.93,4990.76,435.44,837.12,867.07,497.66,163.18,916.69,132.37,9.95,659.78,111.41,108.75,219.11,99.54,199.48,101.43,77.49,81.88,37.41,163.6,468.84,77.64,495.57,58.27,132.89,278.12,173.82,0.38,123.23,13.76,353.53,214.04,319.02,105.31,60.27,448.7,240.78,345.99,101.52,149.17,96.36,78.08,508.75,597.04,140.45,427.23,201.54,675.67,255.81,237.28,598.31,273.73,139.67,7.5,189.82,210.85,251.66,241.15,182.81,414.75,375.02,8.53,23.31,47.22,124.85,111.47,227.07,291.57,19.25,152.12,418.32,114.44,228.32,0.0,42.8,388.27,350.14,735.34,92.14,110.76,114.45,0.0,3.32
2026-10-05 10:05,28.07,33.13,36.68,37.08,50.25,53.68,52.2,54.93,39.08,52.14,52.34,42.15,56.13,46.41,30.84,45.31,36.6,43.18,47.26,51.51,53.25,54.52,47.24,54.46,55.76,45.2,47.18,46.9,45.78,46.67,43.63,48.69,48.15,2145.75,157.05,199.27,5663.98,202.17,672.91,402.83,817.86,192.16,943.24,100.18,76.45,306.33,156.36,166.84,148.8,102.42,374.81,215.83,93.88,108.13,44.88,193.8,435.33,43.68,276.67,221.69,161.0,40.83,153.96,7.09,468.8,21.11,404.27,301.35,449.16,141.78,34.92,304.71,140.15,487.13,54.29,256.84,92.38,109.93,352.13,1041.01,331.35,240.39,282.86,598.47,0.0,95.04,708.76,313.02,229.54,8.77,152.59,86.74,35.16,209.7,105.94,278.37,279.59,65.53,17.64,32.07,183.55,45.86,165.93,350.73,2.69,103.3,492.62,110.96,106.08,588.48,73.69,676.99,235.0,684.52,166.66,105.42,107.46,0.0,3.3
2026-10-05 10:10,28.12,33.25,36.7,36.89,50.13,53.52,52.0,54.74,39.09,51.99,52.23,42.09,55.97,46.22,30.66,45.14,36.42,42.98,47.13,51.42,53.11,54.32,47.05,54.26,55.57,45.07,47.05,46.79,45.72,46.58,43.6,48.6,48.08,2433.17,158.36,91.93,4275.99,361.3,319.91,159.75,291.87,142.66,776.88,342.98,31.29,547.45,146.39,113.39,0.0,84.36,344.34,56.81,112.16,80.41,59.5,169.08,148.74,106.06,127.64,248.3,192.35,194.64,161.61,57.08,525.07,14.35,791.55,149.6,222.97,339.23,35.22,0.0,136.75,241.82,73.73,462.09,93.62,54.57,286.41,375.6,113.43,583.64,264.81,628.21,171.74,178.78,618.38,612.89,81.91,11.01,72.54,196.06,101.94,135.34,106.82,442.77,259.72,26.82,60.39,0.0,190.57,103.65,212.12,671.93,7.8,0.0,365.72,191.57,42.07,375.28,132.58,244.26,373.79,447.31,305.72,111.46,117.24,0.0,3.29
2026-10-05 10:15,28.01,33.11,36.66,37.12,50.23,53.64,52.23,54.96,39.08,52.18,52.39,42.19,56.13,46.45,30.89,45.36,36.65,43.21,47.24,51.51,53.24,54.5,47.27,54.45,55.8,45.24,47.23,46.95,45.83,46.72,43.65,48.75,48.19,3020.51,249.1,320.64,5308.77,510.76,1005.14,273.24,805.93,22.23,524.27,224.3,63.22,773.91,87.91,163.21,261.25,56.93,170.08,95.7,0.0,96.02,34.51,118.47,427.27,49.24,445.19,189.3,0.0,248.73,116.65,38.64,400.3,20.65,534.95,220.67,328.9,200.11,55.39,535.0,215.55,356.7,37.96,370.06,81.14,80.5,245.61,707.32,343.94,270.98,159.04,453.46,255.52,172.42,433.25,414.21,226.19,4.36,227.92,120.54,161.02,180.38,168.03,111.98,30.61,54.19,39.5,56.3,192.53,63.72,128.64,201.95,12.32,181.38,57.0,111.14,71.95,408.8,106.18,459.99,94.54,838.18,188.91,102.41,107.95,0.0,3.27
2026-10-05 10:20,28.03,33.17,36.66,37.08,50.23,53.63,52.18,54.92,39.09,52.18,52.33,42.14,56.1,46.41,30.86,45.32,36.61,43.17,47.24,51.5,53.22,54.49,47.23,54.43,55.76,45.2,47.18,46.89,45.77,46.65,43.62,48.68,48.13,2900.98,169.76,185.84,4335.34,614.83,861.19,325.03,887.33,109.83,863.94,9.48,168.04,931.6,54.76,125.36,127.89,93.81,182.12,157.74,114.03,96.38,19.09,295.31,504.16,68.81,258.02,210.46,195.57,161.69,103.17,66.49,445.06,15.86,398.42,216.02,321.98,196.33,37.75,261.9,157.94,349.2,8.21,126.99,98.0,78.81,214.62,398.41,109.99,378.65,99.05,401.04,166.24,150.57,1080.01,308.49,249.03,9.87,195.28,220.16,153.46,132.46,114.51,0.0,152.88,144.03,1.67,27.56,206.37,116.39,226.27,454.52,11.74,88.79,281.56,267.24,85.59,440.05,36.44,259.09,0.0,772.99,318.24,105.86,108.16,0.0,3.26
2026-10-05 10:25,28.01,33.18,36.65,37.15,50.26,53.69,52.26,55.0,39.08,52.22,52.44,42.2,56.15,46.48,30.91,45.38,36.68,43.25,47.27,51.53,53.27,54.54,47.3,54.48,55.83,45.27,47.27,46.99,45.85,46.76,43.66,48.8,48.23,3335.26,64.12,481.13,4442.45,190.28,425.7,312.97,595.5,117.17,904.74,310.09,25.04,288.32,165.01,29.14,305.55,98.24,281.89,183.69,14.55,78.03,58.01,167.75,479.84,64.13,668.01,82.03,24.96,117.16,78.54,52.33,173.47,3.69,497.83,287.19,428.05,92.41,14.26,625.7,76.06,464.23,84.68,358.25,92.32,104.77,0.0,657.74,196.06,352.89,298.5,305.32,203.03,114.75,613.49,385.46,167.13,12.4,96.53,133.66,237.44,144.52,43.25,276.95,304.11,21.47,54.6,65.85,34.02,70.66,185.53,610.13,18.17,212.13,300.36,178.03,82.41,253.44,102.79,427.74,233.81,523.64,285.15,100.94,105.78,0.0,3.24
2026-10-05 10:30,27.83,33.16,36.57,36.69,50.02,53.4,51.82,54.57,39.07,51.76,52.04,41.96,55.84,46.02,30.43,44.95,36.22,42.8,47.03,51.34,52.99,54.2,46.89,54.13,55.38,44.89,46.85,46.61,45.56,46.4,43.52,48.41,47.93,4015.95,267.48,220.17,2995.7,183.5,560.82,868.56,663.06,133.57,961.57,465.16,166.68,278.04,108.31,140.53,241.12,104.41,302.99,146.66,84.55,74.17,46.03,292.25,431.59,37.45,305.68,315.64,145.01,61.16,200.97,78.45,667.48,17.78,289.99,227.05,338.42,139.08,59.48,493.76,239.68,367.02,44.77,242.63,111.68,82.83,315.55,557.25,60.55,206.11,195.93,781.23,213.85,119.27,1068.82,224.54,186.09,5.25,127.17,272.54,150.53,231.43,180.43,345.76,522.1,142.86,81.91,51.96,173.91,144.08,57.72,424.52,11.52,167.4,342.41,84.08,228.71,652.19,69.62,362.4,291.89,590.87,174.97,121.39,123.85,0.0,3.22
2026-10-05 10:35,27.81,33.22,36.61,36.97,50.14,53.53,52.07,54.82,39.08,52.04,52.27,42.09,56.02,46.29,30.74,45.22,36.49,43.06,47.15,51.44,53.14,54.39,47.13,54.33,55.65,45.12,47.1,46.82,45.72,46.6,43.6,48.63,48.1,5193.6,203.62,323.72,2353.45,464.54,192.05,223.15,532.02,148.93,1032.4,215.45,103.92,703.87,87.97,197.69,127.36,112.1,301.79,235.09,2.13,93.63,28.17,122.09,346.71,90.6,449.46,227.48,3.65,310.58,220.23,25.58,481.04,25.01,487.98,90.31,134.61,232.14,45.28,260.8,184.4,145.98,119.62,465.03,86.29,32.95,195.29,284.72,255.96,498.54,159.14,856.1,141.95,105.18,446.5,377.84,149.31,12.1,43.55,272.87,0.0,157.73,137.35,249.25,341.6,89.07,37.94,27.45,168.83,144.25,216.28,527.9,0.0,88.42,381.8,253.4,58.76,322.72,133.43,185.16,210.42,377.16,260.16,110.27,114.62,0.0,3.21
2026-10-05 10:40,27.73,33.15,36.54,36.71,50.01,53.39,51.83,54.57,39.08,51.78,52.02,41.92,55.84,46.04,30.47,44.97,36.24,42.8,47.01,51.34,52.98,54.2,46.89,54.12,55.39,44.89,46.85,46.59,45.52,46.37,43.5,48.38,47.92,4667.35,446.56,444.68,1860.59,457.38,380.97,458.36,828.88,142.93,900.91,442.11,79.68,693.02,180.62,96.64,242.82,97.82,33.18,112.01,75.67,80.96,9.23,294.73,656.64,67.12,617.4,200.51,129.77,95.19,147.9,44.3,424.02,12.23,81.16,259.72,387.11,227.05,99.31,497.25,387.45,419.83,76.99,224.3,87.69,94.75,202.21,740.5,166.05,369.34,326.74,574.91,191.79,201.08,1077.91,62.84,232.63,10.34,86.39,273.76,412.16,140.48,301.22,509.78,368.34,68.29,77.85,52.33,149.24,144.73,346.8,416.65,31.53,168.58,366.41,171.01,120.7,0.0,64.36,481.57,430.37,470.83,460.32,123.03,124.71,0.0,3.19
2026-10-05 10:45,27.69,33.21,36.56,37.0,50.19,53.59,52.11,54.85,39.07,52.05,52.28,42.12,56.05,46.33,30.76,45.24,36.52,43.1,47.2,51.46,53.18,54.43,47.16,54.37,55.68,45.13,47.11,46.84,45.75,46.61,43.62,48.64,48.1,5425.35,280.51,387.89,1249.32,0.0,534.91,182.11,609.91,203.54,915.82,490.61,230.42,0.0,94.68,194.38,136.26,99.44,264.89,187.32,81.44,71.23,38.25,283.5,717.96,110.99,538.55,278.07,139.67,242.13,131.1,55.54,588.03,24.59,666.23,315.56,470.34,137.55,62.38,279.04,247.35,510.09,34.67,187.84,88.31,115.12,277.47,255.56,30.1,610.79,171.28,509.6,51.53,84.64,1036.82,515.85,171.17,12.04,121.29,220.05,173.23,162.65,189.22,231.02,174.18,197.49,86.39,29.37,42.0,116.33,173.59,121.43,13.25,94.6,521.78,266.55,47.96,425.3,53.9,166.19,195.03,578.71,156.46,108.77,111.43,0.0,3.17
2026-10-05 10:50,27.72,33.23,36.57,37.03,50.19,53.59,52.14,54.87,39.08,52.12,52.35,42.14,56.06,46.37,30.81,45.26,36.56,43.12,47.19,51.47,53.18,54.41,47.18,54.36,55.71,45.18,47.18,46.91,45.79,46.69,43.63,48.72,48.16,5380.79,135.92,204.55,846.2,448.95,423.37,522.55,713.39,61.93,1081.42,191.39,33.08,680.25,64.57,180.04,236.44,117.42,194.16,189.66,54.26,82.62,61.53,233.74,301.73,77.27,284.0,143.88,93.06,111.28,265.0,66.13,304.26,22.78,168.76,186.41,277.85,152.55,30.23,484.19,131.68,301.33,84.95,293.38,93.94,68.0,504.64,646.7,33.85,425.24,116.8,1030.12,135.1,37.38,854.84,130.67,200.21,1.18,96.0,87.6,358.7,246.44,91.68,287.08,38.78,28.35,33.7,50.96,311.83,46.31,237.83,588.54,27.44,164.15,158.77,196.07,137.6,389.98,84.18,420.57,242.36,413.87,244.63,105.16,111.58,0.0,3.16
2026-10-05 10:55,27.76,33.26,36.59,37.16,50.26,53.67,52.26,55.0,39.08,52.24,52.46,42.23,56.14,46.48,30.95,45.38,36.69,43.25,47.27,51.52,53.26,54.54,47.3,54.48,55.84,45.28,47.3,47.01,45.88,46.79,43.68,48.82,48.24,5521.22,128.62,318.02,556.99,369.52,588.5,506.45,451.97,228.49,852.14,471.45,98.04,559.89,102.22,69.49,187.66,92.53,232.85,195.91,102.35,82.8,35.44,235.04,288.99,0.0,441.55,0.0,175.53,221.51,29.06,84.93,0.0,8.79,549.4,121.61,181.27,212.2,28.6,384.3,125.84,196.59,66.29,251.33,83.37,44.37,283.67,303.62,166.17,0.0,184.92,112.96,164.5,71.33,859.57,425.39,126.85,0.63,133.45,83.16,271.53,161.18,86.76,404.93,515.65,84.03,83.02,40.44,311.14,43.96,59.26,349.39,20.77,130.29,585.75,412.52,133.36,61.5,72.11,197.45,341.85,713.27,72.04,98.88,106.21,0.0,3.14
2026-10-05 11:00,27.85,33.25,36.57,37.11,50.25,53.67,52.22,54.95,39.08,52.17,52.36,42.16,56.13,46.43,30.91,45.36,36.64,43.2,47.26,51.51,53.25,54.5,47.28,54.45,55.79,45.22,47.22,46.92,45.79,46.68,43.63,48.71,48.16,4395.96,44.27,323.66,450.02,236.62,187.23,591.87,473.58,78.83,684.14,493.1,92.01,358.52,84.3,1.46,129.67,74.29,430.46,156.4,100.7,83.53,36.16,212.51,736.59,54.36,449.37,231.57,172.7,140.7,240.9,95.45,489.7,0.19,408.9,273.52,407.69,114.66,9.84,265.53,53.5,442.15,13.92,301.14,94.07,99.78,9.05,557.21,97.7,299.15,152.5,936.45,284.23,112.44,777.18,316.61,132.91,17.34,42.46,92.86,66.96,169.21,29.86,200.0,211.67,78.86,86.83,27.95,201.41,49.09,60.93,117.85,5.12,90.02,202.08,162.49,155.86,0.0,86.4,362.37,168.85,303.1,214.78,104.81,107.14,0.0,3.13
2026-10-05 11:05,27.73,33.22,36.54,37.09,50.21,53.61,52.18,54.92,39.08,52.15,52.36,42.15,56.1,46.41,30.87,45.32,36.61,43.17,47.22,51.49,53.21,54.46,47.24,54.42,55.76,45.2,47.2,46.91,45.8,46.69,43.64,48.71,48.16,5174.66,167.18,313.74,441.19,248.48,521.75,283.2,486.29,82.34,33.5,341.19,185.67,376.5,52.99,135.05,255.52,3.64,147.05,191.76,40.95,87.94,31.72,234.39,692.91,83.78,435.6,268.16,70.22,187.56,187.82,0.0,567.08,17.09,761.1,241.82,360.43,154.93,37.18,523.25,154.87,390.89,69.15,82.16,98.29,88.21,240.03,463.74,74.84,461.02,95.85,730.09,114.0,79.85,857.21,589.32,136.48,5.38,118.31,114.1,155.13,240.5,112.77,360.07,261.51,159.13,60.08,55.07,155.04,60.32,299.38,93.27,11.87,177.4,211.09,233.66,74.57,38.36,23.57,301.58,303.98,650.34,259.49,105.0,108.94,0.0,3.11
2026-10-05 11:10,27.79,33.21,36.54,37.07,50.26,53.68,52.2,54.94,39.08,52.15,52.34,42.15,56.13,46.4,30.8,45.33,36.6,43.18,47.28,51.52,53.26,54.53,47.25,54.46,55.76,45.2,47.18,46.9,45.79,46.67,43.64,48.7,48.15,4706.1,214.35,360.92,465.36,648.36,499.52,420.48,679.59,48.27,663.77,74.6,229.5,982.4,10.42,122.84,287.73,72.07,247.47,80.72,33.62,76.19,32.31,268.96,676.29,104.15,501.11,176.36,57.67,125.05,126.85,82.75,372.95,15.54,206.68,393.76,586.89,218.54,47.67,589.22,190.2,636.5,48.51,161.39,84.56,143.64,295.66,0.0,0.0,573.16,18.85,493.11,53.61,136.28,983.64,160.03,190.73,3.95,113.27,102.61,125.49,212.08,144.59,201.79,509.35,196.7,13.14,62.01,15.09,54.24,68.03,182.5,9.6,199.76,123.75,260.64,110.72,566.13,46.31,0.0,170.36,624.38,157.6,104.8,105.33,0.0,3.1
2026-10-05 11:15,27.79,33.21,36.53,37.11,50.29,53.72,52.23,54.96,39.08,52.19,52.38,42.17,56.16,46.44,30.88,45.34,36.64,43.21,47.3,51.53,53.28,54.56,47.27,54.48,55.8,45.23,47.23,46.94,45.81,46.7,43.65,48.73,48.18,4624.5,213.78,341.38,416.58,471.51,328.17,194.39,626.87,95.0,457.12,189.67,171.7,714.43,107.56,0.0,355.91,49.64,258.46,116.11,65.03,69.76,33.61,109.77,510.34,46.6,473.97,237.99,111.52,61.94,99.75,62.64,503.28,0.0,276.24,257.06,383.15,294.59,47.54,728.84,202.69,415.54,0.0,90.42,73.72,93.78,179.61,580.59,113.46,256.46,194.58,387.75,145.54,159.96,401.46,213.89,175.93,7.43,74.42,36.62,281.7,137.56,144.2,278.29,316.55,147.16,33.4,76.71,197.86,19.36,216.28,698.45,21.55,247.09,243.54,296.09,51.19,552.17,25.94,377.57,234.94,378.48,275.22,103.11,104.37,0.0,3.09
2026-10-05 11:20,27.73,33.2,36.51,37.26,50.32,53.76,52.36,55.1,39.09,52.35,52.52,42.25,56.23,46.59,31.04,45.48,36.79,43.35,47.33,51.57,53.34,54.62,47.41,54.57,55.94,45.36,47.38,47.07,45.9,46.83,43.69,48.87,48.27,4949.09,90.84,171.32,402.98,268.39,939.38,349.58,252.39,53.97,891.1,254.62,92.94,406.67,95.73,285.41,200.17,96.76,0.0,259.21,16.16,61.14,30.22,227.05,322.06,112.84,237.87,115.26,27.71,278.92,74.82,69.92,243.75,36.11,523.22,412.03,614.13,231.4,20.2,409.91,89.8,666.04,48.65,190.0,67.97,150.31,181.95,587.56,20.94,620.97,173.18,290.83,222.94,109.53,830.36,405.12,70.83,15.61,213.01,38.38,130.52,60.32,61.27,409.38,226.82,79.66,44.83,43.14,203.8,20.29,41.4,494.22,9.99,138.97,138.35,134.64,92.05,2.88,54.51,382.11,345.6,800.9,190.73,96.59,100.4,0.0,3.07
2026-10-05 11:25,27.79,33.17,36.49,36.99,50.2,53.6,52.11,54.84,39.07,52.06,52.29,42.11,56.06,46.31,30.74,45.23,36.52,43.09,47.21,51.47,53.19,54.45,47.17,54.38,55.67,45.13,47.12,46.86,45.75,46.63,43.61,48.66,48.11,4123.05,397.92,23.31,403.99,176.37,766.11,755.7,314.48,144.38,580.03,116.49,105.89,267.24,50.88,231.54,240.11,62.98,139.35,108.34,51.5,60.22,35.28,229.04,428.18,114.09,32.36,171.34,88.33,83.82,177.0,20.56,362.33,29.3,596.9,206.86,308.33,153.64,88.49,491.7,334.17,334.39,62.15,260.16,78.71,75.46,279.85,342.01,100.56,627.83,92.04,688.03,258.11,216.95,837.66,462.18,88.26,2.78,173.72,101.53,270.34,179.67,268.41,508.92,657.77,90.76,20.51,51.75,91.37,53.67,242.77,333.12,20.68,166.7,370.14,247.4,199.0,532.47,74.65,222.42,429.63,692.35,238.66,108.32,111.19,0.0,3.06
2026-10-05 11:30,27.72,33.14,36.48,37.12,50.23,53.63,52.23,54.97,39.09,52.21,52.33,42.14,56.13,46.45,30.88,45.36,36.64,43.21,47.24,51.5,53.24,54.5,47.28,54.45,55.8,45.23,47.2,46.9,45.77,46.66,43.62,48.69,48.15,4487.03,290.79,467.64,481.87,452.67,429.87,360.72,689.78,181.2,896.47,85.06,20.87,685.9,103.71,223.47,58.53,97.34,149.44,260.25,122.22,50.67,4.36,331.66,666.52,61.28,649.27,131.21,209.62,227.19,61.59,0.0,277.47,28.28,203.14,262.55,391.32,224.76,64.66,119.86,262.86,424.4,125.32,274.85,96.78,95.78,415.58,192.93,237.42,337.22,187.61,239.41,154.48,266.76,1212.96,157.29,193.59,13.55,97.48,68.47,298.37,51.48,196.15,171.91,82.8,17.89,14.98,12.61,221.97,36.2,276.39,687.07,22.83,40.64,464.5,51.18,94.99,205.93,78.86,125.47,145.13,614.67,91.53,105.08,107.3,0.0,3.04
2026-10-05 11:35,27.75,33.17,36.49,37.21,50.31,53.72,52.31,55.05,39.09,52.3,52.47,42.23,56.2,46.54,31.0,45.44,36.74,43.3,47.32,51.55,53.31,54.57,47.36,54.52,55.89,45.32,47.33,47.03,45.88,46.79,43.68,48.82,48.24,4650.5,111.84,279.55,491.42,294.08,834.63,408.11,696.9,43.87,623.63,231.87,110.97,445.6,79.81,179.35,152.85,67.72,141.93,195.02,45.55,43.14,35.37,114.08,553.83,32.3,388.14,176.12,78.11,85.09,52.21,27.32,372.44,22.69,407.05,207.2,308.84,226.15,24.87,313.02,94.94,334.94,40.31,163.82,79.05,75.59,276.38,449.43,143.03,177.73,144.37,202.96,140.47,77.87,417.23,315.17,195.59,11.67,189.26,99.25,231.97,135.64,75.44,122.62,257.35,95.12,40.83,32.94,153.0,52.47,24.52,546.35,17.75,106.12,112.47,172.47,107.47,380.22,47.0,292.27,103.52,722.87,222.51,98.53,102.13,0.0,3.03
2026-10-05 11:40,27.57,33.09,36.43,36.9,50.1,53.47,52.01,54.75,39.07,51.96,52.2,42.04,55.97,46.23,30.66,45.14,36.42,42.99,47.1,51.41,53.09,54.33,47.06,54.27,55.58,45.05,47.02,46.76,45.67,46.54,43.57,48.56,48.04,5542.81,286.83,412.7,435.26,271.23,504.25,321.36,498.88,205.86,739.65,202.68,97.2,410.96,105.93,260.22,170.87,80.31,0.0,180.23,57.19,38.0,43.82,104.53,414.38,78.38,573.0,137.14,98.07,149.22,164.08,68.23,290.01,32.92,402.92,202.93,302.47,103.1,63.79,349.91,262.84,328.04,48.21,408.03,89.79,74.03,80.48,816.71,222.05,431.35,191.63,637.81,240.69,238.99,382.28,311.98,140.01,0.64,114.34,191.72,368.7,172.59,193.48,448.41,498.39,83.31,35.69,36.83,120.33,101.35,232.02,425.96,28.21,118.63,527.73,0.0,84.62,490.41,117.07,531.12,378.55,591.11,308.78,114.17,118.45,0.0,3.01
2026-10-05 11:45,27.56,33.03,36.38,36.75,50.04,53.4,51.86,54.61,39.07,51.84,52.1,42.0,55.87,46.08,30.5,45.01,36.27,42.84,47.04,51.35,53.02,54.24,46.92,54.17,55.43,44.94,46.91,46.67,45.62,46.45,43.54,48.47,47.98,5010.31,147.81,457.63,521.24,423.85,1038.8,677.9,671.99,227.17,536.42,429.25,138.55,642.22,145.17,144.72,149.23,58.25,38.47,137.61,77.5,21.66,45.81,197.75,248.54,117.56,635.39,199.06,132.92,170.78,126.54,21.1,420.96,18.31,653.73,293.06,436.8,39.67,32.87,305.59,140.62,473.72,74.4,186.48,86.57,106.91,154.27,140.76,235.03,646.96,262.61,491.87,151.2,92.98,723.21,506.18,188.6,14.75,235.56,199.7,365.23,312.36,99.7,237.17,485.95,118.75,75.59,32.16,302.0,105.57,165.64,439.02,27.94,103.6,582.35,264.92,178.51,545.17,53.51,91.54,200.22,814.19,294.92,118.26,122.5,0.0,3.0
2026-10-05 11:50,27.6,33.08,36.41,37.22,50.32,53.75,52.32,55.06,39.09,52.32,52.43,42.19,56.21,46.55,31.0,45.47,36.75,43.31,47.33,51.56,53.33,54.6,47.38,54.54,55.9,45.3,47.3,46.98,45.83,46.75,43.65,48.77,48.21,4998.45,258.23,225.03,596.94,583.06,606.56,163.8,0.0,96.94,356.11,310.43,14.47,883.46,118.97,170.9,173.7,38.67,121.67,158.62,95.01,16.16,26.6,250.28,927.55,90.42,312.44,186.5,162.94,154.3,157.1,76.75,394.39,21.62,582.42,193.52,288.45,214.75,57.42,355.71,230.63,312.83,26.31,192.25,92.17,70.6,160.4,908.62,107.42,497.56,215.22,610.68,213.83,177.09,915.33,450.97,0.0,2.78,137.54,186.96,299.24,219.63,174.18,4.66,49.5,12.41,54.66,37.44,0.0,98.84,90.21,603.03,22.89,120.6,248.5,263.97,43.13,308.71,55.16,590.9,3.93,602.85,76.1,101.3,101.49,0.0,2.98
2026-10-05 11:55,27.47,33.04,36.38,37.18,50.29,53.72,52.27,55.01,39.09,52.27,52.42,42.19,56.17,46.49,30.99,45.42,36.7,43.26,47.31,51.54,53.28,54.55,47.32,54.49,55.84,45.28,47.29,46.98,45.83,46.74,43.65,48.77,48.21,6164.92,150.86,9.15,507.77,642.53,61.7,347.11,664.49,56.8,1365.07,169.19,167.16,973.56,45.46,108.76,8.73,148.22,161.19,82.19,73.98,7.71,47.87,177.2,843.94,87.25,12.7,228.26,126.87,17.46,161.49,28.67,482.71,13.76,585.23,172.24,256.72,238.71,33.55,17.88,135.03,278.41,40.09,189.51,86.82,62.83,312.18,837.91,199.91,480.15,82.23,627.77,248.77,127.62,648.07,453.14,186.49,1.07,13.99,160.32,4.27,108.71,101.76,65.73,441.91,143.27,29.79,1.88,156.33,84.76,287.1,591.28,0.33,6.06,145.6,229.22,91.4,90.06,54.37,544.91,55.49,258.09,456.68,101.2,103.55,0.0,2.97
2026-10-05 12:00,27.74,33.11,36.43,37.22,50.3,53.71,52.32,55.05,39.07,52.26,52.51,42.27,56.2,46.53,31.01,45.45,36.74,43.31,47.31,51.56,53.3,54.58,47.36,54.53,55.88,45.33,47.36,47.06,45.93,46.83,43.7,48.86,48.27,4018.85,215.17,161.09,531.95,250.13,838.89,213.47,512.63,125.94,1231.03,64.38,78.84,378.99,2.05,67.5,139.0,133.67,106.86,246.69,68.17,2.94,36.84,175.03,279.26,80.73,223.66,318.44,116.91,202.74,39.61,79.8,673.39,8.54,0.0,189.32,282.18,277.59,47.85,284.65,181.58,306.03,2.79,164.1,83.55,69.06,317.65,149.08,110.55,444.23,3.71,153.98,281.3,19.02,640.13,0.0,143.87,5.64,190.22,195.82,25.4,195.35,145.14,247.18,375.43,67.57,11.34,29.96,108.48,103.52,166.76,190.5,1.94,96.5,322.84,200.97,56.21,288.42,47.08,96.95,208.67,741.55,294.39,95.1,101.6,0.0,2.95
2026-10-05 12:05,27.7,33.04,36.38,37.04,50.2,53.63,52.15,54.89,39.08,52.13,52.33,42.14,56.08,46.37,30.82,45.27,36.57,43.14,47.21,51.48,53.2,54.45,47.2,54.39,55.72,45.18,47.17,46.9,45.77,46.67,43.63,48.69,48.15,3846.3,103.8,347.34,565.82,198.01,258.97,143.7,1136.77,34.32,966.06,370.0,43.16,300.03,34.53,173.75,158.56,104.9,235.3,207.46,55.8,1.1,38.87,98.49,329.28,62.75,482.26,204.02,95.69,147.48,196.83,77.46,431.45,21.99,452.27,337.06,502.39,0.0,23.08,324.71,115.32,544.86,90.24,329.56,81.48,122.96,75.62,915.59,226.47,345.33,62.47,765.14,240.35,130.41,360.21,350.19,319.04,7.77,58.72,185.76,159.52,142.78,70.02,370.91,464.39,36.99,65.15,34.17,229.88,98.2,172.11,253.98,12.2,110.08,87.97,165.08,37.84,264.86,94.56,595.43,313.13,284.62,292.29,106.17,110.88,0.0,2.94
2026-10-05 12:10,27.67,33.02,36.35,36.98,50.19,53.6,52.11,54.85,39.07,52.0,52.21,42.04,56.06,46.3,30.76,45.25,36.5,43.09,47.19,51.47,53.19,54.45,47.17,54.38,55.66,45.09,47.06,46.78,45.66,46.54,43.57,48.56,48.04,3787.29,309.01,284.71,613.44,180.91,836.04,265.89,728.14,137.02,690.99,293.95,187.59,274.11,110.72,123.58,254.56,75.03,166.91,246.33,118.78,3.12,47.96,61.94,429.78,27.37,395.3,213.69,203.7,106.74,278.85,126.49,451.89,15.64,506.32,204.8,305.25,142.31,68.72,521.3,268.45,331.05,108.21,326.9,93.28,74.71,268.86,541.42,229.66,150.6,200.29,1083.95,141.62,88.51,226.53,392.04,204.35,9.6,189.58,33.76,288.83,186.31,208.44,62.64,602.89,160.78,51.76,54.86,64.32,17.85,212.34,321.07,22.1,176.73,351.27,144.02,70.02,273.53,93.8,352.1,52.88,852.02,253.22,113.11,111.68,0.0,2.92
2026-10-05 12:15,27.8,33.04,36.37,37.07,50.21,53.6,52.17,54.91,39.08,52.14,52.35,42.15,56.09,46.39,30.85,45.3,36.59,43.16,47.21,51.49,53.2,54.46,47.22,54.41,55.74,45.19,47.18,46.91,45.79,46.68,43.63,48.7,48.15,2516.93,153.72,432.16,925.95,413.28,0.0,355.21,634.07,140.22,383.38,309.09,141.2,626.21,133.35,199.2,180.7,41.63,187.12,47.26,0.0,6.06,4.24,228.01,124.78,71.02,600.02,298.07,0.0,268.32,107.04,34.02,630.33,25.2,538.79,144.61,215.54,130.34,34.18,370.05,147.96,233.76,48.49,242.2,73.47,52.75,333.82,358.91,146.75,390.79,241.23,416.08,299.79,0.0,833.88,417.18,177.95,4.36,0.0,177.74,230.91,202.68,103.69,327.47,247.04,121.02,54.43,38.94,107.41,93.96,104.63,571.03,17.67,125.45,359.47,34.23,93.54,200.15,69.49,233.41,276.45,250.07,0.0,105.41,109.35,0.0,2.91
2026-10-05 12:20,27.83,33.03,36.36,37.24,50.33,53.76,52.34,55.08,39.09,52.33,52.49,42.23,56.22,46.56,31.02,45.48,36.77,43.33,47.34,51.57,53.34,54.61,47.39,54.56,55.92,45.33,47.35,47.04,45.88,46.8,43.68,48.83,48.26,2220.67,328.75,206.17,1226.45,480.91,11.75,619.56,429.24,150.13,914.64,375.16,72.92,728.68,61.61,173.22,111.27,99.31,132.65,239.61,29.84,14.87,42.9,219.56,232.75,118.08,286.25,109.03,51.18,225.54,119.71,57.48,230.57,21.92,633.86,383.68,571.87,330.22,73.11,227.87,306.14,620.21,29.27,68.03,74.15,139.97,267.2,74.11,213.85,649.77,111.45,465.34,246.81,215.32,802.98,490.79,120.47,4.93,2.67,178.33,106.27,88.43,221.75,111.64,520.52,62.5,66.06,23.98,124.21,94.27,228.87,224.75,8.13,77.25,384.87,219.86,163.15,251.26,19.52,48.2,94.25,8.61,248.59,98.14,99.64,0.0,2.9
2026-10-05 12:25,27.84,33.01,36.34,36.98,50.16,53.56,52.09,54.83,39.07,52.04,52.26,42.1,56.03,46.3,30.77,45.24,36.51,43.07,47.17,51.45,53.15,54.41,47.15,54.34,55.66,45.12,47.1,46.83,45.73,46.6,43.61,48.62,48.1,1426.69,256.56,347.65,1281.16,196.6,584.21,743.52,763.15,140.55,803.22,334.05,0.0,297.9,140.36,240.82,51.79,87.22,313.83,96.57,100.67,20.01,25.31,86.99,684.2,93.01,482.69,170.83,172.64,157.86,166.29,71.59,361.25,30.47,667.25,206.52,307.82,176.46,57.05,106.05,236.97,333.84,57.08,382.69,88.42,75.34,348.07,526.78,41.07,511.83,253.92,646.41,137.09,130.81,318.12,516.65,214.18,9.37,132.47,0.0,288.85,143.81,173.06,152.3,489.33,0.0,58.82,11.16,121.7,0.0,167.68,609.03,22.1,35.95,360.3,123.96,195.79,0.0,109.8,342.58,128.57,649.5,54.5,109.31,113.72,0.0,2.88
2026-10-05 12:30,27.85,33.01,36.34,37.1,50.26,53.69,52.21,54.95,39.09,52.18,52.35,42.16,56.13,46.42,30.88,45.35,36.63,43.19,47.27,51.51,53.25,54.52,47.27,54.45,55.78,45.22,47.2,46.92,45.8,46.68,43.65,48.7,48.16,1303.05,328.78,311.76,1565.45,416.07,389.67,720.07,468.85,123.21,775.8,79.43,86.75,630.43,93.27,183.07,189.02,84.24,185.28,225.7,61.3,31.21,63.57,205.18,260.34,127.39,432.86,150.05,105.13,59.03,188.61,47.57,317.3,23.16,522.32,84.41,125.81,112.58,73.11,387.07,295.0,136.45,30.23,137.53,84.09,30.79,275.66,550.53,161.28,701.05,168.73,733.17,0.0,0.0,750.38,404.43,131.58,16.68,88.36,137.66,293.15,146.1,221.78,56.45,597.85,74.35,13.99,40.74,167.26,72.77,142.57,464.63,22.43,131.23,315.86,198.83,189.61,299.0,39.46,358.02,47.66,455.06,182.57,103.56,106.54,0.0,2.87
2026-10-05 12:35,27.9,32.97,36.34,37.13,50.3,53.74,52.24,54.97,39.07,52.17,52.36,42.16,56.17,46.45,30.93,45.38,36.66,43.22,47.31,51.54,53.3,54.6,47.3,54.52,55.81,45.23,47.22,46.92,45.8,46.68,43.63,48.71,48.17,895.46,96.93,220.81,2195.68,593.76,0.0,453.8,894.92,98.68,824.57,310.96,97.08,899.67,126.74,223.6,151.64,89.53,262.0,97.35,39.31,43.33,62.52,33.94,517.74,26.67,306.58,135.79,67.42,97.96,64.7,78.74,287.16,28.29,643.42,278.12,414.54,91.05,21.55,310.54,88.44,449.58,55.26,448.69,77.05,101.46,464.92,24.65,2.11,146.75,229.28,251.5,277.61,199.97,124.12,498.19,251.16,11.72,0.0,127.19,169.73,195.33,65.38,0.0,159.92,83.21,54.76,32.68,161.43,67.24,328.14,411.46,12.99,105.28,252.96,101.75,119.5,174.48,128.74,16.03,0.0,142.86,194.04,104.55,103.82,0.0,2.86
2026-10-05 12:40,27.9,32.98,36.34,36.92,50.15,53.54,52.04,54.77,39.08,52.0,52.26,42.1,56.0,46.25,30.68,45.18,36.45,43.02,47.16,51.44,53.14,54.35,47.1,54.3,55.6,45.09,47.07,46.82,45.73,46.6,43.61,48.62,48.1,536.09,58.98,345.1,2337.96,340.8,284.76,627.12,670.74,140.62,354.38,260.17,78.55,516.38,61.96,97.07,117.87,38.48,138.14,91.19,69.94,53.42,29.25,185.68,360.76,53.1,479.14,138.55,119.95,119.69,51.51,36.45,292.99,12.28,369.99,242.53,361.49,306.31,13.12,241.38,62.87,392.04,38.26,278.75,76.87,88.48,226.53,304.69,286.08,292.22,112.08,200.24,207.17,97.36,679.07,286.48,188.24,13.66,64.57,200.1,284.91,205.31,39.78,57.13,457.41,67.33,45.81,25.4,152.18,105.78,182.59,425.83,21.8,81.83,360.49,25.75,165.14,575.48,79.98,198.15,48.23,485.32,236.68,109.63,114.62,0.0,2.84
2026-10-05 12:45,27.86,32.93,36.3,37.14,50.28,53.72,52.24,54.98,39.09,52.21,52.39,42.18,56.16,46.46,30.93,45.37,36.67,43.23,47.29,51.53,53.28,54.55,47.3,54.49,55.81,45.25,47.24,46.95,45.82,46.72,43.66,48.75,48.19,364.23,345.44,258.72,2261.1,358.87,466.9,511.03,868.11,48.35,898.35,177.12,7.42,543.76,93.03,0.0,176.89,97.55,199.67,235.6,56.58,67.38,25.0,141.66,182.9,79.82,359.21,332.16,97.04,130.41,149.56,40.78,702.41,0.0,473.86,131.65,196.22,109.44,76.82,362.23,320.08,212.8,83.68,259.48,91.66,48.02,121.37,741.98,233.81,439.26,168.3,581.39,2.28,241.98,518.07,366.91,243.64,8.29,105.87,60.13,410.04,231.02,233.01,384.71,275.31,6.36,31.19,38.12,169.37,31.79,104.95,192.64,31.37,122.81,123.94,129.3,134.57,249.92,74.45,482.53,324.78,616.7,139.39,102.38,104.84,0.0,2.83
2026-10-05 12:50,27.81,32.88,36.27,36.83,50.07,53.43,51.94,54.69,39.09,51.94,52.14,42.01,55.92,46.16,30.6,45.09,36.36,42.93,47.07,51.38,53.05,54.28,47.0,54.21,55.51,45.01,46.99,46.71,45.62,46.48,43.54,48.5,47.99,398.94,59.0,167.91,2867.74,341.98,1082.49,558.43,756.95,169.43,650.75,100.16,116.33,518.18,117.8,129.14,306.97,70.66,291.79,161.35,85.16,58.56,43.7,186.5,334.66,53.81,233.13,228.71,146.05,233.67,57.04,51.73,483.65,16.34,0.0,179.18,267.06,179.32,13.12,628.62,49.88,289.63,89.35,234.77,69.12,65.36,141.39,704.57,286.4,296.12,213.09,221.73,297.38,59.87,682.07,0.0,212.44,10.0,245.46,166.42,220.55,202.64,39.8,78.25,349.69,99.71,17.64,66.16,163.06,87.98,152.63,548.83,16.87,213.12,434.34,238.63,147.05,400.77,67.36,458.2,66.06,792.87,123.1,116.45,120.72,0.0,2.82
2026-10-05 12:55,27.84,32.9,36.28,36.95,50.14,53.51,52.06,54.79,39.07,52.0,52.26,42.08,56.0,46.27,30.73,45.2,36.48,43.04,47.14,51.43,53.13,54.35,47.11,54.3,55.62,45.09,47.09,46.82,45.71,46.59,43.6,48.62,48.09,398.94,291.5,219.31,2714.74,704.91,564.79,572.64,465.99,128.17,502.82,444.81,222.99,1068.08,170.07,76.57,80.91,54.6,178.99,77.39,12.08,71.6,22.09,87.66,548.2,57.89,304.5,54.18,20.72,303.0,95.21,111.77,114.57,9.69,497.93,127.79,190.48,71.6,64.82,165.7,248.9,206.58,83.5,124.03,76.18,46.62,277.11,649.08,100.84,318.58,307.66,370.11,98.77,211.38,320.59,385.54,130.78,6.73,128.07,216.12,250.12,84.16,196.63,128.2,518.69,191.13,78.33,17.44,69.56,114.25,203.76,504.74,19.14,56.18,328.57,200.73,150.79,304.91,35.59,422.11,108.23,614.86,254.38,111.1,115.09,0.0,2.8
2026-10-05 13:00,27.82,32.86,36.25,37.24,50.34,53.77,52.33,55.07,39.09,52.33,52.52,42.25,56.23,46.55,31.02,45.46,36.76,43.32,47.35,51.57,53.34,54.62,47.38,54.56,55.9,45.34,47.36,47.07,45.92,46.84,43.7,48.88,48.28,472.47,110.33,214.41,3282.88,369.87,277.54,459.97,336.73,99.13,612.86,435.57,222.79,560.42,49.41,286.17,182.6,66.55,147.68,256.65,67.33,87.2,53.72,126.83,663.18,112.99,297.69,260.25,115.47,246.13,121.95,88.55,550.35,36.21,432.24,152.64,227.51,177.64,24.54,373.92,113.55,246.74,59.17,320.75,89.9,55.68,223.61,241.98,165.17,621.77,89.39,474.07,144.03,149.62,463.84,334.68,94.51,2.45,62.94,92.22,246.79,143.21,74.42,364.74,535.67,190.96,76.7,39.35,86.24,48.75,82.98,366.47,18.88,126.77,254.11,236.28,121.12,228.06,92.03,157.37,307.92,356.94,207.45,96.19,100.17,0.0,2.79
2026-10-05 13:05,27.8,32.84,36.23,37.07,50.24,53.66,52.18,54.92,39.07,52.11,52.31,42.13,56.12,46.39,30.85,45.32,36.6,43.17,47.25,51.51,53.24,54.52,47.23,54.44,55.75,45.18,47.16,46.87,45.76,46.64,43.62,48.66,48.12,423.81,304.94,217.63,2982.96,375.11,502.45,550.43,818.17,109.08,786.02,112.51,137.11,568.37,57.58,100.19,0.0,85.35,342.68,147.52,59.2,79.31,30.26,189.07,767.3,78.84,302.16,91.34,101.52,162.27,273.36,43.6,193.16,12.68,417.99,214.49,319.69,76.27,67.81,0.0,280.75,346.71,90.17,325.75,90.59,78.25,110.63,363.22,225.54,433.86,104.15,1062.62,126.61,174.37,691.47,323.65,229.62,9.2,113.93,22.6,56.29,130.52,205.7,254.57,664.59,117.51,19.81,0.0,146.55,11.95,290.61,450.97,4.31,0.0,279.64,171.28,144.94,458.11,93.46,236.21,214.91,603.16,405.35,106.62,107.43,0.0,2.78
2026-10-05 13:10,27.73,32.81,36.2,36.83,50.1,53.49,51.94,54.68,39.08,51.93,52.16,42.04,55.94,46.15,30.59,45.1,36.36,42.92,47.11,51.4,53.08,54.32,47.01,54.24,55.5,45.01,46.98,46.73,45.66,46.51,43.57,48.53,48.02,438.83,129.7,536.34,2626.16,428.95,641.58,518.15,885.59,95.53,1096.38,251.26,167.22,649.95,76.89,126.55,87.9,119.05,102.65,166.27,115.63,94.36,42.31,254.45,477.55,30.7,744.66,296.29,198.3,118.06,132.97,43.27,626.57,16.01,368.04,214.11,319.14,266.91,28.84,180.0,121.94,346.11,102.35,169.82,94.67,78.11,239.09,470.92,177.97,168.94,139.1,516.88,134.15,161.22,930.57,284.97,248.54,16.08,145.48,262.58,235.35,189.18,87.49,151.26,365.27,143.32,44.24,18.94,189.6,138.81,109.63,202.22,18.01,61.03,244.91,184.82,136.44,364.28,48.73,306.25,127.7,538.21,126.39,115.08,118.0,0.0,2.76
2026-10-05 13:15,27.76,32.85,36.22,37.0,50.19,53.61,52.11,54.84,39.08,52.08,52.3,42.12,56.06,46.32,30.78,45.26,36.52,43.09,47.2,51.47,53.19,54.44,47.17,54.38,55.67,45.14,47.13,46.87,45.75,46.64,43.61,48.67,48.13,403.43,181.85,120.79,2619.06,270.47,928.71,309.65,474.23,58.39,486.27,561.07,100.0,409.82,86.99,155.16,131.24,52.8,275.23,218.1,60.66,75.82,32.81,91.38,453.01,61.74,167.71,132.75,104.03,4.26,153.35,65.7,280.73,19.63,460.17,119.52,178.14,19.31,40.44,268.75,174.85,193.2,97.63,402.46,85.32,43.6,308.95,861.37,225.79,339.76,157.36,596.11,271.99,163.83,334.2,356.31,133.09,11.48,210.59,191.03,201.46,184.33,122.67,81.04,544.68,85.71,98.8,28.28,102.05,100.99,228.39,387.69,15.41,91.11,149.69,205.04,81.54,415.15,115.47,560.17,68.42,783.24,143.63,108.14,111.78,0.0,2.75
2026-10-05 13:20,27.74,32.81,36.18,36.95,50.16,53.56,52.06,54.81,39.06,51.99,52.25,42.08,56.02,46.28,30.73,45.19,36.48,43.04,47.17,51.44,53.14,54.4,47.12,54.33,55.63,45.09,47.08,46.81,45.71,46.58,43.59,48.6,48.07,405.38,197.79,285.4,2296.71,530.16,402.11,805.82,525.78,48.74,738.22,322.03,179.06,803.3,169.73,139.21,126.7,80.16,214.87,218.07,90.27,73.25,41.06,118.6,695.53,81.72,396.25,251.95,154.82,117.58,210.94,48.94,532.79,17.61,304.77,306.27,456.5,244.11,43.98,259.45,185.54,495.08,69.3,277.86,78.15,111.73,227.1,191.57,52.02,449.72,307.04,819.96,187.75,97.86,433.73,235.98,147.56,12.52,91.18,115.92,73.94,324.09,133.42,504.58,138.79,153.47,56.71,27.31,96.09,61.28,176.84,595.87,5.66,87.96,124.95,272.26,212.19,247.71,79.72,124.59,425.97,568.73,238.24,111.18,113.93,0.0,2.73
2026-10-05 13:25,27.79,32.88,36.22,37.11,50.25,53.67,52.21,54.94,39.07,52.17,52.41,42.19,56.12,46.43,30.9,45.34,36.64,43.2,47.26,51.51,53.24,54.5,47.26,54.44,55.78,45.23,47.25,46.97,45.84,46.74,43.66,48.77,48.2,390.42,238.63,296.52,2000.99,162.18,17.89,803.82,377.43,0.0,732.25,484.04,152.99,245.74,78.78,124.49,141.37,79.51,136.43,56.25,8.4,90.88,28.88,189.0,389.08,61.78,411.7,223.08,14.41,49.24,214.38,52.72,471.73,15.75,152.23,168.26,250.79,230.72,53.07,289.49,204.91,271.99,43.96,327.61,49.22,61.38,276.83,403.62,117.76,339.98,142.52,833.37,64.48,159.49,691.21,117.87,105.93,3.03,4.06,156.54,319.72,198.11,160.97,462.02,168.51,131.13,85.23,30.47,141.95,82.76,123.04,295.99,24.46,98.15,0.0,345.73,211.67,6.97,94.0,262.48,390.05,301.38,190.68,101.88,107.51,0.0,2.72
2026-10-05 13:30,27.79,32.89,36.22,37.14,50.27,53.69,52.26,54.99,39.07,52.2,52.43,42.2,56.15,46.47,30.92,45.38,36.67,43.24,47.29,51.53,53.27,54.53,47.3,54.48,55.82,45.26,47.27,46.99,45.86,46.76,43.66,48.79,48.21,356.53,172.42,357.18,1917.47,430.79,1077.51,310.89,21.35,118.57,436.85,443.62,120.74,652.74,60.25,111.48,126.68,47.43,74.86,143.5,31.33,80.96,29.14,58.52,316.11,65.73,495.91,98.59,53.72,118.16,129.23,117.61,208.49,14.11,308.63,232.83,347.03,83.67,38.34,259.42,161.04,376.36,75.73,303.27,69.1,84.94,201.14,220.74,39.97,361.73,109.0,502.36,207.22,13.41,214.03,238.97,5.99,3.18,244.34,39.5,343.35,223.85,116.3,190.57,255.45,103.48,78.12,27.3,54.13,20.88,139.43,423.92,26.27,87.95,303.95,231.67,81.86,458.82,87.01,143.55,160.89,833.84,249.02,100.75,104.57,0.0,2.71
2026-10-05 13:35,27.67,32.82,36.15,36.95,50.17,53.6,52.07,54.81,39.08,52.03,52.22,42.05,56.03,46.28,30.69,45.19,36.47,43.05,47.18,51.45,53.16,54.4,47.13,54.34,55.63,45.09,47.06,46.79,45.68,46.55,43.57,48.58,48.06,433.72,183.47,277.02,1422.44,257.1,535.95,637.97,416.05,153.64,0.0,10.69,126.54,389.55,99.98,141.4,231.31,0.0,113.05,118.92,97.76,75.27,39.87,295.38,644.59,125.24,384.62,296.57,167.65,4.61,229.7,35.93,627.16,17.89,267.18,223.29,332.82,135.66,40.8,473.68,177.82,360.95,86.52,347.83,63.49,81.46,367.23,810.84,221.23,689.18,180.86,892.91,297.24,177.75,1080.27,206.87,116.77,6.4,121.53,12.19,400.44,152.19,123.76,327.83,157.34,108.45,1.88,49.85,209.6,6.44,163.96,300.28,30.64,160.59,393.86,156.41,167.99,558.84,99.8,527.31,276.76,559.59,208.32,111.84,113.47,0.0,2.7
2026-10-05 13:40,27.7,32.83,36.16,36.9,50.12,53.52,52.01,54.75,39.07,51.96,52.23,42.08,55.97,46.23,30.67,45.15,36.43,43.0,47.13,51.42,53.1,54.33,47.06,54.27,55.58,45.07,47.05,46.8,45.71,46.58,43.59,48.6,48.08,445.21,92.81,238.05,926.39,203.22,681.94,389.45,910.5,124.84,1203.05,297.9,105.41,307.93,63.4,139.61,174.27,130.63,207.36,110.67,74.1,87.02,62.33,171.27,639.29,77.73,330.51,213.4,127.09,110.81,112.04,56.72,451.27,17.66,307.67,241.52,359.99,82.02,20.64,356.87,90.78,390.41,40.65,265.01,44.87,88.11,367.15,723.81,125.95,427.72,114.7,435.53,198.09,185.51,626.37,238.23,255.53,4.44,154.64,31.94,154.68,153.96,62.61,247.39,238.91,90.35,52.46,37.56,192.31,16.89,66.29,489.17,11.83,120.99,320.04,40.69,102.55,397.66,76.04,470.71,208.85,872.6,411.18,111.12,117.06,0.0,2.68
2026-10-05 13:45,27.68,32.82,36.14,36.88,50.13,53.52,51.99,54.73,39.08,51.98,52.17,42.02,55.97,46.21,30.63,45.15,36.41,42.98,47.14,51.42,53.11,54.36,47.07,54.28,55.56,45.03,47.01,46.74,45.65,46.51,43.56,48.53,48.02,308.75,401.38,266.97,766.0,222.78,547.14,797.65,121.57,68.06,396.1,471.52,216.7,337.56,168.05,172.14,245.9,43.01,356.63,232.43,47.33,89.22,50.8,373.6,558.99,58.27,370.67,156.48,81.18,233.44,270.83,49.96,330.91,21.78,164.1,235.88,351.59,168.13,89.26,503.55,342.58,381.3,79.57,331.3,44.53,86.05,239.69,416.21,0.0,320.65,304.01,1052.77,172.26,122.86,1366.34,127.06,34.12,8.98,124.07,265.34,323.47,226.35,270.75,134.42,294.12,185.73,83.03,53.0,150.66,140.27,179.96,505.57,24.75,170.72,174.48,318.34,210.04,267.32,95.06,270.67,113.48,664.6,95.56,115.07,116.74,0.0,2.67
2026-10-05 13:50,27.74,32.85,36.16,37.1,50.26,53.68,52.21,54.96,39.08,52.17,52.37,42.16,56.13,46.43,30.87,45.33,36.63,43.2,47.27,51.51,53.26,54.53,47.26,54.47,55.79,45.21,47.22,46.93,45.8,46.7,43.64,48.72,48.17,377.8,245.08,263.46,485.92,330.37,151.65,796.77,645.35,185.88,124.13,272.26,121.1,500.58,88.35,118.76,207.42,13.48,184.64,141.72,70.86,76.74,3.01,178.22,709.07,62.34,365.79,98.11,121.53,118.69,152.26,49.06,207.47,15.03,715.75,406.44,605.8,44.88,54.5,424.76,215.43,657.01,60.64,171.56,42.88,148.27,107.42,213.6,101.86,343.06,159.82,591.87,114.2,180.57,651.8,554.2,181.12,6.43,34.39,75.12,351.62,222.9,165.32,365.46,322.72,103.8,47.94,44.7,187.14,39.71,128.46,0.0,26.9,144.01,476.52,162.16,209.81,54.99,49.23,138.91,308.53,207.85,69.84,104.58,105.87,0.0,2.65
2026-10-05 13:55,27.73,32.85,36.15,37.24,50.3,53.71,52.33,55.06,39.08,52.3,52.46,42.22,56.19,46.55,31.03,45.46,36.76,43.32,47.31,51.55,53.3,54.56,47.37,54.52,55.9,45.33,47.33,47.02,45.87,46.79,43.67,48.82,48.24,450.45,38.34,95.28,394.73,153.0,218.37,253.62,513.24,222.28,1196.1,266.74,59.08,231.83,162.59,141.59,0.0,129.88,165.05,190.84,44.58,87.39,37.12,246.24,595.04,57.15,132.29,328.8,76.46,184.06,167.54,44.61,695.31,17.92,243.77,29.21,43.53,24.81,8.53,0.0,38.87,47.21,61.31,245.04,39.53,10.66,96.43,446.68,76.65,314.49,294.13,651.26,97.49,194.01,900.56,188.75,144.04,10.04,49.52,103.94,176.95,219.86,25.86,191.8,436.22,50.64,46.97,0.0,246.21,54.95,266.96,736.25,13.54,0.0,569.82,123.58,66.78,291.94,70.31,290.49,161.92,480.49,296.17,98.03,103.09,0.0,2.64
2026-10-05 14:00,27.68,32.82,36.13,36.96,50.13,53.52,52.06,54.8,39.07,52.01,52.25,42.08,56.0,46.28,30.74,45.21,36.49,43.05,47.14,51.44,53.12,54.37,47.13,54.31,55.63,45.1,47.08,46.82,45.71,46.59,43.6,48.61,48.09,393.01,295.85,262.46,266.63,595.65,672.55,335.37,365.15,31.7,968.21,303.71,33.44,902.53,1.25,300.1,15.96,105.13,285.91,163.09,70.28,73.62,17.41,136.56,473.96,41.71,364.41,267.93,120.54,199.16,222.01,58.44,566.59,37.97,331.54,85.19,126.97,130.14,65.79,32.68,260.63,137.7,67.38,313.96,40.59,31.08,416.81,645.51,239.58,229.53,2.26,863.02,82.82,159.56,499.41,256.71,102.48,8.48,152.51,47.58,289.31,216.78,199.56,193.01,381.88,28.66,53.48,3.44,167.69,25.15,236.61,332.82,22.13,11.08,81.27,300.81,88.31,331.56,90.08,419.79,162.94,601.46,326.72,110.44,115.19,0.0,2.63
2026-10-05 14:05,27.67,32.8,36.11,36.89,50.11,53.5,51.99,54.73,39.08,51.96,52.18,42.04,55.96,46.21,30.65,45.15,36.41,42.98,47.11,51.41,53.09,54.32,47.06,54.25,55.56,45.04,47.01,46.75,45.67,46.53,43.58,48.55,48.04,391.75,139.78,40.3,291.23,434.49,401.51,655.44,689.83,100.47,653.92,223.98,220.84,658.35,67.78,203.14,205.19,71.0,181.69,100.36,65.9,82.98,43.25,240.41,587.3,69.27,55.95,283.28,113.02,245.42,57.94,94.83,599.05,25.7,476.24,261.01,389.03,233.36,31.08,420.2,141.37,421.91,84.16,276.84,31.64,95.22,324.81,362.15,0.0,381.19,122.61,225.21,62.44,172.88,879.22,368.75,193.6,10.71,91.05,272.95,406.55,132.85,94.28,47.35,348.24,189.28,39.44,44.22,139.16,144.29,233.72,335.73,31.1,142.46,257.55,242.38,172.59,314.72,79.43,235.52,39.97,551.13,263.63,113.87,117.65,0.0,2.62
2026-10-05 14:10,27.69,32.82,36.12,37.06,50.21,53.61,52.16,54.89,39.09,52.16,52.36,42.16,56.08,46.38,30.84,45.28,36.58,43.15,47.22,51.48,53.2,54.45,47.2,54.4,55.73,45.2,47.2,46.92,45.8,46.69,43.64,48.71,48.15,370.48,288.81,215.24,256.2,303.38,1051.16,318.48,468.98,85.68,734.03,51.43,184.81,459.68,85.53,117.28,219.51,79.7,224.58,210.56,61.83,75.27,58.01,0.0,483.11,59.26,298.84,109.96,106.04,152.54,104.65,0.0,232.53,14.84,421.36,310.92,463.42,109.49,64.23,449.52,258.74,502.59,51.76,394.75,31.36,113.42,253.19,619.35,85.95,326.11,154.72,406.8,98.06,132.88,0.0,326.26,131.62,8.91,238.36,88.63,120.34,194.78,194.81,275.97,321.97,158.4,9.06,47.31,276.54,46.86,120.86,178.71,9.21,152.4,219.64,248.09,83.86,327.44,113.26,402.78,232.98,881.7,386.5,104.52,110.25,0.0,2.61
2026-10-05 14:15,27.65,32.78,36.09,37.03,50.2,53.6,52.14,54.88,39.08,52.1,52.31,42.12,56.07,46.36,30.82,45.28,36.56,43.13,47.21,51.47,53.19,54.45,47.19,54.39,55.71,45.16,47.15,46.87,45.75,46.64,43.61,48.66,48.12,430.94,261.92,156.83,327.56,68.87,514.24,268.3,857.91,99.93,1111.54,366.98,192.06,104.35,67.8,246.54,116.45,120.69,211.87,93.35,74.42,70.68,3.62,239.55,426.44,79.26,217.74,82.03,127.63,211.43,186.83,32.83,173.47,31.2,463.02,146.21,217.93,197.99,58.24,238.46,230.93,236.35,29.3,327.05,22.82,53.34,213.05,855.63,234.67,436.15,122.64,726.24,147.53,184.87,875.98,358.51,240.78,6.43,116.61,193.39,168.36,225.46,176.67,309.57,492.04,164.62,64.62,25.1,127.02,102.24,238.41,544.51,12.88,80.84,256.18,189.08,70.65,170.59,93.84,556.44,261.35,449.07,264.78,108.17,111.18,0.0,2.59
2026-10-05 14:20,27.64,32.76,36.07,36.98,50.14,53.53,52.09,54.83,39.08,52.07,52.29,42.11,56.0,46.31,30.75,45.21,36.51,43.07,47.15,51.44,53.13,54.38,47.13,54.32,55.66,45.13,47.12,46.85,45.74,46.62,43.61,48.65,48.12,390.11,246.13,383.67,308.31,440.22,447.85,571.31,695.42,179.97,698.03,483.51,25.86,667.02,40.41,211.25,97.07,75.79,208.55,117.62,17.8,79.68,22.84,109.92,157.56,57.59,532.69,213.21,30.52,265.66,176.47,51.71,450.86,26.73,571.18,50.31,74.99,239.17,54.73,198.79,213.36,81.33,12.5,267.81,26.29,18.35,125.92,612.13,164.64,316.91,73.1,685.99,131.13,106.59,401.88,442.26,195.17,5.8,101.55,235.83,124.82,125.57,166.02,419.33,364.75,22.17,85.14,20.92,118.4,124.67,133.2,663.63,9.55,67.4,461.37,214.15,150.44,301.12,76.84,398.08,354.01,582.61,447.07,109.0,114.8,0.0,2.58
2026-10-05 14:25,27.62,32.76,36.07,37.11,50.28,53.72,52.23,54.96,39.08,52.15,52.34,42.14,56.15,46.44,30.9,45.36,36.64,43.21,47.29,51.53,53.28,54.55,47.28,54.47,55.8,45.21,47.2,46.91,45.78,46.67,43.63,48.7,48.15,499.8,296.16,307.02,312.22,268.98,475.45,646.29,536.71,91.97,1145.19,319.8,185.98,407.57,39.03,92.94,168.45,124.35,207.74,147.37,27.63,58.2,50.45,220.05,359.38,80.25,426.28,88.95,47.38,4.93,153.82,94.65,188.1,11.76,173.56,198.82,296.34,243.12,65.86,344.96,259.68,321.39,124.38,374.89,19.93,72.53,271.16,876.67,138.67,441.64,70.61,597.95,164.51,109.4,804.42,134.38,150.63,0.78,107.81,19.62,356.88,196.57,199.77,183.01,155.97,159.4,56.31,36.3,222.44,10.37,111.18,400.65,27.3,116.95,235.77,11.07,170.19,286.18,107.56,570.12,154.5,383.76,217.74,105.02,105.62,0.0,2.57
2026-10-05 14:30,27.58,32.72,36.03,36.86,50.08,53.46,51.97,54.71,39.07,51.92,52.15,42.03,55.93,46.19,30.61,45.09,36.38,42.95,47.09,51.39,53.07,54.28,47.01,54.22,55.54,45.02,46.98,46.72,45.64,46.49,43.56,48.51,48.01,422.68,110.73,15.91,224.5,416.44,904.38,264.06,926.72,223.05,1135.95,147.48,91.18,631.0,57.12,134.68,320.39,123.35,137.57,189.56,20.95,59.3,50.04,104.93,317.99,53.87,22.09,161.43,35.93,148.56,204.7,56.4,341.38,17.04,828.67,340.84,508.02,147.86,24.62,656.1,113.87,550.96,26.76,66.69,22.26,124.34,178.17,814.9,165.93,296.42,103.33,795.71,132.85,96.26,383.29,641.64,260.09,11.92,205.12,183.54,269.32,222.73,74.69,301.97,297.61,78.15,25.97,69.05,202.57,97.03,216.68,597.84,20.6,222.43,571.8,103.29,69.53,530.61,19.13,529.95,254.93,954.45,418.15,115.4,119.41,0.0,2.56
2026-10-05 14:35,27.62,32.74,36.04,37.13,50.31,53.75,52.26,55.0,39.08,52.17,52.35,42.15,56.19,46.47,30.9,45.38,36.66,43.24,47.32,51.55,53.31,54.59,47.31,54.52,55.83,45.23,47.21,46.92,45.8,46.68,43.63,48.71,48.15,342.02,260.02,169.53,265.9,487.88,1035.98,203.69,429.63,67.12,1092.34,187.22,119.36,739.24,33.55,171.35,174.12,118.61,154.93,309.58,83.5,37.82,22.58,194.1,883.22,114.3,235.38,31.64,143.2,50.64,70.66,87.72,66.91,21.68,614.65,308.42,459.69,133.16,57.82,356.56,230.12,498.55,70.49,331.25,18.96,112.51,175.76,217.09,186.29,629.0,60.69,274.67,121.65,123.86,709.42,475.92,120.58,8.66,234.92,85.12,344.27,197.57,175.39,201.61,127.92,102.31,32.97,37.53,247.14,45.0,110.42,380.96,26.34,120.88,172.06,141.73,53.64,554.58,95.04,141.18,170.2,946.74,50.22,104.33,102.57,0.0,2.54
2026-10-05 14:40,27.62,32.75,36.05,37.06,50.2,53.61,52.16,54.91,39.08,52.14,52.34,42.15,56.08,46.38,30.84,45.29,36.58,43.15,47.21,51.48,53.2,54.45,47.22,54.4,55.74,45.18,47.18,46.9,45.79,46.68,43.64,48.71,48.16,366.63,93.66,544.59,251.72,182.23,262.62,657.65,913.06,103.46,0.0,516.76,106.47,276.12,17.93,77.73,110.29,0.0,134.45,108.45,83.67,30.11,33.91,274.07,192.71,87.61,756.12,138.28,143.49,103.52,0.0,65.86,292.43,9.84,73.03,137.19,204.48,148.12,20.83,225.86,107.75,221.76,62.11,197.89,16.73,50.05,235.37,683.7,146.05,482.14,32.44,0.0,175.54,168.83,1001.65,56.54,256.25,10.48,59.55,155.48,229.72,181.91,63.18,279.82,508.63,91.26,90.99,23.77,146.82,82.2,119.97,379.72,17.58,76.57,265.21,231.39,173.18,362.64,56.78,444.63,236.23,286.08,230.68,105.24,110.38,0.0,2.53
2026-10-05 14:45,27.58,32.72,36.03,37.24,50.36,53.8,52.35,55.09,39.09,52.33,52.48,42.23,56.25,46.56,31.02,45.47,36.77,43.34,47.38,51.58,53.37,54.65,47.39,54.59,55.92,45.34,47.35,47.04,45.88,46.8,43.68,48.83,48.25,432.08,89.78,296.54,294.56,518.84,622.95,119.6,745.97,190.31,1048.99,272.86,118.69,786.15,4.82,80.72,0.0,113.9,315.35,186.5,77.7,21.3,62.0,212.22,4.39,65.9,411.73,72.29,133.26,62.5,141.64,20.77,152.87,10.21,0.0,242.06,360.8,56.12,19.96,0.0,90.13,391.29,79.65,287.58,16.62,88.31,348.04,905.58,33.47,362.63,8.72,550.58,157.28,212.15,775.13,0.0,209.36,6.57,141.29,131.11,307.01,136.44,60.56,266.28,658.11,101.73,48.05,0.0,253.07,69.31,184.53,9.74,23.49,0.0,487.86,198.53,31.49,203.56,82.51,588.92,224.8,680.08,135.16,97.31,98.73,0.0,2.52
2026-10-05 14:50,27.59,32.71,36.01,36.85,50.06,53.41,51.95,54.69,39.08,51.95,52.25,42.08,55.9,46.18,30.61,45.07,36.37,42.94,47.07,51.38,53.05,54.24,47.0,54.19,55.53,45.04,47.04,46.8,45.72,46.59,43.6,48.62,48.09,435.93,246.63,384.34,358.11,467.13,527.64,555.87,703.58,144.28,262.11,545.99,139.24,707.8,95.07,0.0,246.07,28.46,313.66,226.45,45.31,12.3,49.11,172.69,764.76,72.98,533.62,0.0,77.7,178.76,113.28,27.4,0.0,0.0,373.36,144.27,215.03,0.0,54.85,503.91,213.52,233.21,44.37,96.61,13.89,52.63,311.1,170.95,199.45,401.63,171.99,440.33,144.36,72.52,630.83,289.09,197.46,4.97,119.67,276.23,407.74,221.39,166.36,235.9,345.52,119.35,96.14,53.03,219.49,146.03,0.0,488.37,31.19,170.84,369.87,199.45,146.37,463.54,27.72,111.17,199.15,560.83,186.68,111.89,120.32,0.0,2.51
2026-10-05 14:55,27.57,32.71,36.01,37.04,50.22,53.62,52.14,54.89,39.09,52.14,52.32,42.13,56.08,46.37,30.81,45.27,36.57,43.13,47.23,51.48,53.21,54.46,47.19,54.41,55.72,45.17,47.17,46.88,45.76,46.65,43.62,48.68,48.13,405.95,134.13,178.29,294.42,520.11,761.07,573.9,276.42,133.32,0.0,350.52,214.8,788.07,43.83,123.62,155.12,0.0,350.18,111.98,64.06,7.34,32.04,211.14,656.54,1.59,247.54,138.36,109.87,180.09,132.41,58.82,292.59,15.64,197.0,354.94,529.03,154.22,29.83,317.66,134.02,573.75,44.28,51.02,14.44,129.48,280.43,530.39,55.94,8.76,79.29,514.72,66.6,143.53,770.93,152.53,77.58,1.91,172.65,247.39,116.9,291.26,90.47,193.89,215.83,184.11,61.72,33.43,173.27,130.78,110.28,215.81,8.94,107.7,341.78,175.46,151.12,393.13,14.64,344.92,163.69,719.22,256.21,107.44,109.4,0.0,2.49
2026-10-05 15:00,27.58,32.7,36.0,37.1,50.22,53.63,52.2,54.93,39.08,52.21,52.42,42.17,56.11,46.42,30.88,45.33,36.63,43.19,47.23,51.49,53.23,54.49,47.25,54.44,55.77,45.23,47.25,46.97,45.82,46.74,43.65,48.77,48.2,412.32,71.57,413.24,302.52,160.37,359.67,646.96,771.44,58.49,636.09,258.95,155.0,243.0,142.13,171.88,329.51,69.07,318.96,167.53,11.84,2.02,25.62,0.0,581.09,59.51,573.75,171.87,20.3,161.92,123.62,32.42,363.46,21.75,395.71,151.94,226.47,238.7,15.92,674.78,83.13,245.61,62.7,144.2,15.3,55.43,126.35,731.48,254.51,327.5,257.12,480.55,12.82,133.62,0.0,306.39,216.51,4.77,81.58,148.43,251.49,211.16,48.28,232.55,567.89,132.86,45.6,71.02,281.39,78.47,81.43,125.55,19.24,228.77,149.95,158.47,170.36,316.44,41.37,475.7,196.32,582.94,192.03,103.0,108.36,0.0,2.48
2026-10-05 15:05,27.51,32.64,35.95,36.99,50.16,53.54,52.11,54.85,39.08,52.05,52.29,42.11,56.04,46.32,30.77,45.23,36.52,43.09,47.17,51.46,53.16,54.4,47.16,54.35,55.68,45.13,47.13,46.85,45.75,46.63,43.61,48.65,48.11,388.85,301.12,0.0,301.08,562.66,755.08,531.06,704.4,127.14,608.06,468.14,57.23,852.55,80.37,135.2,296.4,66.03,106.77,146.31,42.3,0.0,28.16,97.11,691.21,54.26,0.0,126.89,72.54,284.7,227.24,27.36,268.33,17.11,74.94,378.97,564.86,111.68,66.96,606.97,265.42,612.6,82.19,73.65,15.55,138.25,273.49,702.03,150.73,298.6,145.38,883.35,237.84,80.88,354.1,58.03,197.69,11.6,171.49,302.34,328.98,216.64,203.12,222.61,375.31,49.05,82.43,63.88,126.68,159.83,72.86,210.79,25.17,205.78,325.93,156.11,139.84,307.05,21.13,456.55,187.93,674.02,170.08,108.8,112.73,0.0,2.47
2026-10-05 15:10,27.52,32.64,35.94,37.06,50.21,53.61,52.16,54.91,39.08,52.14,52.33,42.13,56.08,46.38,30.85,45.32,36.59,43.15,47.22,51.49,53.2,54.46,47.23,54.41,55.73,45.18,47.17,46.89,45.77,46.66,43.63,48.68,48.14,393.07,223.53,240.48,252.44,448.95,387.42,648.66,510.68,39.41,853.78,333.77,135.2,680.25,82.21,97.74,262.35,92.71,232.35,242.47,76.0,0.0,42.02,287.78,805.02,68.1,333.89,268.84,130.34,261.45,196.49,75.75,568.5,12.37,607.94,350.25,522.04,132.27,49.71,537.25,198.33,566.17,79.23,297.05,12.37,127.77,139.45,0.0,135.24,374.75,148.72,763.82,88.09,118.16,1048.92,470.73,143.32,7.24,88.01,98.9,91.96,159.64,150.78,70.16,353.14,115.88,58.77,56.54,62.71,52.28,207.33,188.82,7.04,182.14,101.03,369.59,170.81,54.81,85.23,0.0,59.23,476.77,99.65,106.83,109.26,0.0,2.46
2026-10-05 15:15,27.5,32.64,35.94,37.03,50.21,53.62,52.14,54.88,39.07,52.07,52.28,42.1,56.09,46.35,30.8,45.29,36.56,43.13,47.21,51.48,53.21,54.48,47.21,54.41,55.71,45.15,47.13,46.85,45.73,46.62,43.6,48.64,48.1,401.47,97.73,362.54,289.78,197.69,939.69,483.76,780.94,222.19,443.64,272.41,100.72,299.53,171.41,264.52,217.12,48.17,0.0,170.23,59.87,0.0,29.16,204.56,697.78,33.38,503.36,166.73,102.68,138.6,151.65,84.5,352.59,33.47,312.1,210.87,314.3,221.78,21.73,444.63,90.2,340.86,61.19,194.35,14.15,76.93,267.39,307.73,309.66,183.68,310.08,589.51,100.83,197.87,745.47,241.66,219.17,9.36,213.52,95.48,59.71,170.28,65.92,275.88,449.21,86.32,47.97,46.79,140.14,50.48,326.06,485.02,4.57,150.74,569.6,53.42,127.39,212.65,55.76,200.12,232.9,824.2,168.43,109.21,109.8,0.0,2.44
2026-10-05 15:20,27.55,32.64,35.95,37.08,50.23,53.64,52.18,54.92,39.07,52.14,52.36,42.17,56.1,46.4,30.87,45.31,36.6,43.17,47.24,51.5,53.22,54.49,47.23,54.43,55.75,45.2,47.2,46.91,45.81,46.69,43.64,48.72,48.16,458.33,125.63,0.0,262.14,362.03,576.09,304.62,1012.63,0.0,1343.17,227.98,163.1,548.55,101.59,129.37,222.94,145.85,263.04,118.78,39.12,0.0,24.04,236.95,233.4,13.32,0.0,213.45,67.09,41.52,56.99,94.43,451.38,16.37,380.7,211.71,315.55,203.0,27.94,456.54,120.89,342.22,13.07,179.41,14.1,77.23,83.89,0.0,175.35,73.31,183.77,221.53,306.09,171.0,864.31,294.77,284.2,9.8,130.77,202.23,204.56,132.59,84.75,371.31,473.46,139.79,40.14,48.05,158.93,106.91,217.01,42.99,15.65,154.78,0.0,100.42,80.21,190.7,51.48,0.0,313.46,694.75,242.03,104.84,107.87,0.0,2.43
2026-10-05 15:25,27.5,32.63,35.93,37.09,50.27,53.7,52.21,54.95,39.08,52.15,52.37,42.16,56.15,46.42,30.87,45.34,36.62,43.19,47.28,51.52,53.27,54.53,47.26,54.47,55.78,45.21,47.21,46.93,45.8,46.69,43.63,48.72,48.16,415.04,278.54,241.4,265.61,245.34,915.46,295.45,382.55,116.79,696.4,160.62,141.7,371.75,145.57,76.42,185.98,75.62,239.97,245.94,83.74,0.0,30.29,99.9,272.03,12.47,335.16,29.77,143.61,177.59,200.97,60.23,62.96,9.67,186.85,309.44,461.22,137.88,61.94,380.86,236.09,500.2,65.73,336.55,13.12,112.88,212.52,581.66,93.55,68.61,263.34,781.23,258.21,161.27,364.14,144.67,107.36,8.12,207.99,81.34,307.41,150.25,187.89,273.01,489.58,121.46,28.28,40.08,150.27,43.0,244.79,393.38,23.52,129.12,299.4,206.09,77.8,462.34,96.56,378.27,230.48,852.87,225.99,104.38,105.57,0.0,2.42
2026-10-05 15:30,27.44,32.57,35.88,36.92,50.14,53.54,52.02,54.76,39.07,51.97,52.24,42.07,56.0,46.24,30.7,45.18,36.44,43.01,47.15,51.44,53.13,54.37,47.09,54.31,55.59,45.07,47.06,46.8,45.7,46.58,43.59,48.6,48.07,380.07,320.57,426.69,297.89,399.1,927.52,796.2,605.61,215.84,579.72,241.29,80.56,604.72,122.38,299.02,102.3,62.95,123.43,244.52,65.28,0.0,46.35,209.7,693.6,93.74,592.43,160.85,111.96,123.59,232.04,81.99,340.14,37.83,610.79,112.25,167.31,248.22,71.29,209.49,279.42,181.45,30.42,344.23,15.9,40.95,62.65,555.41,188.06,515.85,221.39,901.99,168.07,77.06,763.15,472.93,169.97,10.42,211.12,57.45,139.71,201.96,216.24,185.09,525.26,69.05,42.49,22.05,78.72,30.37,200.51,135.79,10.69,71.02,553.32,139.47,209.66,53.68,98.77,361.19,156.25,778.59,418.37,111.74,114.88,0.0,2.41
2026-10-05 15:35,27.44,32.59,35.89,35.83,49.85,53.23,51.38,54.14,39.09,51.36,51.88,41.85,55.61,45.51,29.72,44.46,35.5,42.29,46.85,51.2,52.82,54.0,46.46,53.88,54.92,44.55,46.55,46.42,45.45,46.26,43.47,48.29,47.85,460.29,291.23,243.33,260.98,493.8,438.78,524.26,0.0,84.44,630.89,182.31,70.45,748.2,84.12,154.57,343.28,68.5,242.13,180.25,59.98,0.0,15.89,258.77,578.52,43.03,337.84,163.47,102.86,237.11,143.73,77.15,345.68,19.56,881.9,285.67,425.79,75.23,64.76,702.98,257.74,461.77,69.43,150.22,16.08,104.21,442.43,444.26,187.39,236.81,152.17,558.7,120.86,126.02,942.02,682.85,0.0,2.99,99.83,233.3,273.74,188.29,196.44,287.64,636.9,60.38,32.1,73.98,152.36,123.34,324.88,87.31,20.94,238.33,216.46,223.33,138.05,133.34,43.1,288.91,242.83,561.1,182.32,130.93,136.02,44.0,2.4
2026-10-05 15:40,27.5,32.63,35.93,35.97,49.93,53.3,51.5,54.26,39.07,51.46,51.97,41.92,55.69,45.65,29.87,44.57,35.64,42.42,46.94,51.26,52.89,54.07,46.57,53.96,55.04,44.66,46.67,46.52,45.53,46.35,43.51,48.37,47.91,428.04,284.58,131.54,209.88,196.55,810.74,89.13,355.82,113.5,607.24,342.3,54.5,297.82,80.86,96.82,66.4,65.94,255.77,172.86,84.77,0.0,64.07,208.4,469.68,58.84,182.64,256.23,145.39,172.71,162.35,123.71,541.85,12.25,259.91,19.77,29.46,91.58,63.28,135.98,252.93,31.95,59.78,225.44,15.04,7.21,134.85,555.69,42.89,323.82,146.27,631.09,59.24,269.88,759.34,201.24,99.86,9.74,184.25,130.11,76.55,89.51,191.96,371.1,267.66,46.71,60.27,14.31,70.28,68.78,272.87,556.93,5.86,46.1,290.96,167.96,23.47,593.61,64.68,361.38,313.29,872.33,400.51,125.34,131.21,44.03,2.41
2026-10-05 15:45,27.49,32.61,35.92,35.92,49.86,53.22,51.45,54.22,39.07,51.38,51.86,41.82,55.63,45.59,29.82,44.53,35.58,42.36,46.86,51.21,52.82,54.0,46.52,53.9,55.0,44.58,46.56,46.41,45.43,46.23,43.45,48.25,47.82,409.17,355.04,275.4,292.1,496.6,316.58,60.94,556.28,69.96,287.64,363.34,135.35,752.46,111.83,245.88,248.53,31.23,236.4,212.38,77.03,0.0,32.62,145.25,673.24,79.74,382.36,148.92,132.11,136.84,150.79,109.87,314.91,31.11,611.35,193.38,288.24,43.24,78.95,508.95,318.29,312.6,65.27,324.41,13.4,70.55,235.6,318.8,158.33,438.8,202.31,586.15,100.03,216.09,529.22,473.36,156.12,7.0,71.95,230.32,268.59,150.25,239.49,204.06,217.54,116.01,63.98,53.56,121.86,121.76,324.2,139.34,20.55,172.55,179.35,214.0,16.05,251.51,93.08,207.32,172.27,558.07,304.54,131.87,135.51,44.01,2.42
2026-10-05 15:50,27.52,32.64,35.94,36.1,49.99,53.38,51.63,54.39,39.09,51.61,52.07,41.98,55.77,45.78,30.01,44.68,35.77,42.56,46.99,51.3,52.96,54.17,46.69,54.06,55.18,44.76,46.78,46.61,45.6,46.44,43.54,48.46,47.97,386.76,24.25,296.63,254.76,20.18,830.59,227.9,574.72,160.79,564.76,237.91,140.62,30.58,170.89,59.7,262.64,61.32,311.88,111.43,83.3,0.0,40.33,228.43,527.91,67.96,411.84,152.6,142.87,66.23,141.72,28.28,322.71,7.55,272.43,151.69,226.1,116.72,5.39,537.83,23.95,245.21,71.62,104.62,16.46,55.34,248.68,122.67,165.27,374.01,309.14,550.9,151.73,178.26,832.64,210.94,161.3,6.88,188.68,153.27,206.22,163.35,16.36,421.86,383.15,120.52,41.89,56.6,47.13,81.03,130.85,363.89,15.78,182.34,412.18,144.9,60.01,154.67,30.02,79.78,356.14,893.79,325.71,120.88,126.7,44.05,2.42
2026-10-05 15:55,27.52,32.65,35.95,35.98,49.94,53.3,51.54,54.3,39.07,51.44,52.0,41.92,55.71,45.67,29.87,44.58,35.64,42.45,46.94,51.27,52.9,54.11,46.6,54.0,55.08,44.67,46.68,46.54,45.53,46.37,43.51,48.41,47.93,382.28,123.97,341.15,266.63,413.5,321.39,327.34,469.72,0.0,574.82,167.75,177.26,626.54,67.97,38.12,328.8,62.42,106.59,107.95,32.78,0.0,12.06,187.52,455.41,56.43,473.65,123.7,56.22,289.49,86.36,123.41,261.58,4.82,375.25,214.38,319.53,78.43,27.57,673.32,111.73,346.54,5.47,327.54,19.23,78.21,468.54,668.81,88.18,310.56,122.96,335.69,67.88,113.04,683.83,290.55,131.83,3.17,72.98,303.08,306.59,242.53,83.62,366.48,230.34,151.93,29.54,70.86,53.55,160.23,190.96,115.27,23.46,228.27,0.0,93.71,86.2,399.04,93.98,434.94,309.39,414.71,145.48,125.13,130.59,44.02,2.43
2026-10-05 16:00,27.53,32.65,35.95,35.78,49.8,53.16,51.31,54.08,39.08,51.27,51.82,41.81,55.55,45.45,29.68,44.42,35.45,42.22,46.81,51.17,52.75,53.91,46.4,53.8,54.85,44.5,46.5,46.37,45.4,46.2,43.44,48.21,47.8,397.81,174.18,101.16,236.81,653.55,377.19,310.54,354.87,176.48,1081.77,427.87,121.1,990.26,6.94,198.99,279.48,117.46,277.45,166.6,39.06,0.0,38.39,132.3,718.94,7.82,140.46,147.75,67.0,165.66,181.94,37.32,312.44,25.18,390.52,185.06,275.83,225.62,38.73,572.33,161.09,299.15,79.89,0.0,15.95,67.51,282.35,555.9,147.7,43.01,12.55,707.24,193.33,123.11,482.51,302.38,99.6,8.78,85.64,83.06,212.66,83.72,117.49,127.03,492.57,103.8,75.34,60.23,151.97,43.91,277.97,394.02,16.27,194.03,452.4,72.49,81.77,106.51,0.0,361.51,107.24,648.9,248.87,133.25,138.86,43.98,2.44
2026-10-05 16:05,27.5,32.63,35.94,35.87,49.85,53.18,51.41,54.17,39.08,51.39,51.96,41.91,55.61,45.55,29.77,44.49,35.54,42.32,46.85,51.21,52.8,53.97,46.49,53.86,54.95,44.6,46.63,46.49,45.52,46.33,43.49,48.36,47.89,415.42,164.42,397.96,279.07,438.95,931.69,424.72,565.43,103.81,692.42,330.64,85.2,665.1,119.5,83.2,121.34,75.18,289.1,99.12,38.57,0.0,33.63,132.4,598.3,55.3,552.53,201.42,66.15,205.94,129.49,71.89,425.93,10.53,253.99,208.57,310.87,250.57,36.56,248.48,154.14,337.15,42.17,197.19,21.71,76.09,228.85,401.44,194.97,304.31,216.17,503.36,284.45,147.17,482.49,196.66,158.69,9.02,211.72,75.91,145.22,200.78,110.91,442.32,589.49,73.03,58.22,26.15,179.68,40.13,136.17,174.29,11.11,84.24,266.13,150.52,111.84,231.33,56.58,261.07,373.41,844.08,115.36,126.77,136.08,44.0,2.45
2026-10-05 16:10,27.57,32.7,35.99,36.26,50.11,53.53,51.79,54.56,39.09,51.77,52.17,42.04,55.92,45.95,30.17,44.87,35.93,42.71,47.12,51.39,53.09,54.34,46.87,54.23,55.35,44.89,46.91,46.72,45.67,46.53,43.58,48.56,48.05,410.3,280.07,175.5,241.44,29.85,597.28,425.07,0.0,0.0,927.56,329.31,107.22,45.24,141.92,252.64,97.63,100.72,333.36,195.23,17.14,0.0,11.41,204.72,314.33,106.4,243.67,131.68,29.4,188.95,45.94,24.14,278.47,31.97,166.88,223.03,332.42,241.49,62.28,199.92,241.89,360.52,84.45,301.21,16.58,81.36,274.38,299.52,45.62,585.5,256.73,178.59,33.28,253.31,747.3,129.21,0.0,12.97,135.51,28.3,186.22,106.71,188.92,304.97,99.08,91.9,57.99,21.04,108.53,14.96,281.23,386.99,14.25,67.78,0.0,145.09,111.93,373.23,86.42,194.79,257.46,623.12,60.89,115.62,118.55,44.08,2.45
2026-10-05 16:15,27.49,32.64,35.94,35.9,49.86,53.2,51.45,54.21,39.08,51.43,51.93,41.89,55.63,45.59,29.8,44.53,35.57,42.36,46.86,51.22,52.81,53.99,46.52,53.89,54.99,44.62,46.62,46.48,45.5,46.3,43.49,48.32,47.88,439.72,194.36,165.21,263.15,485.55,801.87,437.13,407.02,132.41,1147.85,331.28,122.12,735.72,0.0,96.58,350.48,124.64,235.45,116.75,13.61,0.0,33.36,174.69,410.35,21.12,229.38,265.01,23.35,267.39,124.07,83.89,560.41,12.22,383.18,314.81,469.23,241.3,43.22,717.72,176.0,508.89,33.55,257.52,16.95,114.84,349.6,764.17,223.23,116.24,0.0,482.31,257.98,141.14,636.52,296.69,114.23,4.1,182.24,61.91,128.14,163.68,131.11,109.76,314.35,104.67,58.33,75.54,156.64,32.73,249.56,0.0,9.8,243.33,339.45,203.03,115.11,298.89,73.89,496.96,92.66,714.89,338.31,127.4,135.38,44.0,2.46
2026-10-05 16:20,27.53,32.67,35.98,35.92,49.89,53.25,51.45,54.21,39.08,51.42,51.93,41.88,55.65,45.59,29.82,44.55,35.59,42.36,46.9,51.23,52.84,53.99,46.53,53.89,54.99,44.62,46.62,46.48,45.49,46.31,43.49,48.33,47.88,404.75,208.8,320.06,281.1,54.25,453.22,94.98,1073.07,118.35,326.65,140.53,160.35,82.2,109.28,206.69,61.66,35.47,146.83,293.71,96.69,0.0,28.26,231.93,479.99,93.43,444.38,151.18,165.82,132.37,173.18,93.55,319.7,26.15,128.73,255.09,380.21,217.98,46.43,126.27,191.57,412.35,57.32,213.7,20.24,93.06,199.37,689.97,137.64,514.15,197.7,673.18,143.73,167.08,845.99,99.67,301.16,8.47,102.89,92.75,397.28,45.43,140.84,213.14,497.49,137.44,24.75,13.29,71.57,49.03,237.53,348.32,30.39,42.81,303.41,162.18,25.01,376.47,61.31,448.71,179.94,705.92,374.77,127.51,134.0,44.0,2.47
2026-10-05 16:25,27.59,32.72,36.01,36.18,50.05,53.44,51.7,54.47,39.08,51.68,52.1,42.01,55.83,45.85,30.1,44.78,35.84,42.62,47.07,51.34,53.01,54.21,46.76,54.1,55.25,44.82,46.84,46.65,45.62,46.46,43.55,48.48,47.99,427.35,199.11,232.0,246.94,75.57,569.35,332.05,796.69,118.65,267.52,456.66,99.07,114.5,0.0,130.92,130.73,29.05,210.04,44.63,11.76,0.0,39.69,73.55,579.03,36.78,322.11,181.42,20.17,90.46,0.71,102.68,383.65,16.56,77.92,222.78,332.05,273.9,44.28,267.71,186.48,360.12,66.59,188.31,20.16,81.27,172.58,694.81,69.42,202.42,0.0,2.76,199.58,80.81,268.67,60.33,223.59,10.63,129.13,113.76,83.38,196.5,134.31,184.92,260.74,84.91,80.41,28.17,80.05,60.14,81.54,806.72,6.38,90.76,304.17,264.41,87.44,302.18,54.03,451.85,156.11,476.55,353.45,118.69,123.46,44.06,2.48
2026-10-05 16:30,27.6,32.74,36.03,36.16,50.05,53.46,51.69,54.45,39.08,51.65,52.12,42.01,55.84,45.82,30.07,44.76,35.83,42.62,47.06,51.34,53.03,54.25,46.77,54.13,55.23,44.8,46.84,46.66,45.64,46.49,43.56,48.51,48.01,424.0,327.92,172.3,230.87,135.57,435.4,530.24,184.36,115.34,152.37,332.81,79.4,205.42,37.87,186.46,151.0,16.55,55.38,97.33,57.9,0.0,65.02,47.08,506.16,31.77,239.22,132.9,99.3,21.81,28.15,4.6,281.05,23.59,417.63,408.41,608.74,165.43,72.92,309.22,288.35,660.19,64.5,0.0,17.7,148.99,261.65,610.49,204.9,174.83,68.52,109.44,172.51,195.65,172.07,323.37,51.74,8.07,98.73,159.76,126.18,132.49,221.19,201.89,585.92,68.06,58.6,32.54,133.11,84.46,0.0,388.93,9.65,104.83,295.68,201.47,139.63,305.33,0.0,397.02,170.44,630.47,102.48,118.73,122.57,44.05,2.48
2026-10-05 16:35,27.55,32.68,35.98,35.9,49.84,53.2,51.42,54.19,39.09,51.43,51.89,41.86,55.6,45.58,29.81,44.51,35.57,42.34,46.84,51.2,52.79,53.97,46.5,53.86,54.97,44.6,46.59,46.44,45.47,46.27,43.48,48.29,47.85,415.04,126.52,0.0,212.78,232.43,601.52,251.06,639.67,99.05,1156.68,225.62,158.68,352.18,135.88,137.69,297.81,125.6,80.25,180.98,49.86,0.0,11.57,179.1,516.29,81.45,0.0,305.04,85.52,280.31,221.12,20.73,645.07,17.42,724.51,220.31,328.37,151.67,28.13,609.85,127.0,356.13,76.54,119.34,21.04,80.37,152.5,588.1,23.22,448.24,245.81,859.54,102.71,195.16,653.46,560.98,179.53,11.23,136.52,132.43,39.6,143.56,85.34,279.22,314.52,136.01,39.73,64.18,214.56,70.01,213.9,436.04,3.03,206.76,253.92,270.3,66.11,228.36,34.24,382.45,235.72,661.79,324.48,129.17,136.05,43.99,2.49
2026-10-05 16:40,27.54,32.68,35.99,35.94,49.88,53.26,51.47,54.24,39.08,51.44,51.94,41.88,55.66,45.62,29.83,44.54,35.61,42.39,46.89,51.23,52.84,54.07,46.55,53.95,55.02,44.63,46.63,46.49,45.49,46.31,43.49,48.34,47.87,322.83,231.3,330.98,241.87,0.0,980.37,604.56,683.62,97.4,620.32,0.0,222.98,0.0,154.78,194.77,351.17,67.36,31.39,248.33,64.62,0.0,24.24,80.76,287.03,64.14,459.53,184.09,110.83,141.26,149.91,87.12,389.3,24.64,626.62,300.36,447.68,136.57,51.44,719.13,205.55,485.52,79.79,368.95,19.9,109.57,38.74,972.35,131.27,352.97,279.99,582.75,107.76,270.8,294.69,485.19,191.86,6.01,222.52,94.95,217.97,186.18,156.02,488.0,356.49,191.11,0.0,75.68,85.82,50.2,70.26,194.08,16.68,243.8,249.69,332.91,159.2,109.11,105.86,632.34,411.98,969.04,115.54,127.99,134.5,44.0,2.5
2026-10-05 16:45,27.58,32.71,36.01,36.04,49.96,53.35,51.55,54.31,39.09,51.56,52.0,41.91,55.72,45.7,29.96,44.66,35.7,42.47,46.98,51.28,52.92,54.11,46.64,53.99,55.09,44.7,46.71,46.54,45.52,46.36,43.5,48.38,47.92,456.06,381.39,0.0,221.03,463.94,535.92,59.35,319.94,91.77,669.23,255.77,194.07,702.97,94.26,228.1,134.86,72.67,188.23,130.26,54.45,0.0,5.9,16.31,742.11,25.99,0.0,174.64,93.38,2.22,157.79,93.38,369.32,28.86,528.47,237.5,353.99,148.7,84.81,276.18,342.77,383.91,50.29,293.2,22.67,86.64,182.72,832.37,183.16,143.04,170.52,613.36,303.48,114.44,59.57,409.19,89.79,8.62,121.55,207.04,270.24,8.47,257.27,185.45,529.18,166.34,45.04,29.07,171.66,109.45,174.59,601.09,20.68,93.63,235.27,199.79,15.63,278.32,84.13,541.31,156.56,567.59,234.48,125.54,129.61,44.02,2.51
2026-10-05 16:50,27.6,32.73,36.02,35.89,49.84,53.19,51.43,54.2,39.08,51.43,51.95,41.9,55.61,45.59,29.78,44.48,35.56,42.35,46.85,51.2,52.79,54.0,46.5,53.88,54.98,44.62,46.62,46.49,45.51,46.33,43.5,48.35,47.89,471.97,370.72,122.44,222.62,11.02,570.15,543.05,100.92,52.56,527.74,519.97,210.21,16.7,72.65,166.87,158.58,57.3,272.27,265.36,41.77,0.0,49.91,130.51,347.69,24.98,169.99,134.79,71.64,285.1,96.46,47.12,285.03,21.11,590.62,182.06,271.37,161.75,82.44,324.74,325.18,294.3,90.27,264.7,22.78,66.42,318.98,405.09,257.07,137.44,131.42,374.95,222.72,241.68,476.81,457.31,28.32,5.37,129.3,145.02,247.84,77.51,250.06,498.17,377.01,180.18,91.56,34.18,204.01,76.66,174.54,567.01,18.96,110.09,134.74,201.24,143.0,450.86,75.95,263.44,420.56,692.37,182.14,127.47,136.26,43.99,2.51
2026-10-05 16:55,27.62,32.74,36.04,35.96,49.94,53.32,51.52,54.28,39.08,51.48,52.0,41.94,55.7,45.66,29.86,44.57,35.63,42.43,46.95,51.26,52.9,54.08,46.59,53.96,55.06,44.67,46.68,46.55,45.57,46.39,43.52,48.41,47.94,385.94,339.12,312.87,191.94,278.2,354.09,354.48,177.54,106.17,177.85,244.09,76.21,421.53,125.52,100.95,138.36,19.31,269.89,196.49,56.18,0.0,70.27,171.36,673.02,123.39,434.39,0.0,96.36,99.73,180.95,100.71,0.0,12.77,642.29,117.17,174.65,229.57,75.41,283.33,308.76,189.41,81.31,258.98,23.4,42.75,318.98,508.57,173.95,679.02,227.07,703.4,166.54,236.76,626.29,497.32,49.83,10.37,80.29,109.02,290.39,197.67,228.75,398.59,337.67,65.32,42.98,29.82,92.54,57.63,22.02,413.14,22.22,96.06,272.18,370.06,93.35,558.98,74.31,330.74,336.5,396.36,144.96,124.05,130.66,44.0,2.52
2026-10-05 17:00,27.59,32.72,36.03,35.77,49.82,53.2,51.31,54.07,39.07,51.24,51.79,41.79,55.55,45.47,29.66,44.4,35.44,42.23,46.83,51.17,52.77,53.93,46.4,53.79,54.86,44.49,46.46,46.35,45.38,46.17,43.43,48.19,47.78,414.28,63.09,342.35,245.78,0.0,646.99,640.94,915.79,166.42,345.09,296.69,111.71,0.0,63.45,149.68,221.33,37.47,259.08,86.82,49.28,0.0,42.82,160.51,654.87,0.0,475.33,165.65,84.52,4.85,223.0,86.43,350.3,18.94,270.22,180.85,269.56,142.4,14.03,453.24,74.8,292.35,31.63,333.83,22.72,65.98,91.89,984.12,135.46,0.0,114.78,866.86,172.38,186.46,586.28,209.23,257.02,8.12,146.74,143.73,248.48,250.23,42.56,188.31,120.89,95.74,52.24,47.7,230.16,75.98,182.25,737.65,19.01,153.66,426.61,257.57,168.78,598.78,95.78,640.0,158.98,624.59,325.77,134.07,139.35,43.96,2.53
2026-10-05 17:05,27.52,32.68,35.99,35.76,49.84,53.23,51.33,54.09,39.08,51.27,51.77,41.77,55.58,45.46,29.64,44.4,35.42,42.23,46.85,51.19,52.79,54.0,46.41,53.85,54.87,44.48,46.45,46.33,45.37,46.16,43.42,48.18,47.76,376.66,144.8,306.13,162.55,516.49,1059.8,225.71,261.33,217.96,645.13,396.79,122.32,782.59,110.09,246.07,151.29,70.05,129.49,134.55,57.71,0.0,55.55,197.13,211.26,95.61,425.03,207.39,98.97,85.46,180.87,60.67,438.57,31.14,767.91,338.2,504.08,31.6,32.2,309.82,150.55,546.69,34.18,434.86,23.96,123.37,388.72,607.74,116.45,526.16,199.16,703.08,197.98,241.26,718.84,594.59,73.34,1.35,240.67,79.61,319.29,208.82,97.68,295.02,376.01,104.84,69.87,32.61,202.89,42.08,255.12,746.09,24.43,105.04,558.74,74.81,59.44,486.64,124.77,395.23,249.06,793.83,240.89,135.61,137.97,43.95,2.54
2026-10-05 17:10,27.57,32.72,36.02,35.83,49.82,53.17,51.37,54.13,39.06,51.28,51.87,41.84,55.58,45.52,29.74,44.45,35.5,42.29,46.82,51.19,52.77,53.95,46.46,53.84,54.91,44.54,46.53,46.42,45.45,46.26,43.46,48.28,47.84,378.24,242.57,529.23,233.77,120.69,650.96,416.05,408.89,116.68,641.56,210.74,44.7,182.86,69.36,175.62,223.88,69.66,66.87,107.25,74.27,0.0,50.74,360.76,570.89,23.11,734.79,252.14,127.37,232.38,182.68,120.14,533.19,22.22,619.25,167.67,249.91,219.79,53.94,458.46,228.38,271.04,28.78,197.92,23.69,61.17,351.13,488.6,103.59,127.18,125.48,710.12,182.87,266.7,1316.91,479.48,114.76,2.05,147.69,117.28,274.53,180.44,163.62,334.1,275.69,38.31,37.11,48.25,113.09,62.0,124.41,375.41,21.0,155.43,299.12,287.38,109.56,184.58,56.79,317.75,282.06,631.94,368.99,131.01,137.74,43.97,2.54
2026-10-05 17:15,27.63,32.76,36.06,35.92,49.89,53.25,51.44,54.21,39.08,51.44,52.0,41.92,55.63,45.6,29.82,44.51,35.59,42.36,46.9,51.22,52.84,53.99,46.5,53.89,54.99,44.64,46.66,46.53,45.54,46.37,43.51,48.4,47.93,485.98,129.9,139.88,188.9,299.35,590.99,437.35,548.21,80.84,430.31,242.92,112.81,453.58,87.38,107.9,157.21,46.72,169.49,208.69,66.03,0.0,35.48,92.4,468.77,110.04,194.21,116.54,113.23,88.99,20.36,3.15,246.44,13.65,716.14,219.46,327.1,42.22,28.89,321.93,126.53,354.75,63.0,262.09,17.51,80.06,276.13,544.7,268.19,605.53,158.06,79.15,319.55,138.91,337.83,554.51,153.86,5.72,134.01,230.39,266.19,192.79,87.62,321.09,376.98,96.69,42.78,33.88,125.05,121.79,90.98,367.71,20.37,109.14,207.23,353.46,115.16,170.43,75.2,354.23,271.07,732.71,423.76,125.76,134.48,43.99,2.55
2026-10-05 17:20,27.61,32.75,36.06,35.78,49.78,53.11,51.32,54.09,39.08,51.31,51.84,41.82,55.54,45.48,29.68,44.42,35.45,42.23,46.79,51.16,52.73,53.87,46.41,53.77,54.87,44.52,46.51,46.39,45.41,46.22,43.46,48.24,47.82,380.64,320.86,395.65,243.47,454.11,401.87,468.7,453.97,0.58,704.11,239.8,113.1,688.07,117.88,183.01,0.0,76.45,370.83,212.55,87.21,0.0,35.01,116.7,269.67,124.29,549.32,96.35,149.57,243.53,150.49,32.23,203.76,23.16,397.53,238.04,354.8,95.99,71.35,0.0,281.0,384.79,79.85,242.27,25.62,86.84,320.29,718.72,192.2,683.94,213.25,584.99,163.79,140.79,426.52,307.8,127.41,9.05,91.13,106.76,236.67,92.66,216.43,140.38,335.53,96.94,42.23,0.0,240.97,56.44,196.02,737.99,18.11,0.0,1.48,113.49,123.42,518.74,69.51,467.4,118.51,486.8,317.89,131.93,140.13,43.95,2.56
2026-10-05 17:25,27.64,32.77,36.08,36.23,50.06,53.45,51.76,54.51,39.08,51.7,52.14,42.04,55.87,45.9,30.14,44.84,35.89,42.68,47.07,51.36,53.03,54.25,46.83,54.15,55.3,44.85,46.87,46.69,45.66,46.51,43.57,48.53,48.03,432.96,363.71,302.82,246.07,258.15,169.54,29.87,729.79,113.24,509.46,199.06,25.78,391.15,102.0,134.14,188.59,55.32,191.83,234.48,53.79,0.0,50.41,276.2,491.02,20.25,420.44,201.39,92.25,205.23,102.62,67.29,425.88,16.97,531.98,136.15,202.93,278.18,80.88,386.19,325.19,220.08,30.17,118.74,23.9,49.67,350.49,559.43,161.56,111.43,184.53,398.92,230.49,148.82,1009.86,411.91,204.82,5.72,38.45,110.7,0.0,124.98,245.34,209.85,292.61,22.1,35.05,40.64,206.95,58.52,181.7,535.27,0.0,130.93,290.28,250.47,7.86,260.37,34.07,363.81,177.15,171.0,88.07,116.85,121.38,44.05,2.56
2026-10-05 17:30,27.63,32.77,36.07,35.84,49.88,53.23,51.4,54.17,39.07,51.34,51.87,41.86,55.63,45.52,29.72,44.5,35.5,42.31,46.9,51.22,52.84,54.02,46.5,53.89,54.94,44.56,46.55,46.42,45.46,46.25,43.47,48.27,47.84,382.41,183.72,376.91,215.1,698.15,901.31,353.06,161.19,150.9,824.62,210.91,58.56,1057.85,51.43,162.19,79.87,89.54,196.12,107.74,61.26,0.0,41.27,305.01,411.08,68.67,523.31,127.35,105.07,194.01,149.43,68.06,269.3,20.52,147.64,313.55,467.35,245.02,40.85,163.55,159.66,506.85,120.13,310.08,23.97,114.39,163.58,379.87,184.84,377.91,93.04,580.87,124.22,102.96,1114.86,114.32,45.24,9.16,204.38,163.73,205.39,259.52,123.92,210.51,667.87,50.19,37.14,17.21,193.32,86.55,74.29,457.7,15.71,55.45,386.83,282.82,92.97,253.6,88.97,247.04,177.71,771.81,152.95,129.92,134.63,43.96,2.57
2026-10-05 17:35,27.68,32.81,36.1,36.21,50.05,53.43,51.71,54.48,39.07,51.66,52.16,42.02,55.84,45.87,30.14,44.8,35.88,42.64,47.06,51.35,53.03,54.24,46.78,54.15,55.26,44.83,46.86,46.69,45.66,46.52,43.57,48.55,48.04,399.13,237.67,325.05,245.35,358.28,426.14,266.46,395.18,133.87,431.02,164.73,86.12,542.86,83.37,129.99,95.77,46.8,79.45,226.23,100.85,0.0,31.89,219.55,709.43,87.58,451.31,92.87,172.96,160.15,142.08,76.03,196.39,16.45,373.86,219.21,326.73,91.96,52.85,196.12,214.38,354.34,7.79,186.65,30.34,79.97,303.19,522.02,57.73,481.95,150.82,552.3,175.62,187.3,802.93,289.48,110.91,2.69,96.63,290.09,138.94,184.54,160.32,270.05,361.11,73.82,29.01,20.64,67.28,153.36,136.97,300.11,10.63,66.49,343.17,34.85,70.17,55.24,53.55,339.48,227.98,419.31,308.52,117.45,122.68,44.04,2.58
2026-10-05 17:40,27.63,32.76,36.07,36.07,50.03,53.41,51.61,54.37,39.08,51.57,52.03,41.97,55.79,45.75,29.97,44.69,35.73,42.53,47.05,51.32,52.98,54.18,46.69,54.06,55.15,44.73,46.73,46.58,45.58,46.4,43.53,48.42,47.94,416.55,155.52,302.78,270.53,390.54,774.54,797.56,641.58,123.9,736.89,303.54,161.99,591.74,94.12,95.39,77.73,80.01,353.93,173.22,93.49,0.0,34.72,311.37,405.23,125.25,420.39,139.56,160.33,122.73,212.51,84.73,295.12,12.07,173.56,272.73,406.51,181.86,34.58,159.18,146.6,440.87,61.44,187.72,20.98,99.49,155.29,275.12,20.27,689.23,170.26,826.08,168.86,29.3,1138.08,134.38,180.06,5.77,175.63,157.17,177.52,221.41,104.9,236.98,344.54,138.84,53.45,16.75,81.8,83.09,82.05,823.86,13.58,53.96,317.62,317.53,210.02,409.42,53.86,178.92,200.06,828.39,135.16,122.14,124.92,44.01,2.59
2026-10-05 17:45,27.65,32.79,36.1,35.96,49.9,53.24,51.49,54.25,39.08,51.46,51.92,41.89,55.67,45.63,29.87,44.59,35.63,42.4,46.9,51.24,52.86,54.04,46.57,53.94,55.03,44.65,46.63,46.48,45.49,46.3,43.49,48.31,47.88,391.5,291.75,326.8,245.49,102.83,205.17,201.76,973.97,161.7,682.51,114.79,78.38,155.81,53.61,254.82,86.61,74.11,315.85,192.51,117.16,0.0,29.76,270.96,556.59,80.74,453.73,234.1,200.93,317.5,203.91,83.35,495.05,32.24,387.74,137.78,205.36,232.71,64.88,177.36,256.63,222.72,71.08,27.88,29.22,50.26,258.9,562.26,179.48,444.31,96.97,792.63,191.82,126.41,990.79,300.23,273.35,10.33,46.52,184.92,277.01,84.37,196.8,60.19,482.16,67.18,20.21,18.67,144.35,97.76,197.09,182.56,21.19,60.13,414.53,232.53,53.13,321.85,8.0,365.65,50.81,402.45,187.53,127.08,132.71,43.99,2.59
2026-10-05 17:50,27.66,32.79,36.09,35.87,49.89,53.27,51.41,54.17,39.08,51.4,51.91,41.87,55.63,45.56,29.77,44.49,35.54,42.32,46.91,51.22,52.84,54.02,46.5,53.89,54.95,44.6,46.6,46.46,45.47,46.29,43.48,48.32,47.87,393.9,0.0,388.33,222.91,325.56,169.06,306.8,410.67,131.68,681.95,83.92,86.53,493.29,44.9,158.5,160.74,74.05,371.21,275.86,121.67,0.0,50.57,204.73,907.8,89.7,539.16,187.94,208.66,98.08,165.35,108.84,397.42,20.06,244.83,200.9,299.44,121.12,0.0,329.16,17.53,324.75,66.66,215.94,22.92,73.29,150.03,597.73,75.82,493.6,81.22,642.77,246.43,235.18,748.68,189.57,115.26,9.77,38.34,311.59,343.3,104.5,0.0,306.37,445.87,74.17,14.78,34.64,260.1,164.72,260.89,524.02,26.26,111.6,337.55,330.85,80.79,290.07,61.96,388.72,258.64,307.87,133.27,128.71,134.07,43.96,2.6
2026-10-05 17:55,27.64,32.77,36.08,35.76,49.84,53.21,51.32,54.08,39.06,51.17,51.82,41.81,55.58,45.43,29.67,44.44,35.42,42.23,46.84,51.19,52.79,53.95,46.43,53.83,54.85,44.48,46.47,46.36,45.42,46.22,43.44,48.24,47.81,403.05,50.8,247.68,243.47,664.3,666.58,425.32,438.44,176.12,1303.64,444.81,74.65,1006.55,83.49,80.86,249.51,141.55,144.92,202.27,121.79,0.18,39.04,189.99,600.26,37.66,343.88,84.88,208.88,134.52,107.97,108.85,179.5,10.23,634.69,326.44,486.56,176.7,11.3,510.95,61.76,527.69,62.31,423.28,29.85,119.09,405.05,509.64,173.0,207.26,151.03,419.72,280.76,267.56,694.69,491.43,123.05,9.92,151.15,253.23,242.78,152.18,34.27,90.34,464.43,63.98,78.33,53.77,260.06,133.87,287.96,360.67,18.57,173.23,451.49,54.63,112.0,238.99,121.45,331.43,76.26,578.89,125.74,133.79,137.51,43.94,2.61
2026-10-05 18:00,27.68,32.8,36.11,35.91,49.91,53.26,51.46,54.23,39.07,51.4,51.92,41.88,55.66,45.6,29.82,44.54,35.58,42.37,46.92,51.24,52.86,54.02,46.53,53.91,55.0,44.61,46.61,46.46,45.48,46.3,43.48,48.32,47.87,305.35,306.09,195.65,214.66,698.56,355.17,293.39,608.13,35.8,533.3,545.29,66.35,1058.46,16.98,96.11,139.12,57.91,134.63,189.01,28.14,0.18,58.3,202.26,392.09,77.66,271.64,202.37,48.27,179.79,50.12,56.59,427.95,12.16,515.48,259.33,386.53,179.19,68.07,284.9,274.41,419.2,95.04,0.0,24.2,94.6,230.08,789.02,136.02,427.34,30.71,194.84,105.76,160.75,739.71,399.13,170.67,9.27,80.54,142.0,336.45,169.75,206.47,232.79,247.88,56.87,96.02,29.98,98.05,75.07,136.2,681.78,25.74,96.59,91.78,208.97,77.26,239.25,0.0,513.12,196.53,438.09,258.51,128.74,132.44,43.97,2.61
2026-10-05 18:05,27.68,32.82,36.13,35.89,49.88,53.24,51.44,54.2,39.08,51.4,51.9,41.88,55.65,45.57,29.78,44.5,35.56,42.35,46.88,51.22,52.84,54.04,46.51,53.92,54.98,44.6,46.59,46.45,45.48,46.28,43.48,48.3,47.86,429.74,317.97,169.72,236.81,293.73,791.55,237.32,396.13,157.7,34.67,197.04,56.6,445.06,98.3,226.2,205.74,3.76,245.02,201.57,58.64,0.18,49.23,162.0,0.0,60.18,235.64,230.72,100.56,147.41,153.56,35.94,487.9,28.62,454.32,180.42,268.91,184.5,70.71,421.32,289.92,291.64,29.49,146.64,29.93,65.82,364.85,505.53,171.35,331.19,177.82,596.91,203.73,198.42,592.47,351.78,111.18,6.04,179.49,53.21,249.7,162.83,214.49,316.78,541.87,48.51,34.7,44.34,207.95,28.13,127.44,491.78,19.1,142.84,404.28,50.17,62.49,524.28,42.07,328.76,267.43,895.65,207.3,128.57,134.55,43.96,2.62
2026-10-05 18:10,27.69,32.81,36.12,35.95,49.85,53.16,51.48,54.24,39.08,51.46,51.97,41.93,55.64,45.62,29.86,44.55,35.61,42.4,46.85,51.22,52.8,53.97,46.55,53.88,55.02,44.65,46.66,46.52,45.54,46.35,43.51,48.37,47.92,428.73,310.46,287.21,246.22,606.46,499.88,305.67,560.53,95.08,686.95,304.03,0.0,918.91,55.0,191.74,115.06,74.59,167.15,270.7,102.46,1.65,49.91,16.88,537.38,75.92,398.76,250.06,175.72,301.76,40.57,27.62,528.81,24.26,322.58,287.58,428.63,155.04,69.04,235.63,278.19,464.86,78.81,221.09,24.21,104.91,245.31,473.91,142.62,417.81,99.49,157.7,125.55,223.67,61.74,249.77,157.31,6.88,113.35,46.9,176.53,179.92,209.42,363.27,406.76,0.0,53.53,24.8,172.12,24.79,179.38,677.26,13.51,79.88,243.75,319.28,80.49,383.79,63.44,308.2,306.68,487.15,173.52,125.24,135.18,43.97,2.63
2026-10-05 18:15,27.77,32.89,36.19,36.12,49.97,53.34,51.62,54.39,39.07,51.59,52.11,41.98,55.76,45.8,30.04,44.71,35.8,42.55,46.97,51.29,52.94,54.16,46.68,54.05,55.18,44.78,46.81,46.65,45.61,46.47,43.55,48.5,48.0,496.64,127.59,158.26,219.87,159.24,591.87,183.44,703.06,46.74,523.04,239.2,129.29,241.28,101.24,276.12,148.74,56.79,117.54,196.78,35.87,5.32,18.24,121.28,490.99,79.79,219.73,91.51,61.51,245.99,46.09,124.78,193.51,34.94,465.59,123.6,184.23,122.81,28.37,304.6,126.68,199.8,71.74,114.94,25.12,45.09,358.88,239.52,111.12,439.1,183.14,179.15,137.76,124.93,443.55,360.51,197.32,3.64,134.21,60.01,341.87,154.93,86.07,48.44,169.89,110.82,42.12,32.06,191.24,31.72,203.56,215.24,26.16,103.27,119.83,202.02,48.31,296.08,32.98,155.77,40.89,636.09,424.14,119.85,127.68,44.01,2.64
2026-10-05 18:20,27.7,32.84,36.15,35.96,49.91,53.29,51.51,54.28,39.09,51.48,51.93,41.89,55.69,45.63,29.86,44.58,35.63,42.42,46.92,51.25,52.87,54.07,46.59,53.96,55.05,44.65,46.64,46.49,45.49,46.31,43.49,48.33,47.88,449.5,241.5,151.75,228.12,475.29,708.5,305.67,380.3,112.43,930.47,0.0,115.05,720.16,78.43,85.94,122.47,101.03,45.56,264.89,71.96,11.38,40.38,174.2,546.39,60.06,210.7,99.82,123.41,116.63,115.14,77.53,211.1,10.87,503.81,340.34,507.28,212.51,53.71,250.79,214.76,550.15,54.02,203.06,19.74,124.16,297.19,709.25,185.0,330.53,141.88,447.58,217.41,166.49,637.09,390.1,106.73,8.17,160.66,157.42,278.51,80.67,162.9,198.8,626.35,98.61,0.0,26.39,82.23,83.22,207.54,504.67,21.31,85.02,288.22,360.24,80.49,335.03,58.26,461.24,167.83,904.34,241.15,126.88,132.19,43.97,2.64
2026-10-05 18:25,27.75,32.87,36.17,35.84,49.87,53.23,51.38,54.14,39.07,51.3,51.91,41.88,55.62,45.51,29.75,44.48,35.51,42.29,46.87,51.21,52.82,53.98,46.48,53.87,54.92,44.57,46.57,46.45,45.49,46.29,43.49,48.32,47.87,388.28,52.99,0.0,269.66,474.56,517.45,333.32,620.23,55.07,559.3,85.89,126.39,719.05,86.96,164.92,132.03,60.73,251.05,190.48,65.6,21.48,42.46,227.0,587.81,32.23,0.0,192.5,112.5,229.36,1.96,80.96,407.08,20.87,420.54,241.68,360.22,71.62,11.78,270.37,59.56,390.66,31.22,215.07,31.17,88.16,213.32,663.6,116.88,177.37,157.31,7.6,126.74,159.35,830.2,325.62,174.07,12.11,117.34,124.56,262.78,122.31,35.74,227.19,417.2,108.33,15.12,28.46,217.87,65.85,143.05,331.68,20.1,91.66,141.18,174.17,87.77,286.71,61.71,431.56,191.8,671.9,25.26,128.35,135.23,43.94,2.65
2026-10-05 18:30,27.67,32.81,36.12,35.96,49.93,53.33,51.52,54.29,39.08,51.46,51.89,41.85,55.69,45.65,29.85,44.56,35.62,42.43,46.94,51.26,52.89,54.1,46.58,53.97,55.06,44.62,46.6,46.45,45.45,46.27,43.46,48.28,47.84,380.07,212.54,211.99,242.89,265.77,479.9,632.34,996.84,135.31,639.36,531.62,174.63,402.7,104.61,182.51,276.27,69.42,111.01,232.9,24.28,28.64,17.48,334.61,294.98,87.81,294.34,168.77,41.65,83.44,158.52,110.42,356.89,23.09,743.19,218.62,325.85,244.08,47.26,565.76,188.28,353.39,65.78,217.24,24.33,79.75,215.18,858.95,128.24,483.2,189.24,616.2,137.42,62.42,1223.71,575.44,279.77,9.25,108.82,119.94,169.66,159.48,143.36,481.46,355.68,149.68,93.61,59.54,49.49,63.4,107.53,354.78,12.98,191.81,346.87,239.93,166.51,286.16,62.33,558.6,406.46,351.5,106.14,130.36,131.42,43.97,2.66
2026-10-05 18:35,27.82,32.93,36.22,36.25,50.08,53.49,51.74,54.5,39.07,51.71,52.21,42.05,55.86,45.91,30.17,44.84,35.92,42.66,47.09,51.36,53.04,54.26,46.81,54.15,55.29,44.88,46.92,46.74,45.69,46.57,43.59,48.6,48.08,472.6,140.05,18.49,256.78,302.43,0.0,243.94,672.51,19.18,1014.37,288.23,0.88,458.25,84.43,237.14,116.2,110.14,328.87,168.75,43.22,44.98,24.41,182.79,76.86,50.46,25.67,39.83,74.12,102.2,151.37,70.33,84.23,30.01,393.99,293.24,437.08,248.76,31.14,237.97,135.03,474.02,74.05,203.13,20.77,106.98,164.83,336.64,0.0,277.7,152.73,588.43,57.71,14.96,668.51,305.06,188.74,6.47,0.0,210.51,142.34,103.49,94.47,164.27,152.5,0.75,50.75,25.04,125.05,111.28,328.26,331.75,10.89,80.68,49.16,231.55,64.24,0.0,58.28,218.93,138.68,221.14,320.17,114.98,121.19,44.03,2.67
2026-10-05 18:40,27.72,32.88,36.18,35.89,49.89,53.26,51.42,54.19,39.07,51.36,51.88,41.85,55.64,45.57,29.81,44.51,35.56,42.34,46.9,51.23,52.84,54.04,46.51,53.9,54.97,44.59,46.58,46.44,45.44,46.26,43.46,48.27,47.83,453.54,237.21,251.09,257.07,315.94,1044.82,570.96,387.19,85.15,274.92,0.0,41.27,478.71,0.16,133.38,0.0,29.85,250.85,94.15,38.74,47.55,48.05,210.42,738.88,29.69,348.61,140.74,66.44,214.51,241.08,54.24,297.62,16.88,408.9,396.61,591.15,163.2,52.75,0.0,218.0,641.12,13.72,65.42,24.4,144.69,381.14,652.16,157.06,163.4,0.29,937.13,260.8,60.68,769.56,316.61,108.67,5.74,236.92,109.3,362.33,81.49,160.01,149.24,206.44,35.37,0.0,0.0,142.45,57.78,132.89,671.06,27.72,0.0,218.29,128.01,150.35,189.04,18.77,424.11,125.99,958.24,338.29,130.0,133.95,43.95,2.67
2026-10-05 18:45,27.79,32.91,36.2,35.91,49.84,53.17,51.43,54.18,39.07,51.38,51.94,41.89,55.61,45.58,29.83,44.52,35.58,42.35,46.85,51.2,52.79,53.99,46.51,53.87,54.97,44.6,46.62,46.48,45.5,46.32,43.49,48.34,47.89,441.86,245.52,78.95,265.9,212.63,173.75,362.17,296.82,28.01,947.38,504.81,133.71,322.17,56.69,45.56,326.03,102.87,216.64,215.34,0.0,61.87,57.23,90.09,678.14,48.18,109.62,213.82,0.0,328.19,150.76,77.52,452.16,5.76,620.37,152.39,227.14,131.33,54.6,667.65,224.66,246.34,45.46,95.29,19.94,55.59,132.87,446.56,32.1,265.11,102.56,586.03,133.91,161.13,329.47,480.35,83.3,13.54,39.4,131.74,178.14,246.46,165.61,154.43,503.14,114.6,88.89,70.27,203.06,69.64,207.97,550.67,13.63,226.35,71.8,263.22,95.37,288.44,27.34,290.41,130.37,371.25,131.0,127.74,135.91,43.95,2.68
2026-10-05 18:50,27.82,32.92,36.23,36.28,50.11,53.51,51.81,54.57,39.09,51.77,52.18,42.05,55.91,45.95,30.2,44.86,35.95,42.73,47.12,51.39,53.08,54.31,46.86,54.22,55.36,44.89,46.92,46.72,45.68,46.54,43.58,48.56,48.05,345.8,201.34,238.51,298.33,699.99,1040.84,0.0,860.51,53.71,717.95,47.79,48.47,1060.63,0.0,159.12,53.78,77.96,198.57,130.07,66.1,64.81,67.82,226.8,519.99,0.0,331.15,0.0,113.37,108.07,18.07,63.72,0.0,20.13,351.18,148.38,221.17,137.99,44.77,110.12,190.93,239.86,75.98,87.71,20.28,54.13,175.16,369.57,155.72,0.0,0.0,70.23,139.65,164.08,829.46,271.92,241.51,0.0,236.02,142.85,263.78,91.63,135.81,294.9,380.53,41.55,8.42,11.59,139.55,75.52,232.54,0.0,20.18,37.34,137.7,238.75,0.0,309.12,25.17,240.34,248.96,965.21,189.11,115.15,118.6,44.03,2.69
2026-10-05 18:55,27.76,32.9,36.2,35.96,49.93,53.3,51.46,54.23,39.08,51.46,51.99,41.92,55.67,45.64,29.86,44.56,35.63,42.39,46.94,51.25,52.88,54.08,46.54,53.96,55.02,44.65,46.68,46.53,45.54,46.36,43.51,48.38,47.92,408.54,421.47,256.39,290.65,169.32,352.81,776.52,350.23,174.23,270.48,350.71,96.83,256.55,95.23,184.65,29.3,29.37,39.03,313.92,57.77,88.31,12.57,86.09,579.5,122.35,355.98,169.18,99.08,63.21,128.01,63.1,357.75,23.36,516.14,334.95,499.25,196.72,93.72,60.0,370.4,541.44,98.19,216.51,22.42,122.19,182.77,738.41,249.5,673.29,172.27,497.6,18.29,225.68,314.87,399.64,98.29,7.43,80.0,291.11,81.76,177.05,284.3,447.77,328.05,82.99,61.76,6.31,133.77,153.89,124.15,325.86,6.26,20.34,446.66,11.8,204.48,0.0,62.12,480.21,378.01,592.45,419.72,125.86,132.1,43.96,2.7
2026-10-05 19:00,27.81,32.92,36.22,35.96,49.92,53.27,51.48,54.24,39.09,51.48,51.89,41.85,55.68,45.64,29.87,44.6,35.63,42.39,46.93,51.25,52.87,54.07,46.57,53.95,55.03,44.63,46.6,46.45,45.45,46.27,43.46,48.28,47.84,417.5,168.6,316.55,230.0,466.35,773.21,238.91,1081.92,139.17,544.23,112.74,83.75,706.61,0.0,0.0,86.07,59.09,254.93,301.67,114.96,80.04,26.71,155.41,539.6,87.55,439.5,173.3,197.16,263.98,131.07,64.51,366.47,0.0,541.89,0.0,0.0,131.67,37.49,176.26,152.67,0.0,116.16,333.58,20.42,0.0,14.5,347.06,222.92,481.79,0.0,509.52,179.89,92.58,568.35,419.58,303.65,5.93,175.33,83.16,211.74,145.85,113.72,0.0,261.71,71.78,19.85,18.55,4.21,43.96,156.54,707.42,16.2,59.76,356.77,203.09,62.91,166.03,95.71,225.7,0.0,605.99,219.85,129.22,131.92,43.96,2.71
2026-10-05 19:05,27.78,32.93,36.22,36.15,50.07,53.48,51.69,54.44,39.08,51.62,52.08,41.99,55.85,45.82,30.07,44.79,35.82,42.61,47.08,51.35,53.04,54.25,46.78,54.13,55.22,44.78,46.79,46.63,45.61,46.45,43.55,48.48,47.98,407.15,92.86,423.01,275.89,13.37,554.68,656.42,162.4,59.61,1186.4,206.82,192.5,20.26,127.25,112.29,0.0,128.82,382.66,176.1,72.0,71.05,6.11,291.06,556.84,61.84,587.32,182.12,123.48,1.36,80.46,76.6,385.13,14.21,592.11,200.4,298.7,292.67,20.65,0.0,94.68,323.95,65.15,215.76,20.73,73.11,266.52,371.75,171.27,340.33,230.19,312.76,211.0,83.15,1064.46,458.47,45.58,9.09,125.78,76.15,224.92,303.9,62.64,0.0,460.32,164.99,36.42,0.0,235.06,40.25,160.36,533.4,17.21,0.0,152.82,258.81,172.85,242.63,61.9,241.76,0.0,595.12,0.0,119.74,122.3,44.0,2.71
2026-10-05 19:10,27.81,32.94,36.24,36.07,49.98,53.36,51.6,54.36,39.08,51.56,52.06,41.95,55.76,45.75,29.98,44.67,35.74,42.52,46.99,51.3,52.94,54.13,46.67,54.03,55.14,44.74,46.76,46.6,45.58,46.42,43.52,48.45,47.96,381.02,201.69,117.92,305.13,143.46,575.71,114.19,216.12,84.46,544.49,339.72,141.16,217.37,127.39,94.31,91.08,59.12,202.34,247.75,111.77,95.47,69.59,201.53,923.49,95.15,163.73,119.3,191.68,239.14,113.5,94.22,252.27,11.93,440.4,206.49,307.77,151.48,44.85,186.52,187.08,333.79,11.13,93.5,21.67,75.33,205.08,664.05,195.78,523.62,230.45,441.21,298.16,111.47,737.03,341.0,60.65,0.0,130.55,68.8,376.52,66.68,136.05,228.49,272.81,120.99,59.82,19.63,221.88,36.37,86.67,287.02,28.81,63.24,216.51,44.17,30.07,382.09,26.83,431.85,192.9,719.68,272.54,122.51,127.81,43.98,2.72
2026-10-05 19:15,27.82,32.94,36.24,36.01,49.95,53.32,51.53,54.3,39.08,51.51,52.01,41.96,55.72,45.69,29.91,44.62,35.68,42.45,46.97,51.28,52.91,54.1,46.62,53.99,55.08,44.7,46.7,46.56,45.57,46.39,43.53,48.41,47.95,454.99,180.27,223.74,247.66,644.61,247.49,593.9,825.59,99.34,1121.5,49.92,57.99,976.71,61.51,68.41,134.72,121.78,288.66,129.68,35.89,78.58,20.62,178.5,158.03,62.14,310.65,128.11,61.54,281.31,96.95,70.93,270.91,8.66,149.26,239.1,356.38,0.0,40.09,275.88,172.35,386.5,98.18,288.35,22.95,87.22,257.85,402.55,202.87,341.94,111.26,376.87,220.79,168.97,652.8,115.57,231.7,8.69,56.12,258.75,185.29,202.57,121.6,196.02,234.5,49.7,8.79,29.03,0.0,136.79,170.2,315.41,14.18,93.53,254.66,174.91,156.39,442.21,82.73,261.79,165.49,383.11,235.08,122.6,129.9,43.97,2.73
2026-10-05 19:20,27.83,32.96,36.26,35.83,49.89,53.26,51.4,54.17,39.06,51.32,51.94,41.88,55.63,45.53,29.72,44.47,35.5,42.31,46.91,51.22,52.84,54.01,46.48,53.89,54.94,44.57,46.58,46.47,45.49,46.31,43.49,48.34,47.89,392.19,255.84,482.4,280.09,237.35,280.39,27.11,577.32,89.73,916.43,522.54,76.23,359.63,15.7,5.83,327.19,99.51,295.48,199.82,116.85,70.31,9.53,0.0,404.18,128.07,669.77,38.27,200.41,85.13,42.38,72.98,80.93,0.74,275.01,163.18,243.22,171.15,56.89,670.02,234.44,263.78,56.85,171.21,21.32,59.53,331.82,1001.47,26.5,704.76,28.4,164.74,150.04,184.51,0.0,212.94,162.03,3.2,63.58,148.31,160.51,196.07,172.58,279.48,537.59,65.34,92.01,70.52,77.28,78.4,67.19,150.89,12.28,227.15,230.02,298.23,7.14,449.48,49.12,651.28,235.94,449.5,279.11,128.51,134.56,43.92,2.74
2026-10-05 19:25,27.84,32.97,36.26,36.08,50.0,53.4,51.62,54.39,39.08,51.57,52.01,41.95,55.77,45.76,30.0,44.69,35.75,42.54,47.01,51.3,52.96,54.18,46.69,54.05,55.17,44.73,46.72,46.57,45.56,46.39,43.53,48.41,47.94,434.41,249.78,138.49,273.28,281.01,388.55,557.99,624.05,32.15,328.49,307.32,25.48,425.78,17.52,74.9,156.04,35.67,76.02,64.14,83.42,62.6,62.41,258.1,102.78,72.84,192.28,123.45,143.06,71.12,123.17,45.57,261.07,9.48,844.28,143.8,214.34,288.34,55.55,319.54,216.24,232.46,54.62,200.22,27.06,52.46,82.8,700.64,279.09,400.84,31.7,478.79,103.71,111.81,943.91,653.72,175.14,9.52,88.11,90.83,402.43,238.06,168.49,192.8,347.31,21.84,54.12,33.63,143.2,48.02,213.5,174.36,30.79,108.33,82.42,159.89,146.93,366.74,57.45,455.64,162.76,432.42,133.28,122.95,126.94,43.98,2.75
2026-10-05 19:30,27.73,32.89,36.2,35.76,49.81,53.15,51.32,54.08,39.08,51.32,51.8,41.81,55.56,45.44,29.64,44.4,35.43,42.23,46.81,51.17,52.75,53.93,46.4,53.81,54.85,44.5,46.47,46.36,45.4,46.2,43.44,48.22,47.8,369.34,258.67,457.97,254.61,189.47,667.62,299.5,576.5,106.63,739.4,283.06,48.46,287.09,128.18,222.19,133.09,80.29,99.74,54.08,67.59,50.12,15.96,270.18,926.03,31.45,635.85,278.83,115.92,82.41,138.14,63.09,589.64,28.11,679.52,246.43,367.3,19.75,57.52,272.55,240.72,398.34,85.97,269.16,26.49,89.9,202.19,955.7,185.04,173.09,231.89,536.97,235.43,228.8,988.11,526.14,161.8,10.97,151.39,300.41,185.69,178.34,174.48,402.49,665.71,41.54,49.84,28.68,137.51,158.81,241.86,487.03,14.21,92.4,273.35,192.68,78.87,605.39,77.23,621.52,339.79,569.08,310.1,133.68,139.02,43.9,2.75
2026-10-05 19:35,27.8,32.94,36.25,35.77,49.81,53.14,51.32,54.09,39.08,51.31,51.88,41.85,55.55,45.47,29.66,44.4,35.44,42.24,46.82,51.17,52.75,53.88,46.41,53.78,54.87,44.53,46.53,46.42,45.45,46.26,43.46,48.28,47.84,394.59,26.68,515.03,293.98,226.78,846.59,349.36,811.7,209.81,870.78,356.52,129.18,343.62,105.64,144.01,73.07,94.55,318.47,142.76,52.22,41.86,36.41,198.3,546.71,97.55,715.07,112.77,89.56,115.23,153.21,38.92,238.48,18.22,247.87,116.02,172.93,121.52,5.93,149.63,44.36,187.55,13.76,161.04,19.75,42.33,365.83,371.5,210.02,536.83,191.1,595.55,203.41,74.45,725.21,191.93,227.81,2.97,191.97,96.72,371.36,196.62,18.0,185.6,368.12,110.72,62.78,15.75,208.92,51.13,292.0,246.17,28.41,50.73,537.85,19.6,92.0,604.9,46.21,241.6,156.68,772.4,293.07,130.62,138.48,43.9,2.76
2026-10-05 19:40,27.83,32.98,36.28,35.98,49.89,53.23,51.5,54.26,39.08,51.52,51.98,41.91,55.65,45.67,29.89,44.55,35.65,42.42,46.9,51.23,52.84,54.02,46.57,53.92,55.06,44.68,46.68,46.53,45.52,46.35,43.51,48.36,47.9,431.83,379.68,211.6,288.48,0.0,421.21,101.31,699.24,94.91,871.24,342.21,143.44,0.0,44.25,83.75,25.58,94.6,80.83,240.67,89.19,19.64,18.35,295.78,249.05,63.83,293.79,194.29,152.97,169.21,92.37,82.02,410.87,10.6,427.31,296.97,442.63,303.8,84.43,52.38,325.54,480.05,32.7,208.65,24.58,108.34,321.32,414.77,202.35,351.25,80.04,359.06,47.85,14.07,1081.74,330.87,196.24,9.82,95.51,106.46,257.95,100.21,256.11,445.39,322.55,122.95,60.26,5.51,279.66,56.28,98.22,282.2,19.74,17.76,243.32,258.53,26.68,255.86,59.87,269.74,376.01,448.16,88.57,125.31,133.87,43.95,2.77
2026-10-05 19:45,27.82,32.96,36.27,35.99,49.89,53.26,51.54,54.3,39.08,51.48,51.95,41.89,55.68,45.67,29.89,44.6,35.65,42.45,46.89,51.25,52.86,54.06,46.6,53.95,55.08,44.66,46.65,46.5,45.5,46.33,43.49,48.34,47.89,499.17,285.79,103.53,320.18,120.12,534.1,163.23,799.12,105.45,1185.13,271.41,120.27,182.01,148.85,314.28,156.55,128.68,277.6,147.8,43.07,15.97,32.09,151.81,622.41,56.23,143.75,209.03,73.86,177.77,153.25,54.57,442.04,39.77,314.98,236.23,352.09,190.66,63.55,320.58,240.1,381.85,42.99,350.29,25.71,86.18,200.95,712.7,104.74,309.44,269.28,595.71,219.02,157.78,555.22,243.89,224.28,3.97,121.11,178.1,288.39,206.21,192.78,94.22,399.91,103.08,47.79,33.74,90.65,94.15,60.07,365.23,22.06,108.69,270.33,39.86,42.98,577.48,100.5,463.48,79.54,664.28,151.2,127.02,133.51,43.95,2.77
2026-10-05 19:50,27.84,32.97,36.28,35.89,49.87,53.23,51.43,54.19,39.08,51.38,51.89,41.85,55.63,45.57,29.8,44.5,35.56,42.34,46.88,51.22,52.83,54.0,46.51,53.89,54.97,44.59,46.57,46.44,45.46,46.27,43.47,48.29,47.86,427.79,313.51,88.31,315.84,212.87,76.79,8.64,894.88,76.75,249.75,188.84,86.7,322.54,78.68,269.35,132.81,27.12,214.71,309.43,28.14,15.42,33.8,237.81,555.86,84.73,122.61,237.52,48.27,190.11,176.89,59.28,502.29,34.08,830.16,219.61,327.33,214.53,69.72,271.97,265.56,355.0,18.32,207.17,27.23,80.11,154.59,687.72,166.2,466.28,142.33,687.63,261.18,92.14,869.72,642.79,251.15,9.82,17.41,216.21,281.19,184.05,211.48,422.91,487.77,74.31,33.25,28.62,197.57,114.3,234.33,154.74,21.51,92.2,196.74,150.7,2.27,211.66,59.44,447.24,357.03,354.37,0.0,130.33,135.26,43.93,2.78
2026-10-05 19:55,27.85,32.98,36.29,35.71,49.78,53.12,51.26,54.04,39.08,51.23,51.79,41.78,55.51,45.42,29.6,44.33,35.39,42.17,46.79,51.15,52.73,53.89,46.35,53.78,54.81,44.47,46.45,46.34,45.37,46.17,43.43,48.19,47.77,386.76,167.55,458.32,271.4,335.45,309.56,661.73,605.13,153.54,237.19,233.48,175.26,508.27,28.36,234.47,43.35,25.75,235.32,199.5,91.37,5.69,31.8,109.41,920.11,44.12,636.34,316.92,156.7,108.33,152.85,117.99,670.19,29.67,379.18,283.06,421.9,147.36,37.26,88.78,170.42,457.56,70.72,343.23,21.97,103.26,488.49,93.06,153.13,242.82,51.3,594.15,34.68,40.74,400.15,293.6,169.83,5.66,70.19,206.56,199.23,182.51,113.02,482.86,275.31,150.22,41.11,9.34,145.23,109.2,82.41,345.81,15.24,30.1,393.6,74.68,174.25,258.55,98.48,60.52,407.64,434.28,101.56,135.23,140.64,43.89,2.79
2026-10-05 20:00,27.86,32.98,36.29,35.89,49.9,53.29,51.43,54.2,39.08,51.43,51.94,41.89,55.65,45.57,29.78,44.51,35.56,42.35,46.91,51.23,52.85,54.04,46.52,53.92,54.97,44.61,46.62,46.48,45.5,46.32,43.49,48.34,47.88,323.14,261.88,114.82,235.94,66.84,841.45,360.27,807.02,43.16,681.29,267.86,140.72,101.28,27.7,271.26,201.24,73.98,83.59,144.04,74.89,2.2,56.73,197.55,821.58,96.09,159.42,160.71,128.44,37.93,64.41,107.66,339.84,34.32,620.37,250.06,372.72,43.65,58.24,412.11,242.67,404.22,117.63,13.08,26.11,91.22,101.65,549.05,204.63,528.78,50.11,250.38,280.73,158.49,722.48,480.35,226.49,10.58,190.81,153.65,60.7,158.39,176.65,426.03,545.67,120.61,47.17,43.37,182.77,81.23,175.13,320.63,4.64,139.72,110.65,250.75,94.87,441.15,3.75,357.06,359.66,1003.36,209.9,127.99,133.58,43.92,2.79
2026-10-05 20:05,27.92,33.06,36.35,36.14,49.99,53.36,51.65,54.42,39.08,51.62,52.09,41.97,55.79,45.8,30.06,44.74,35.8,42.58,47.0,51.31,52.96,54.14,46.73,54.06,55.21,44.78,46.79,46.63,45.6,46.45,43.55,48.48,47.99,491.22,348.92,309.44,316.27,128.22,913.59,537.83,663.75,64.25,15.52,102.37,17.42,194.29,89.16,115.47,202.53,1.69,221.67,167.58,117.8,0.0,14.6,0.0,812.39,59.93,429.62,21.9,202.03,135.9,13.91,61.93,46.31,14.61,468.27,140.84,209.92,82.04,77.59,414.75,310.18,227.66,52.77,241.51,25.88,51.38,239.82,781.68,143.35,329.77,161.29,54.06,0.0,62.72,0.0,362.58,186.28,6.45,207.16,17.25,331.68,147.61,235.36,60.23,329.66,14.93,18.03,43.65,231.74,9.12,316.87,321.74,25.38,140.61,164.71,106.12,141.63,279.95,69.3,508.35,50.84,829.6,144.65,119.8,127.08,43.98,2.8
2026-10-05 20:10,27.83,32.99,36.3,35.94,49.92,53.29,51.48,54.24,39.09,51.46,51.93,41.88,55.67,45.62,29.84,44.58,35.61,42.39,46.92,51.25,52.87,54.06,46.56,53.95,55.01,44.63,46.63,46.48,45.47,46.29,43.47,48.31,47.87,472.72,79.13,320.39,294.42,187.8,166.49,593.96,739.16,203.59,381.85,342.7,215.69,284.55,99.95,178.18,223.84,41.46,413.83,148.55,69.22,0.0,55.53,258.43,357.2,74.87,444.84,283.22,118.71,146.84,124.83,69.79,598.92,22.54,79.64,182.03,271.32,183.73,17.6,458.38,80.9,294.25,68.16,93.7,31.42,66.41,349.15,930.68,126.48,412.03,180.8,485.23,216.69,173.79,945.12,61.66,207.45,9.84,37.75,0.0,82.78,169.68,53.38,14.12,399.29,184.87,60.34,48.24,162.58,0.0,178.51,179.25,6.33,155.4,521.92,56.3,156.41,327.67,26.89,605.25,11.92,121.95,385.12,128.0,132.25,43.93,2.81
2026-10-05 20:15,27.92,33.04,36.34,35.98,49.91,53.28,51.51,54.27,39.06,51.41,52.01,41.92,55.67,45.68,29.88,44.58,35.65,42.42,46.93,51.24,52.87,54.04,46.58,53.94,55.06,44.66,46.68,46.54,45.55,46.38,43.51,48.41,47.93,429.81,205.25,294.24,317.29,482.75,431.36,538.91,413.92,46.57,856.89,493.5,172.99,731.46,0.07,195.73,71.87,93.04,81.5,245.28,66.48,0.0,8.47,251.17,160.25,69.38,408.52,40.8,114.01,173.8,198.98,119.14,86.28,24.77,333.76,163.31,243.41,150.39,45.64,147.18,193.88,263.98,47.35,242.1,24.56,59.57,277.36,85.31,144.74,381.82,0.12,773.5,128.93,126.16,918.58,258.43,116.17,14.88,97.81,290.46,302.22,226.08,138.45,309.06,22.82,148.27,86.9,15.49,186.01,153.55,181.59,466.3,23.12,49.9,119.4,205.94,141.91,399.73,69.46,55.48,260.92,620.9,89.3,125.5,132.3,43.94,2.82
2026-10-05 20:20,27.92,33.05,36.35,36.13,50.04,53.44,51.67,54.43,39.07,51.62,52.11,42.0,55.81,45.82,30.04,44.72,35.8,42.59,47.05,51.33,53.01,54.22,46.73,54.1,55.21,44.8,46.82,46.65,45.62,46.47,43.55,48.5,48.0,456.63,9.37,183.22,306.87,301.19,855.13,79.6,559.44,104.13,870.68,278.68,101.81,456.36,111.67,33.2,149.75,94.54,311.45,156.8,69.69,0.0,44.98,60.66,788.03,39.19,254.38,115.33,119.51,126.98,137.41,84.53,243.88,4.2,0.0,245.67,366.17,144.94,2.08,306.66,20.41,397.12,74.31,84.62,23.19,89.62,334.29,466.41,135.19,215.66,202.0,534.13,312.0,145.33,221.86,0.0,157.01,8.45,193.91,74.43,170.79,135.53,6.32,268.13,277.88,87.26,49.07,32.27,212.3,39.35,103.69,528.88,13.07,103.97,266.95,115.02,20.96,328.64,24.28,303.32,226.36,733.24,248.72,119.02,123.7,43.97,2.82
2026-10-05 20:25,27.93,33.06,36.36,36.19,50.04,53.43,51.72,54.48,39.08,51.69,52.18,42.03,55.84,45.88,30.1,44.79,35.86,42.64,47.05,51.34,53.01,54.25,46.78,54.14,55.27,44.84,46.87,46.71,45.66,46.54,43.57,48.57,48.06,373.95,89.34,292.18,296.73,115.01,0.0,453.51,378.21,0.0,640.28,217.79,0.0,174.27,66.75,113.81,214.62,69.52,257.94,161.3,41.0,0.0,23.13,188.78,480.64,123.8,405.66,121.28,70.31,153.72,183.85,97.28,256.47,14.4,634.32,294.5,438.95,122.89,19.87,439.51,90.29,476.06,0.0,227.9,24.37,107.43,304.09,857.76,262.0,681.29,120.75,714.68,269.2,16.84,690.42,491.15,106.15,4.76,0.0,215.03,301.87,232.09,60.26,85.77,172.34,0.0,38.35,46.26,176.17,113.68,134.82,224.45,23.1,149.0,0.0,0.0,119.42,371.94,65.39,557.82,72.41,154.9,132.15,116.44,123.69,43.98,2.83
2026-10-05 20:30,27.93,33.06,36.36,36.15,50.04,53.45,51.66,54.42,39.08,51.63,52.1,42.0,55.82,45.81,30.06,44.75,35.81,42.58,47.05,51.34,53.01,54.2,46.73,54.1,55.21,44.79,46.81,46.64,45.63,46.46,43.55,48.49,48.0,433.97,159.63,169.06,312.51,544.97,869.02,374.92,213.6,130.71,901.73,216.33,191.71,825.74,133.38,84.9,0.0,97.91,114.63,106.59,30.62,0.0,18.78,207.52,629.16,27.58,234.72,57.37,52.52,88.24,25.99,120.63,121.32,10.74,487.38,152.38,227.12,92.76,35.5,0.0,149.19,246.31,50.33,359.89,24.66,55.59,138.83,647.69,77.95,151.8,241.28,101.04,263.78,91.23,758.94,377.38,59.95,9.98,197.06,127.13,236.79,106.96,107.68,333.52,266.59,164.31,38.09,0.0,90.59,67.21,65.13,236.93,18.12,0.0,335.07,211.41,98.73,337.47,103.26,421.21,281.56,636.51,248.36,119.1,124.63,43.97,2.84
2026-10-05 20:35,27.93,33.05,36.36,36.16,50.04,53.43,51.67,54.43,39.08,51.63,52.11,41.98,55.82,45.81,30.08,44.78,35.83,42.59,47.05,51.34,53.01,54.25,46.75,54.13,55.21,44.78,46.81,46.64,45.6,46.46,43.54,48.49,48.0,404.31,244.88,185.79,304.4,657.44,453.1,457.88,622.4,102.12,142.57,288.36,122.49,996.16,63.35,183.32,216.52,15.48,145.73,50.96,55.91,0.0,22.96,228.21,237.54,9.98,257.96,176.13,95.89,226.89,218.22,59.78,372.47,23.19,527.05,116.79,174.07,86.55,54.46,443.39,205.65,188.78,63.7,306.36,17.11,42.6,297.85,674.02,7.84,54.94,114.6,848.29,142.89,4.99,834.61,408.09,174.68,10.88,102.74,130.97,125.59,239.65,165.18,124.54,656.81,104.99,50.78,46.66,176.35,69.24,45.93,531.25,9.61,150.32,261.8,74.68,120.57,50.55,87.9,438.33,105.14,507.35,286.27,120.47,123.91,43.97,2.85
2026-10-05 20:40,27.95,33.09,36.39,36.05,49.95,53.33,51.57,54.32,39.08,51.53,52.03,41.95,55.73,45.72,29.96,44.68,35.72,42.49,46.96,51.28,52.91,54.1,46.66,54.0,55.11,44.71,46.72,46.57,45.56,46.4,43.53,48.43,47.95,393.96,27.27,325.09,285.15,212.03,686.63,332.87,479.39,120.85,723.11,427.23,82.14,321.27,38.1,213.64,106.45,78.52,0.0,135.94,50.19,0.0,53.72,229.35,436.93,10.59,451.36,146.03,86.08,157.91,161.16,47.09,308.81,27.03,285.49,298.97,445.62,27.34,6.06,217.99,29.17,483.29,47.92,67.58,19.48,109.07,207.7,605.61,117.9,58.3,68.92,626.49,97.86,217.28,838.76,221.05,134.54,11.89,155.7,50.5,292.91,204.59,18.39,87.75,281.81,70.4,75.23,22.94,119.33,26.7,185.81,196.99,22.41,73.91,309.81,184.23,87.65,90.08,19.39,393.84,74.08,700.84,189.13,123.17,129.27,43.95,2.86
2026-10-05 20:45,27.96,33.08,36.38,36.11,49.99,53.37,51.64,54.4,39.07,51.59,52.09,42.0,55.78,45.78,30.02,44.71,35.77,42.56,47.0,51.31,52.95,54.17,46.71,54.06,55.19,44.77,46.79,46.63,45.62,46.46,43.55,48.48,47.99,414.66,275.84,375.98,390.24,254.02,295.4,265.61,843.55,126.17,936.55,237.61,100.88,384.89,51.84,0.0,218.71,101.69,81.69,218.98,66.73,0.0,40.63,250.18,210.86,93.02,522.01,134.23,114.44,191.82,108.69,73.76,283.85,0.0,439.94,55.79,83.16,189.02,61.34,447.87,250.65,90.19,0.0,224.59,16.29,20.35,30.92,542.78,153.74,511.89,93.77,422.49,94.0,142.67,914.96,340.64,236.75,11.65,66.98,114.12,117.83,53.19,186.07,241.07,488.95,86.47,41.84,47.14,166.93,60.33,139.87,364.09,9.01,151.84,323.43,205.88,69.94,340.62,64.44,352.98,203.52,359.81,124.83,119.76,126.42,43.96,2.87
2026-10-05 20:50,27.92,33.07,36.37,36.07,50.02,53.42,51.61,54.37,39.08,51.58,52.07,41.97,55.79,45.74,29.97,44.69,35.74,42.52,47.02,51.31,52.98,54.18,46.69,54.06,55.15,44.75,46.76,46.61,45.6,46.44,43.54,48.47,47.98,450.26,125.19,0.0,343.63,272.12,480.06,217.65,377.52,191.25,248.17,229.23,78.91,412.32,57.37,256.0,49.44,26.95,193.93,123.94,52.6,0.0,39.81,286.62,725.01,72.26,0.0,189.82,90.21,95.49,193.79,76.29,401.4,32.39,663.81,352.19,524.94,134.99,27.84,101.24,134.18,569.3,47.13,188.39,16.49,128.48,341.95,617.34,214.17,397.64,103.78,753.3,98.33,91.93,1048.22,513.99,105.95,0.72,108.86,168.06,385.57,164.05,84.45,186.14,489.19,67.63,40.36,10.65,264.66,88.85,201.44,158.96,29.5,34.32,490.27,224.73,57.31,242.33,54.05,401.47,157.15,513.16,134.6,121.82,125.8,43.95,2.87
2026-10-05 20:55,28.01,33.12,36.42,36.24,50.05,53.42,51.73,54.5,39.09,51.73,52.15,42.04,55.85,45.91,30.16,44.83,35.91,42.66,47.06,51.35,53.02,54.22,46.81,54.14,55.29,44.86,46.89,46.7,45.66,46.51,43.58,48.54,48.04,398.25,196.89,313.93,393.42,220.35,25.27,265.99,838.17,137.68,765.18,246.98,88.08,333.88,108.59,84.77,99.1,83.09,209.63,50.74,56.85,0.0,19.03,99.41,208.1,79.24,435.86,232.14,97.5,244.54,4.23,47.18,490.91,10.73,428.64,118.91,177.24,68.56,43.79,202.95,186.98,192.22,74.51,284.37,15.41,43.38,149.39,323.84,193.79,436.04,196.44,16.45,86.48,138.18,363.58,331.89,235.24,9.37,5.73,208.04,138.44,145.49,132.81,185.84,235.07,75.49,43.49,21.36,100.66,109.98,234.82,409.45,10.59,68.8,352.94,155.04,70.04,340.44,81.59,210.6,156.89,28.65,5.38,116.05,123.04,43.98,2.88
2026-10-05 21:00,27.98,33.12,36.41,35.99,49.98,53.37,51.52,54.28,39.08,51.46,51.97,41.9,55.73,45.66,29.89,44.63,35.65,42.44,46.99,51.28,52.92,54.1,46.61,53.99,55.06,44.66,46.66,46.52,45.52,46.34,43.5,48.36,47.9,393.07,308.71,213.26,360.71,164.83,761.22,392.99,345.28,35.96,330.89,362.47,179.62,249.76,24.36,114.38,264.91,35.93,197.74,138.16,43.6,0.0,33.69,143.22,444.84,55.33,296.1,116.4,74.78,51.98,190.12,105.98,246.14,14.47,467.28,47.33,70.54,0.0,68.65,542.48,274.25,76.51,103.06,256.62,15.56,17.27,147.5,957.42,159.47,304.47,44.07,739.05,162.57,149.56,523.79,361.81,96.9,9.02,172.61,159.43,193.88,164.02,208.24,43.05,164.31,153.96,63.83,57.09,118.01,84.28,243.91,500.38,14.83,183.92,92.19,133.9,103.48,488.76,73.63,622.64,36.34,755.42,251.75,125.96,129.38,43.92,2.89
2026-10-05 21:05,27.98,33.1,36.41,35.95,49.91,53.28,51.51,54.27,39.07,51.42,51.94,41.88,55.68,45.63,29.86,44.57,35.62,42.42,46.93,51.25,52.87,54.07,46.58,53.94,55.04,44.64,46.63,46.49,45.48,46.31,43.48,48.33,47.89,369.79,116.74,440.9,444.52,236.24,414.19,295.13,803.07,129.05,464.01,354.54,0.0,357.95,9.48,86.77,116.06,50.38,184.68,149.5,47.0,0.0,53.13,114.93,427.09,87.85,612.15,178.6,80.61,213.73,112.69,52.57,377.68,10.98,450.59,86.49,128.91,255.79,25.96,237.66,105.53,139.81,58.11,237.1,15.1,31.55,179.04,744.52,99.5,483.45,17.15,438.05,239.67,157.45,420.33,348.89,225.38,9.11,93.92,124.7,221.32,154.73,78.74,188.97,508.79,0.0,62.43,25.01,150.14,65.92,219.22,837.39,16.93,80.57,330.83,139.01,77.72,397.85,68.03,484.18,159.53,501.85,181.13,127.44,132.31,43.91,2.9
2026-10-05 21:10,27.99,33.13,36.43,36.26,50.08,53.5,51.76,54.53,39.09,51.75,52.17,42.04,55.88,45.93,30.18,44.85,35.93,42.69,47.1,51.37,53.05,54.27,46.84,54.17,55.32,44.88,46.89,46.71,45.66,46.52,43.58,48.55,48.04,446.78,50.86,382.46,568.71,220.16,673.68,396.03,573.94,59.81,745.17,15.41,125.42,333.59,84.29,88.42,168.34,80.91,234.98,185.09,23.95,0.0,33.01,201.8,756.7,39.27,531.02,49.37,41.08,52.39,114.41,5.02,104.41,11.19,481.36,100.79,150.23,184.18,11.31,344.74,52.32,162.93,21.08,334.86,13.25,36.77,356.82,971.04,40.75,216.13,152.48,444.73,74.04,103.13,738.03,372.72,161.08,9.68,152.76,133.44,118.81,155.64,34.31,320.02,151.6,107.5,2.71,36.28,82.22,70.54,207.43,343.4,9.09,116.87,153.33,342.87,104.28,150.73,96.08,631.49,270.17,588.16,97.77,115.81,121.48,43.98,2.91
2026-10-05 21:15,28.04,33.14,36.45,36.32,50.07,53.47,51.81,54.57,39.08,51.79,52.24,42.1,55.89,45.98,30.25,44.9,35.98,42.74,47.08,51.37,53.05,54.29,46.88,54.19,55.37,44.93,46.97,46.78,45.74,46.6,43.62,48.63,48.1,316.96,208.85,79.33,915.09,210.3,794.59,304.24,520.48,49.55,731.84,296.97,66.56,318.65,72.65,145.31,42.91,79.47,146.97,214.75,19.36,0.0,58.17,74.34,602.95,83.35,110.14,139.2,33.21,222.07,107.26,79.35,294.36,18.39,503.15,256.23,381.9,130.7,46.44,87.87,192.39,414.18,11.0,349.1,13.52,93.47,0.0,317.9,239.72,458.67,131.43,416.96,117.9,105.47,271.88,389.58,146.08,4.51,180.18,128.71,57.43,156.79,140.88,135.84,249.2,57.05,52.29,9.25,74.81,68.04,174.5,433.66,4.39,29.79,127.01,199.22,80.11,237.94,100.16,206.74,114.68,749.03,67.13,111.48,120.53,43.99,2.91
2026-10-05 21:20,28.01,33.11,36.43,36.07,50.01,53.4,51.59,54.35,39.07,51.52,52.06,41.97,55.77,45.74,29.99,44.66,35.74,42.51,47.02,51.31,52.97,54.17,46.66,54.05,55.14,44.73,46.75,46.59,45.59,46.42,43.54,48.45,47.97,417.69,148.79,77.48,1258.15,511.68,422.77,467.15,663.62,41.74,700.79,242.69,82.99,775.3,31.85,161.87,176.13,76.09,165.6,141.84,74.38,0.0,53.49,63.82,640.27,91.65,107.57,89.46,127.56,70.17,133.39,98.33,189.18,20.48,580.77,142.27,212.05,283.18,33.09,360.69,149.36,229.97,30.57,69.41,14.63,51.9,206.76,750.43,150.09,504.33,57.61,518.52,87.73,118.49,233.42,449.69,186.25,1.21,95.87,195.27,238.05,192.09,100.36,399.95,359.02,71.13,42.73,37.96,168.23,103.23,253.76,539.02,18.21,122.28,107.01,84.44,123.01,272.03,19.92,488.02,337.64,567.88,178.03,121.74,126.68,43.94,2.92
2026-10-05 21:25,28.0,33.11,36.44,36.1,50.0,53.4,51.63,54.38,39.08,51.59,52.05,41.98,55.78,45.78,30.01,44.7,35.76,42.55,47.01,51.31,52.96,54.19,46.71,54.07,55.17,44.75,46.76,46.6,45.59,46.42,43.55,48.44,47.97,410.68,115.07,454.58,1490.76,310.16,515.49,376.47,652.86,90.85,537.85,199.47,43.12,469.95,66.38,91.01,83.61,58.4,355.18,193.71,99.65,0.0,44.17,94.69,336.91,35.39,631.14,95.93,170.89,89.28,96.45,49.66,202.87,11.51,210.02,340.5,507.51,102.56,25.59,171.23,114.22,550.4,30.22,210.6,19.13,124.21,375.28,614.71,228.87,194.73,120.08,374.91,136.85,208.83,346.29,162.62,183.23,10.39,116.89,126.43,209.75,272.54,77.62,272.18,326.35,36.96,35.12,18.02,158.59,66.84,203.58,293.45,16.05,58.05,232.89,333.57,99.14,180.6,60.43,399.76,229.78,649.19,113.3,120.65,126.62,43.94,2.93
2026-10-05 21:30,28.01,33.1,36.43,36.04,49.93,53.29,51.54,54.31,39.09,51.57,52.05,41.96,55.7,45.71,29.95,44.63,35.71,42.47,46.94,51.26,52.89,54.06,46.61,53.96,55.1,44.72,46.75,46.59,45.59,46.42,43.54,48.44,47.96,467.42,260.82,130.46,1833.52,340.5,519.22,541.06,572.9,69.95,321.9,354.33,134.89,515.93,119.37,95.63,147.65,34.95,102.53,37.72,47.47,0.0,32.48,114.51,615.04,47.82,181.13,135.57,81.41,179.99,162.16,3.25,286.7,12.1,244.1,337.05,502.37,145.04,58.0,302.37,244.25,544.83,72.3,149.28,15.26,122.96,198.46,279.63,144.12,263.15,215.94,630.37,65.74,97.3,418.8,189.01,160.79,5.01,117.74,221.1,305.54,176.45,175.93,208.71,449.65,115.61,62.39,31.82,69.54,116.89,139.47,707.72,23.38,102.51,179.31,183.78,142.48,270.47,42.83,181.85,176.2,734.15,334.61,121.99,130.47,43.93,2.94
2026-10-05 21:35,28.01,33.12,36.45,36.16,50.04,53.43,51.67,54.42,39.08,51.62,52.1,41.99,55.83,45.82,30.07,44.78,35.83,42.59,47.05,51.34,53.01,54.24,46.76,54.12,55.21,44.79,46.81,46.64,45.62,46.46,43.55,48.49,48.0,432.46,215.88,155.87,1759.12,339.58,584.05,601.11,674.12,73.24,159.57,277.0,66.77,514.53,94.7,103.75,300.04,17.33,239.36,155.08,43.76,0.0,43.05,175.92,279.18,50.56,216.41,143.7,75.04,152.78,157.15,62.93,303.88,13.13,404.04,64.88,96.7,187.33,48.01,614.42,183.9,104.87,48.97,305.28,20.01,23.67,264.03,847.75,6.16,278.21,171.32,610.88,141.39,75.85,643.39,312.85,189.19,12.26,132.44,228.46,157.71,130.7,145.62,82.93,281.15,57.23,48.78,64.66,23.12,120.78,174.16,270.72,12.07,208.3,187.76,180.24,158.29,195.9,87.59,551.31,70.01,621.86,182.44,119.79,124.24,43.95,2.94
2026-10-05 21:40,27.99,33.07,36.45,36.15,49.97,53.34,51.66,54.42,39.08,51.64,52.12,42.0,55.78,45.81,30.07,44.75,35.82,42.58,46.98,51.31,52.95,54.16,46.74,54.07,55.21,44.8,46.82,46.66,45.63,46.48,43.56,48.51,48.02,378.87,209.29,143.56,2854.28,334.26,575.67,148.89,712.17,94.07,309.14,220.2,110.07,506.47,90.63,187.67,172.45,33.57,209.68,150.31,51.26,0.0,28.85,193.45,789.34,33.05,199.32,275.5,87.91,232.83,93.75,0.0,582.6,23.75,222.71,145.7,217.16,52.05,46.54,353.15,182.92,235.52,49.48,126.75,19.83,53.15,299.25,744.11,212.79,181.85,163.94,364.42,40.41,124.68,707.5,172.45,199.87,5.43,130.54,44.16,224.55,53.75,141.17,246.99,424.96,94.34,38.77,37.17,175.4,23.34,168.19,181.83,17.18,119.73,241.16,0.0,39.21,188.07,36.37,483.91,208.51,693.26,68.8,118.58,127.01,43.95,2.95
2026-10-05 21:45,28.06,33.11,36.48,35.99,49.92,53.28,51.51,54.27,39.07,51.5,52.05,41.96,55.69,45.65,29.91,44.59,35.66,42.43,46.93,51.26,52.87,54.05,46.58,53.95,55.06,44.7,46.72,46.58,45.59,46.42,43.54,48.45,47.97,406.39,140.49,103.53,3522.87,144.49,356.02,440.13,73.98,63.47,409.63,26.77,26.72,218.93,35.42,139.21,4.51,44.48,199.38,218.61,94.37,0.0,34.64,146.54,51.3,73.77,143.75,100.18,161.85,142.17,142.13,51.21,211.85,17.61,592.51,197.56,294.46,108.23,31.24,9.24,120.15,319.35,45.21,150.74,20.16,72.07,236.66,508.2,87.27,405.94,64.07,552.5,49.33,141.47,535.93,458.77,20.76,10.11,80.73,191.32,140.8,135.05,94.77,330.16,626.67,22.9,4.71,0.97,160.85,101.14,115.26,404.93,10.77,3.13,162.71,113.7,115.9,353.23,43.25,330.5,278.73,367.7,340.25,121.98,131.64,43.91,2.96
2026-10-05 21:50,28.09,33.13,36.5,36.29,50.08,53.46,51.81,54.57,39.07,51.75,52.19,42.05,55.9,45.97,30.21,44.87,35.95,42.73,47.09,51.37,53.06,54.27,46.86,54.18,55.36,44.9,46.92,46.73,45.69,46.55,43.59,48.58,48.07,409.23,0.0,231.15,3438.05,433.33,25.44,266.15,0.0,28.82,543.98,224.09,114.08,656.59,39.97,145.52,7.03,59.07,15.84,251.73,65.12,0.0,48.14,117.39,343.12,74.66,320.93,81.23,111.69,157.2,0.0,96.08,171.78,18.41,411.51,242.37,361.26,219.27,0.0,14.39,12.14,391.79,98.79,152.16,18.79,88.42,264.35,395.33,173.92,410.83,72.31,0.0,61.08,91.53,429.31,318.63,0.0,9.3,5.77,136.5,197.41,169.98,0.0,139.78,13.17,97.78,39.46,1.51,140.78,72.16,190.94,606.15,15.1,4.88,73.89,159.37,70.08,403.92,43.66,257.09,118.0,18.63,137.11,114.09,120.23,43.97,2.97
2026-10-05 21:55,28.04,33.07,36.47,36.11,50.05,53.46,51.65,54.42,39.07,51.55,52.06,41.98,55.82,45.77,30.02,44.72,35.77,42.57,47.06,51.34,53.02,54.22,46.72,54.11,55.19,44.75,46.77,46.61,45.6,46.43,43.54,48.45,47.97,444.51,228.31,168.45,3272.02,316.78,418.8,269.75,673.9,105.14,291.32,129.41,186.09,479.98,58.65,105.41,161.71,31.63,132.18,150.92,44.18,0.0,65.81,226.01,332.33,81.66,233.88,136.72,75.78,13.71,162.39,67.95,289.12,13.34,390.62,254.47,379.29,86.31,50.77,331.15,212.92,411.35,88.84,354.38,19.22,92.83,281.68,166.19,94.81,449.39,106.09,631.25,87.0,201.4,826.57,302.45,189.13,9.12,94.97,105.91,0.0,196.06,154.0,311.76,509.47,159.5,22.79,34.85,102.2,55.99,177.46,142.42,0.0,112.27,269.52,189.02,71.03,291.84,101.68,108.08,263.19,580.04,308.62,120.89,123.52,43.93,2.98
2026-10-05 22:00,28.06,33.04,36.48,36.33,50.15,53.54,51.83,54.59,39.08,51.8,52.27,42.12,55.95,45.99,30.26,44.92,36.0,42.76,47.16,51.41,53.12,54.37,46.89,54.25,55.38,44.95,46.99,46.8,45.76,46.62,43.62,48.66,48.13,510.15,63.58,16.22,3968.26,566.44,314.61,42.84,955.92,63.75,889.52,121.02,154.79,858.28,26.78,18.76,21.52,96.59,72.63,105.44,37.52,0.0,18.19,158.9,657.99,62.25,22.52,156.74,64.35,165.9,150.63,29.25,331.45,2.37,197.29,121.2,180.64,131.7,14.14,44.07,61.97,195.91,50.79,184.84,16.28,44.21,170.26,414.94,74.18,342.57,48.44,585.55,135.84,16.04,581.12,152.76,268.28,5.98,71.34,78.26,176.7,142.74,42.89,199.76,513.58,132.67,21.31,4.64,74.84,41.37,21.42,517.02,13.52,14.94,163.42,192.77,11.28,356.04,53.04,269.84,168.64,392.76,332.31,109.52,116.55,43.98,2.98
2026-10-05 22:05,28.07,33.08,36.49,36.11,49.99,53.36,51.64,54.4,39.07,51.57,52.07,41.99,55.78,45.79,30.03,44.72,35.78,42.56,46.99,51.31,52.96,54.16,46.71,54.06,55.19,44.76,46.79,46.62,45.6,46.43,43.54,48.46,47.98,435.93,310.58,279.97,3445.43,502.87,327.41,127.47,744.54,37.11,561.7,281.85,108.75,761.96,59.18,28.94,183.64,60.99,206.52,160.03,33.07,0.0,14.95,84.86,274.1,81.35,388.72,157.55,56.71,282.46,68.89,80.68,333.17,3.66,67.21,22.39,33.37,124.18,69.07,376.07,276.4,36.19,60.0,230.24,18.64,8.17,197.52,417.64,184.36,447.64,107.06,267.79,195.02,46.53,310.35,52.04,208.96,11.07,74.24,48.99,186.21,172.88,209.5,231.36,195.64,93.21,49.63,39.58,84.21,25.9,192.54,431.48,14.25,127.5,95.13,190.36,33.57,290.14,66.06,271.6,195.32,618.38,114.59,119.92,126.61,43.93,2.99
2026-10-05 22:10,28.07,33.11,36.49,36.1,49.95,53.3,51.61,54.36,39.09,51.6,52.09,42.0,55.74,45.75,30.0,44.7,35.76,42.54,46.96,51.28,52.91,54.09,46.68,54.0,55.15,44.76,46.79,46.63,45.62,46.46,43.55,48.48,47.99,399.32,297.74,233.23,3108.75,149.41,102.02,454.12,678.59,84.39,827.73,417.58,63.15,226.38,96.58,53.22,243.29,89.88,131.45,99.63,21.75,0.0,30.62,208.83,849.86,54.25,323.81,54.82,37.31,207.68,89.33,66.44,115.92,6.73,172.33,203.45,303.24,20.66,66.21,498.22,251.39,328.87,34.59,107.2,22.59,74.22,181.81,458.16,168.16,298.55,174.72,347.26,30.11,69.02,763.73,133.44,190.45,11.07,23.13,119.5,122.53,221.39,200.84,143.06,589.99,54.12,73.53,52.43,133.03,63.17,113.62,835.21,9.37,168.91,216.33,197.49,119.58,248.4,30.76,297.96,120.77,422.91,115.11,119.73,129.3,43.92,3.0
2026-10-05 22:15,28.07,33.1,36.5,36.37,50.17,53.59,51.89,54.66,39.08,51.86,52.27,42.11,55.99,46.03,30.29,44.95,36.04,42.81,47.18,51.43,53.15,54.4,46.95,54.3,55.45,44.97,47.0,46.81,45.75,46.62,43.62,48.66,48.12,464.33,188.52,108.27,3412.72,495.88,684.75,319.9,722.45,25.11,538.41,149.21,82.85,751.35,95.34,164.67,149.88,58.46,37.94,251.87,59.29,0.0,39.89,232.39,176.73,42.02,150.33,36.32,101.69,20.77,9.25,80.08,76.81,20.84,340.01,115.05,171.48,180.82,41.92,306.94,170.81,185.97,0.0,184.69,21.38,41.97,383.03,587.64,216.96,231.22,172.48,35.97,85.96,147.33,849.9,263.26,202.76,4.83,155.27,170.89,317.71,131.91,127.16,254.53,476.9,71.01,26.27,32.3,155.61,90.34,59.32,205.83,24.31,104.06,64.38,77.96,84.24,417.15,52.99,382.16,214.88,608.77,317.14,110.51,114.63,43.98,3.0
2026-10-05 22:20,28.13,33.19,36.54,36.41,50.11,53.49,51.88,54.64,39.08,51.88,52.29,42.1,55.94,46.06,30.34,44.96,36.08,42.82,47.13,51.4,53.09,54.32,46.95,54.24,55.45,44.99,47.04,46.82,45.74,46.63,43.62,48.66,48.12,417.06,211.18,342.5,2667.12,406.88,264.78,449.81,141.79,66.25,89.36,277.88,117.78,616.51,26.73,131.49,162.69,9.7,76.9,233.59,31.34,0.0,39.72,68.03,465.5,43.96,475.53,167.32,53.76,213.17,101.57,50.73,353.83,16.64,70.94,80.68,120.26,94.86,46.96,333.15,207.0,130.42,18.69,52.87,21.52,29.43,67.93,637.11,84.51,241.89,48.36,394.83,30.6,102.8,248.81,54.93,39.79,7.47,60.04,174.37,180.63,170.67,142.45,274.82,307.72,100.95,48.93,35.06,185.55,92.18,120.38,620.44,13.82,112.95,169.82,88.99,118.45,101.35,15.17,414.33,232.01,393.28,99.67,110.18,117.75,43.99,3.01
2026-10-05 22:25,28.12,33.18,36.53,36.16,50.01,53.38,51.67,54.43,39.08,51.61,52.09,42.0,55.8,45.82,30.08,44.77,35.83,42.6,47.03,51.32,52.99,54.16,46.75,54.07,55.22,44.79,46.81,46.64,45.62,46.46,43.55,48.48,47.99,422.17,131.45,290.97,2308.29,97.42,516.73,186.04,884.64,79.51,462.33,289.72,118.95,147.62,35.28,118.61,46.43,50.2,120.77,142.16,63.18,0.0,17.67,169.36,663.65,52.96,403.99,151.66,108.35,177.24,82.14,104.95,320.72,15.01,521.99,67.5,100.61,66.64,29.23,95.08,124.63,109.11,20.72,235.29,20.03,24.62,137.02,205.27,95.43,291.42,63.83,319.29,169.5,53.71,619.38,404.18,248.28,9.25,117.17,142.56,101.17,174.35,88.67,129.33,356.17,101.95,51.02,10.01,210.61,75.36,195.87,722.92,7.74,32.23,203.82,162.19,48.99,367.68,67.51,133.49,109.18,618.33,43.57,119.57,125.27,43.93,3.02
2026-10-05 22:30,28.1,33.16,36.52,36.31,50.08,53.45,51.8,54.56,39.08,51.77,52.21,42.07,55.89,45.98,30.22,44.88,35.97,42.73,47.09,51.38,53.06,54.29,46.86,54.19,55.36,44.92,46.94,46.75,45.7,46.56,43.59,48.59,48.07,418.95,132.08,388.0,2370.24,206.06,305.95,311.93,737.16,140.87,565.52,175.61,27.52,312.22,76.93,66.47,122.18,61.41,69.28,202.34,60.69,0.0,36.84,157.81,597.21,34.23,538.7,218.66,104.09,294.54,164.03,51.6,462.4,8.41,249.66,232.67,346.79,136.84,29.37,250.21,135.23,376.11,13.01,225.94,15.47,84.88,71.51,427.69,231.15,188.34,139.17,637.61,154.93,204.65,577.13,193.31,206.89,7.04,69.38,25.35,224.45,152.48,89.1,286.02,258.75,23.59,30.92,26.33,45.87,13.4,57.61,547.62,17.17,84.83,361.13,154.42,82.14,261.43,64.83,278.14,241.46,367.78,256.76,113.19,120.38,43.96,3.03
2026-10-05 22:35,28.13,33.23,36.55,36.24,50.03,53.41,51.74,54.5,39.08,51.73,52.22,42.07,55.84,45.9,30.16,44.82,35.9,42.67,47.04,51.35,53.01,54.21,46.81,54.12,55.29,44.88,46.92,46.75,45.72,46.58,43.59,48.61,48.09,356.28,179.44,195.07,1816.58,0.0,623.65,261.88,144.61,38.31,563.33,387.47,56.69,0.0,81.54,205.09,200.92,61.17,150.6,117.11,83.61,0.0,38.56,181.36,607.63,94.07,270.84,86.65,143.39,311.69,144.2,69.25,183.23,25.95,494.36,167.17,249.17,121.66,39.9,411.45,169.05,270.23,13.69,225.59,20.86,60.99,292.12,275.61,160.38,517.65,147.51,560.54,185.28,168.87,663.26,382.78,40.59,5.19,141.42,184.6,232.22,150.44,121.04,257.19,293.85,48.59,68.23,43.3,131.56,97.59,118.36,631.76,17.77,139.49,98.22,174.24,68.96,336.28,64.73,179.24,217.13,727.19,192.19,114.25,123.12,43.95,3.03
2026-10-05 22:40,28.19,33.29,36.6,36.52,50.22,53.65,52.0,54.76,39.09,51.97,52.37,42.16,56.06,46.16,30.45,45.09,36.18,42.94,47.23,51.47,53.21,54.48,47.06,54.38,55.56,45.07,47.12,46.9,45.81,46.71,43.64,48.74,48.18,372.88,81.69,89.33,1356.86,284.44,320.47,374.48,135.41,97.82,669.13,218.56,113.16,430.98,111.29,152.09,80.85,72.66,208.9,154.86,68.47,0.0,53.53,116.81,295.38,47.21,124.03,86.53,117.42,184.0,40.91,59.97,182.99,19.24,419.54,108.31,161.43,52.54,18.17,165.56,88.02,175.08,89.67,46.38,19.8,39.51,272.78,442.99,73.14,259.82,201.32,159.02,129.71,119.45,427.21,324.85,38.0,8.43,72.67,130.36,251.91,65.76,55.11,38.28,452.51,96.99,38.49,17.42,159.43,68.91,145.07,229.87,19.27,56.13,250.76,118.98,98.61,145.3,13.31,288.09,32.31,299.47,110.22,105.86,109.91,44.01,3.04
2026-10-05 22:45,28.17,33.27,36.58,36.31,50.08,53.46,51.81,54.57,39.08,51.77,52.22,42.08,55.89,45.96,30.24,44.89,35.98,42.73,47.1,51.38,53.06,54.3,46.87,54.2,55.35,44.91,46.95,46.76,45.72,46.58,43.6,48.61,48.09,362.97,122.4,161.84,982.26,294.03,315.05,316.3,709.65,93.62,737.3,304.11,46.16,445.52,62.74,145.83,42.09,80.06,183.51,78.01,79.09,0.0,22.0,220.48,653.67,52.04,224.7,152.36,135.64,329.32,102.47,24.13,322.2,18.45,148.23,41.86,62.4,227.09,27.22,86.19,121.75,67.67,68.42,176.06,18.79,15.27,261.96,419.08,111.3,286.4,113.49,398.32,127.32,58.21,806.34,114.78,199.17,4.09,71.44,139.11,178.66,216.99,82.56,259.74,478.96,39.56,53.55,9.07,39.5,73.54,136.68,261.14,13.67,29.22,239.99,212.69,83.29,106.03,50.52,272.54,219.27,536.2,139.44,112.72,119.98,43.96,3.05
2026-10-05 22:50,28.23,33.32,36.62,36.48,50.18,53.59,51.97,54.72,39.08,51.91,52.34,42.13,56.01,46.11,30.4,45.05,36.14,42.9,47.19,51.44,53.16,54.42,47.03,54.32,55.51,45.03,47.08,46.87,45.78,46.68,43.63,48.72,48.16,379.44,113.76,152.59,580.15,380.08,313.21,167.4,445.33,39.88,643.19,112.32,83.14,575.9,71.39,221.97,104.37,69.84,216.82,116.19,28.44,0.0,42.65,55.83,738.98,0.0,211.85,88.67,48.77,99.6,72.85,103.24,187.51,28.09,279.81,235.56,351.1,100.61,25.3,213.73,104.07,380.77,87.5,14.77,17.56,85.93,51.77,518.13,179.8,0.0,129.14,283.19,120.89,99.48,204.2,216.65,124.98,5.88,71.02,110.86,239.25,103.9,76.74,157.94,628.87,71.26,19.78,22.49,95.87,58.61,188.38,464.09,18.3,72.46,102.25,86.11,44.08,172.66,4.24,336.95,133.33,304.11,108.89,107.52,113.03,44.0,3.06
2026-10-05 22:55,28.21,33.33,36.63,36.35,50.13,53.53,51.85,54.6,39.07,51.77,52.24,42.08,55.94,46.0,30.27,44.92,36.01,42.78,47.15,51.4,53.12,54.34,46.91,54.25,55.4,44.93,46.98,46.78,45.71,46.59,43.6,48.62,48.09,452.28,78.74,165.44,480.27,189.23,585.82,284.34,512.98,84.45,385.27,97.5,158.8,286.72,79.05,94.43,75.94,41.83,246.32,114.88,0.0,0.0,27.89,146.0,453.66,60.66,229.7,15.85,0.0,137.03,121.46,80.09,33.51,11.95,510.98,180.05,268.36,183.72,17.51,155.52,82.27,291.04,29.23,68.9,14.98,65.68,142.96,620.25,91.73,333.84,143.01,472.15,23.24,195.35,533.94,395.65,143.97,7.64,132.84,103.66,207.72,190.86,53.11,135.86,362.08,136.1,17.17,16.37,169.98,54.8,76.29,0.0,15.89,52.72,216.48,233.28,74.87,174.06,19.77,403.36,114.69,621.2,96.54,112.72,117.36,43.96,3.07
2026-10-05 23:00,28.22,33.33,36.63,36.4,50.17,53.59,51.89,54.65,39.08,51.85,52.32,42.14,55.96,46.05,30.33,44.96,36.07,42.82,47.18,51.42,53.14,54.36,46.94,54.26,55.45,44.99,47.04,46.85,45.79,46.67,43.63,48.7,48.15,409.17,158.0,98.02,304.84,277.98,545.94,410.55,546.43,87.74,751.09,140.55,0.0,421.2,74.76,89.94,147.79,81.56,127.01,117.02,75.52,0.0,50.05,119.47,379.35,21.42,136.1,0.0,129.52,55.82,175.97,48.09,0.0,11.38,442.95,224.01,333.88,55.11,35.14,302.64,148.09,362.1,37.08,178.47,16.0,81.72,78.95,655.65,81.2,117.87,135.24,684.03,185.36,104.84,436.93,342.97,153.36,0.88,123.8,98.3,76.95,144.01,106.58,268.77,354.1,0.0,24.75,31.85,120.81,51.96,29.15,697.98,5.89,102.6,224.93,148.87,108.11,255.31,51.21,426.38,226.9,690.06,179.41,108.0,114.92,43.97,3.08
2026-10-05 23:05,28.25,33.37,36.66,36.45,50.17,53.57,51.94,54.7,39.09,51.93,52.31,42.12,56.0,46.1,30.38,45.02,36.12,42.88,47.18,51.44,53.16,54.39,47.0,54.31,55.5,45.02,47.06,46.85,45.76,46.65,43.62,48.68,48.14,383.92,121.96,186.19,251.28,476.83,195.86,350.69,356.39,101.67,27.88,0.0,154.49,722.49,71.04,135.72,119.75,3.03,0.0,223.79,18.48,0.0,21.61,129.27,149.21,24.07,258.51,62.52,31.7,219.28,31.14,70.65,132.21,17.17,424.6,164.7,245.49,50.53,27.12,245.23,114.42,266.24,36.45,188.36,18.09,60.08,187.39,731.36,83.95,132.45,128.51,121.05,113.06,131.16,472.77,328.77,100.02,5.77,44.41,11.03,229.47,164.91,82.27,129.58,343.54,132.42,0.0,25.81,168.48,5.83,186.27,458.9,17.56,83.14,260.64,41.99,92.35,182.92,54.04,475.62,109.39,177.44,0.0,108.47,113.8,43.98,3.09
2026-10-05 23:10,28.29,33.41,36.69,36.59,50.23,53.64,52.06,54.81,39.08,52.05,52.47,42.24,56.07,46.23,30.53,45.14,36.26,43.0,47.24,51.48,53.22,54.45,47.11,54.38,55.62,45.14,47.22,47.0,45.9,46.81,43.69,48.85,48.27,459.98,172.69,208.92,291.52,0.0,215.32,367.61,193.86,3.15,103.05,280.45,13.87,0.0,53.34,155.78,153.54,11.19,271.4,108.8,41.56,0.0,47.63,97.8,833.67,36.65,290.06,32.9,71.27,115.58,0.0,43.3,69.58,19.71,261.92,123.46,184.02,101.05,38.4,314.42,162.2,199.57,16.14,90.62,14.98,45.04,260.84,294.36,115.69,201.69,96.49,0.0,94.62,78.26,357.69,202.8,54.41,3.61,48.83,81.6,189.94,273.31,116.49,173.7,328.09,11.89,49.38,33.09,130.09,43.14,109.74,306.37,14.53,106.6,8.07,217.44,96.8,93.23,26.0,191.43,146.64,242.58,127.72,99.31,108.93,44.01,3.1
2026-10-05 23:15,28.31,33.41,36.69,36.36,50.15,53.58,51.88,54.64,39.08,51.82,52.27,42.1,55.96,46.02,30.28,44.94,36.02,42.81,47.17,51.42,53.13,54.35,46.94,54.26,55.43,44.96,46.99,46.8,45.74,46.62,43.6,48.65,48.11,327.31,0.0,104.26,268.22,107.91,354.73,218.09,407.67,66.02,364.9,234.84,120.95,163.5,22.16,141.68,183.72,39.62,210.45,17.19,43.37,0.0,24.01,53.21,172.88,22.44,144.76,103.84,74.39,2.4,21.16,87.15,219.6,17.93,353.26,108.49,161.71,126.52,0.0,376.23,13.54,175.38,49.93,271.52,17.54,39.58,254.23,128.99,170.96,123.5,40.09,82.27,155.98,107.24,194.58,273.53,114.42,3.37,80.44,105.03,176.98,163.5,0.0,229.96,365.06,103.67,41.35,39.6,156.22,55.52,156.14,94.08,13.54,127.55,169.26,115.32,57.43,303.76,77.91,83.88,194.14,541.82,49.38,111.45,115.68,43.96,3.11
2026-10-05 23:20,28.29,33.4,36.69,36.32,50.06,53.42,51.8,54.55,39.08,51.79,52.29,42.11,55.88,45.96,30.24,44.89,35.99,42.73,47.07,51.37,53.04,54.24,46.87,54.17,55.35,44.94,46.99,46.81,45.76,46.64,43.62,48.67,48.13,430.63,29.23,128.92,331.47,329.75,522.31,333.63,162.84,62.7,0.0,175.12,104.91,499.63,34.91,157.64,102.52,0.0,24.85,173.43,20.73,0.0,47.97,165.69,522.86,47.16,179.0,94.41,35.54,317.04,60.79,66.9,199.64,19.95,448.54,114.83,171.15,129.36,6.5,209.93,45.36,185.62,73.14,227.66,21.35,41.89,299.06,145.52,126.72,259.52,63.16,236.29,146.88,63.88,605.98,347.3,45.7,1.72,118.44,122.54,146.56,154.35,19.72,114.23,343.23,89.92,30.84,22.09,41.58,64.78,128.7,331.11,11.21,71.17,160.72,195.76,87.85,271.41,65.32,94.63,96.43,548.25,65.57,110.43,121.06,43.95,3.12
2026-10-05 23:25,28.32,33.43,36.71,36.37,50.11,53.48,51.86,54.62,39.08,51.83,52.35,42.15,55.93,46.02,30.3,44.96,36.04,42.8,47.11,51.4,53.08,54.27,46.94,54.21,55.41,44.99,47.06,46.88,45.81,46.7,43.64,48.73,48.18,457.77,204.78,292.07,301.51,48.04,335.96,423.62,449.28,33.08,190.62,122.46,91.39,72.79,0.48,106.38,148.19,20.7,78.01,115.21,62.44,0.0,51.93,46.54,405.34,39.49,405.52,53.23,107.09,148.79,134.03,37.61,112.55,13.46,64.17,186.21,277.55,176.27,45.54,303.47,185.75,301.01,40.74,95.66,20.58,67.93,322.38,291.07,155.33,217.33,0.86,521.0,77.18,83.22,170.2,49.68,126.09,8.0,76.18,60.9,80.92,159.33,138.13,13.9,251.43,78.33,21.56,31.94,77.88,32.19,2.72,181.79,6.19,102.88,84.81,238.11,111.55,187.18,27.45,189.29,11.73,375.7,11.03,106.53,118.06,43.96,3.13
2026-10-05 23:30,28.29,33.41,36.69,36.26,50.06,53.44,51.75,54.51,39.08,51.72,52.23,42.06,55.86,45.9,30.18,44.85,35.92,42.68,47.07,51.36,53.03,54.24,46.83,54.14,55.3,44.88,46.93,46.76,45.7,46.58,43.59,48.62,48.09,400.08,120.18,163.94,259.39,316.56,216.48,462.25,0.0,58.67,796.23,179.23,20.45,479.66,50.17,144.88,168.58,86.46,117.51,197.48,65.77,0.0,30.22,80.12,464.16,51.55,227.62,148.11,112.8,214.84,79.8,68.0,313.22,18.33,203.18,177.92,265.19,94.1,26.73,345.23,120.99,287.6,14.95,153.92,18.57,64.9,204.64,431.83,96.14,283.67,90.75,310.2,145.76,88.18,293.01,157.32,0.0,3.87,49.09,154.39,141.84,178.64,81.07,82.76,598.37,17.52,31.56,36.33,99.29,81.62,135.07,762.13,10.85,117.04,150.41,144.37,121.72,29.57,44.16,280.83,69.87,348.35,125.78,114.09,122.09,43.93,3.14
2026-10-05 23:35,28.32,33.42,36.72,36.4,50.15,53.54,51.9,54.66,39.07,51.83,52.33,42.14,55.97,46.05,30.33,44.97,36.07,42.83,47.16,51.42,53.13,54.36,46.96,54.28,55.45,44.99,47.05,46.85,45.79,46.68,43.63,48.71,48.16,389.29,49.25,334.2,320.76,364.33,349.11,0.0,552.63,49.06,622.46,299.24,41.37,552.03,9.66,16.1,200.36,67.59,232.9,89.67,1.14,0.0,21.08,130.55,457.99,72.56,464.01,92.14,1.95,278.14,86.77,69.92,194.85,2.04,269.13,199.18,296.87,56.66,10.95,410.29,57.6,321.96,24.12,104.41,19.67,72.66,81.33,266.38,133.24,399.31,17.47,337.29,113.05,144.02,477.45,208.38,155.1,6.34,79.16,173.26,21.35,166.32,33.22,164.8,379.99,35.46,52.69,43.18,78.18,91.59,94.13,25.14,1.63,139.1,125.77,102.58,0.0,130.81,29.96,173.24,139.13,424.39,159.24,108.18,115.56,43.96,3.15
2026-10-05 23:40,28.37,33.46,36.75,36.57,50.28,53.7,52.07,54.81,39.07,51.94,52.39,42.19,56.1,46.21,30.49,45.14,36.23,43.0,47.29,51.51,53.26,54.51,47.12,54.41,55.6,45.09,47.14,46.92,45.84,46.73,43.66,48.76,48.2,388.09,179.68,93.84,306.14,426.58,6.42,350.34,335.04,69.73,233.72,52.28,91.19,646.35,34.19,45.27,25.18,25.38,176.98,109.05,5.0,0.0,21.54,100.82,300.71,9.0,130.29,104.16,8.57,132.72,46.74,97.85,220.27,5.73,116.63,95.48,142.31,134.32,39.96,51.55,164.46,154.34,60.17,226.83,16.91,34.83,179.91,222.58,50.74,49.53,61.86,181.67,132.35,104.71,368.73,90.31,94.03,4.05,1.46,23.71,76.54,199.97,121.2,148.66,210.88,78.16,9.21,5.43,21.51,12.53,117.02,492.22,5.86,17.48,178.75,31.26,92.25,166.03,65.08,144.75,125.5,311.5,145.1,103.16,106.61,43.99,3.16
2026-10-05 23:45,28.36,33.46,36.75,36.66,50.32,53.75,52.16,54.91,39.08,52.08,52.48,42.23,56.16,46.3,30.59,45.22,36.32,43.09,47.33,51.54,53.31,54.57,47.2,54.49,55.71,45.17,47.24,47.01,45.89,46.81,43.68,48.85,48.25,474.49,166.62,301.06,326.84,332.15,303.5,363.79,439.48,0.0,205.33,148.38,68.07,503.28,63.87,62.97,138.18,22.29,0.34,244.6,58.47,0.0,29.29,61.64,379.28,40.04,417.99,48.23,100.28,50.05,87.91,29.97,101.99,7.97,296.7,230.76,343.95,51.87,37.05,282.97,155.94,373.02,20.13,62.94,18.08,84.18,0.0,275.65,82.2,220.36,115.55,341.73,25.94,150.59,225.43,229.73,123.34,3.35,68.82,66.59,0.0,155.34,112.39,239.03,424.91,58.35,26.13,29.78,42.99,35.2,136.42,459.31,0.0,95.94,0.0,67.54,95.79,148.71,18.06,179.26,201.8,368.02,111.38,100.08,102.67,44.01,3.17
2026-10-05 23:50,28.37,33.48,36.76,36.59,50.25,53.66,52.06,54.81,39.06,51.95,52.43,42.22,56.1,46.22,30.52,45.15,36.25,43.0,47.26,51.5,53.24,54.5,47.13,54.43,55.61,45.11,47.17,46.96,45.87,46.77,43.68,48.81,48.24,489.89,182.03,177.52,359.84,312.59,128.58,415.99,186.05,33.62,299.18,216.77,86.69,473.64,107.06,138.56,64.16,32.49,187.08,81.23,45.38,0.0,38.1,172.12,520.94,7.22,246.47,167.68,77.83,221.5,71.36,85.42,354.58,17.53,81.16,77.1,114.91,38.67,40.48,131.39,179.46,124.62,0.0,223.95,18.04,28.12,162.15,299.52,96.47,39.71,193.67,277.39,46.22,144.07,629.47,62.84,52.21,5.95,29.16,107.79,123.54,228.17,122.79,186.07,120.03,74.3,38.17,13.83,14.77,56.98,46.37,3.25,9.45,44.54,86.18,14.51,109.54,49.08,64.26,194.79,157.08,332.9,45.0,101.47,107.9,43.99,3.18
2026-10-05 23:55,28.36,33.47,36.76,36.42,50.16,53.56,51.91,54.66,39.07,51.83,52.31,42.13,55.98,46.06,30.35,44.99,36.08,42.85,47.17,51.43,53.14,54.37,46.98,54.29,55.46,45.0,47.05,46.85,45.77,46.66,43.63,48.69,48.15,438.71,147.66,223.43,348.99,229.4,159.83,192.3,307.06,90.27,691.24,108.28,16.92,347.59,41.95,49.33,159.11,75.06,188.99,227.9,15.29,0.0,39.96,65.06,343.3,62.19,310.22,185.18,26.23,141.56,46.1,79.26,391.59,6.24,265.06,119.67,178.37,79.25,32.84,325.84,142.83,193.45,62.86,141.05,19.63,43.66,123.33,355.38,105.55,342.24,75.88,179.19,174.35,137.13,237.94,205.24,86.18,8.4,36.24,50.88,102.27,121.11,99.6,93.73,270.77,14.5,19.07,34.29,54.63,26.9,175.33,255.58,7.82,110.47,231.41,114.0,50.64,231.42,40.47,231.11,79.13,308.9,161.87,108.21,114.75,43.95,3.19
2026-10-06 00:00,28.39,33.5,36.78,36.56,50.2,53.6,52.02,54.77,39.08,51.99,52.45,42.21,56.04,46.19,30.5,45.12,36.22,42.96,47.21,51.46,53.19,54.41,47.08,54.35,55.58,45.11,47.18,46.96,45.87,46.79,43.67,48.83,48.24,379.38,148.05,0.0,312.94,270.23,458.36,290.54,385.81,9.61,514.16,90.87,47.34,409.45,78.88,92.76,4.76,55.83,116.68,80.56,48.1,0.0,35.38,156.08,791.37,13.67,0.0,85.96,82.5,175.4,56.68,42.38,181.78,11.74,365.96,160.53,239.27,107.14,32.92,9.74,131.85,259.49,42.19,93.65,16.1,58.56,69.36,424.04,78.8,75.24,142.7,220.33,52.62,107.92,570.82,283.36,108.28,0.55,103.94,143.82,127.77,155.13,99.87,17.97,393.95,40.58,16.0,1.02,155.09,76.03,83.46,170.48,9.78,3.3,24.64,59.51,76.51,87.27,26.87,275.76,15.17,701.36,147.73,101.96,111.17,43.98,3.2
2026-10-06 00:05,28.4,33.51,36.79,36.37,50.1,53.49,51.85,54.61,39.08,51.84,52.29,42.12,55.92,46.01,30.29,44.94,36.03,42.79,47.11,51.39,53.08,54.29,46.92,54.22,55.4,44.97,47.01,46.83,45.77,46.65,43.62,48.68,48.14,406.71,95.44,275.54,329.59,276.33,0.0,282.0,220.63,44.06,366.38,217.3,51.03,418.7,75.7,129.68,61.41,39.78,100.27,213.98,58.9,0.0,27.49,134.16,399.57,50.83,382.57,89.33,101.02,147.22,53.05,57.24,188.91,16.41,273.99,180.82,269.52,43.54,21.22,125.75,103.53,292.3,42.57,0.0,14.99,65.96,210.87,267.16,38.75,279.74,136.95,206.2,86.42,113.25,490.64,212.15,61.92,6.81,0.0,90.33,131.71,76.45,64.38,164.08,568.91,43.74,38.26,13.23,65.26,47.75,31.47,122.64,10.08,42.63,112.95,126.19,74.26,194.03,0.0,173.74,138.52,181.52,143.97,109.33,118.26,43.94,3.21
2026-10-06 00:10,28.44,33.54,36.82,36.73,50.33,53.76,52.2,54.95,39.08,52.16,52.56,42.29,56.19,46.35,30.66,45.28,36.39,43.14,47.34,51.55,53.33,54.61,47.25,54.54,55.75,45.24,47.31,47.08,45.96,46.89,43.72,48.93,48.32,392.38,150.73,121.31,304.55,215.11,432.6,231.44,157.5,54.46,453.13,170.32,120.72,325.94,44.2,46.67,57.08,49.2,95.82,107.75,31.08,0.0,19.1,109.54,320.5,19.87,168.43,17.12,53.3,248.27,62.5,128.69,36.2,5.91,173.92,84.22,125.53,0.0,33.52,116.89,139.08,136.15,45.68,91.64,19.28,30.72,128.29,217.86,135.31,109.36,79.96,242.94,144.6,92.03,400.62,134.67,44.2,1.82,98.1,57.48,92.19,46.98,101.67,86.17,444.55,103.47,29.99,12.3,68.93,30.39,38.99,179.82,7.05,39.63,139.61,101.68,60.94,128.83,26.29,141.68,72.75,584.52,167.13,94.38,101.2,44.02,3.22
2026-10-06 00:15,28.44,33.54,36.82,36.75,50.36,53.8,52.24,55.0,39.08,52.15,52.52,42.27,56.22,46.38,30.69,45.31,36.41,43.18,47.37,51.57,53.36,54.62,47.28,54.55,55.79,45.23,47.29,47.05,45.94,46.85,43.71,48.89,48.3,414.34,54.44,150.99,294.27,290.98,254.63,224.95,386.98,47.47,705.95,36.61,74.49,440.89,41.82,33.12,37.56,76.65,136.11,135.77,49.27,0.0,23.03,122.79,481.84,45.44,209.63,37.01,84.5,106.15,22.25,73.59,78.26,4.19,317.33,88.45,131.83,78.84,12.11,76.92,55.4,142.97,0.0,159.47,17.33,32.27,82.29,246.16,149.58,250.08,75.66,86.47,171.55,38.74,449.07,245.7,108.61,5.8,57.74,68.63,126.3,111.7,36.72,56.1,474.49,63.85,6.45,8.1,83.87,36.28,44.33,534.33,9.66,26.08,121.7,72.58,59.24,107.15,45.76,160.09,47.36,304.45,17.62,95.49,99.0,44.02,3.24
2026-10-06 00:20,28.46,33.55,36.83,36.65,50.23,53.63,52.12,54.87,39.09,52.13,52.52,42.26,56.09,46.3,30.58,45.19,36.31,43.06,47.24,51.49,53.23,54.47,47.15,54.42,55.68,45.2,47.27,47.04,45.93,46.85,43.7,48.89,48.3,444.58,182.8,48.57,368.96,30.5,319.75,227.74,278.68,106.84,625.78,206.97,0.0,46.22,62.98,51.72,190.74,67.95,0.0,171.86,36.79,0.0,34.91,70.95,307.21,44.48,67.44,17.35,63.09,338.67,80.1,74.69,36.68,6.54,241.69,85.84,127.94,62.22,40.65,390.6,157.14,138.76,25.32,49.21,15.43,31.31,135.95,82.03,147.55,244.78,113.93,311.36,121.62,43.8,259.48,187.14,78.21,6.59,72.51,79.26,85.24,207.66,123.31,146.06,253.13,0.0,36.44,41.11,18.26,41.9,91.02,442.97,6.52,132.42,273.9,167.42,59.97,198.64,14.12,53.34,123.3,469.59,163.12,96.82,107.52,43.99,3.25
2026-10-06 00:25,28.43,33.54,36.83,36.64,50.28,53.7,52.11,54.87,39.08,52.1,52.5,42.25,56.13,46.28,30.58,45.2,36.31,43.06,47.3,51.52,53.27,54.51,47.17,54.44,55.67,45.18,47.25,47.02,45.91,46.83,43.7,48.87,48.28,421.73,217.86,132.73,349.42,200.09,325.56,360.15,561.48,39.5,521.0,84.04,48.52,303.18,54.88,28.43,130.0,56.57,141.38,117.67,43.99,0.0,16.41,90.36,577.57,65.52,184.28,147.92,75.45,82.77,117.76,30.76,312.81,3.6,313.63,120.31,179.32,86.84,48.45,266.22,192.88,194.48,16.96,167.77,21.33,43.89,226.32,283.16,70.75,360.58,99.29,457.78,30.06,37.67,330.47,242.84,157.58,0.0,73.82,32.14,154.7,138.69,146.96,25.98,274.45,41.58,14.8,28.02,86.03,16.99,49.21,349.89,11.84,90.26,101.27,170.85,94.84,288.95,48.14,184.14,21.94,332.26,133.22,97.86,105.22,43.99,3.26
2026-10-06 00:30,28.47,33.58,36.85,36.56,50.19,53.58,52.02,54.76,39.08,51.98,52.42,42.21,56.03,46.19,30.49,45.11,36.22,42.96,47.2,51.46,53.18,54.38,47.08,54.33,55.58,45.1,47.16,46.95,45.86,46.76,43.67,48.79,48.23,453.22,187.59,69.49,287.03,148.0,25.48,107.86,68.12,77.09,374.85,228.81,73.81,224.25,64.89,50.79,171.51,40.7,183.57,10.62,38.49,0.0,47.34,171.2,516.62,8.93,96.49,140.5,66.01,200.47,89.95,32.79,297.11,6.43,239.48,86.63,129.12,46.51,41.72,351.23,169.83,140.04,18.34,192.15,18.84,31.6,70.83,370.76,26.59,49.15,117.39,349.66,17.18,109.04,626.1,185.42,19.12,4.82,5.78,68.73,142.51,130.81,126.53,116.11,212.56,63.26,40.29,36.96,34.31,36.33,62.38,376.34,10.9,119.08,197.64,118.62,28.4,108.56,55.13,241.12,98.02,223.06,75.4,102.1,111.85,43.97,3.27
2026-10-06 00:35,28.49,33.59,36.87,36.63,50.29,53.71,52.11,54.86,39.07,52.02,52.49,42.25,56.13,46.25,30.57,45.2,36.29,43.05,47.3,51.52,53.27,54.53,47.17,54.44,55.66,45.16,47.23,47.01,45.91,46.83,43.7,48.86,48.27,384.55,10.83,153.54,269.23,114.01,437.74,216.63,365.59,3.67,236.17,190.43,41.96,172.75,18.73,83.29,84.14,25.64,156.69,165.79,0.0,0.0,36.57,79.89,490.3,36.5,213.18,107.2,0.0,154.18,123.57,60.87,226.7,10.54,35.34,45.37,67.63,142.88,2.41,172.3,16.9,73.34,17.67,143.95,17.11,16.55,155.31,417.81,49.23,200.84,33.87,480.35,32.36,0.0,292.16,27.36,102.6,2.53,99.26,0.0,47.97,239.49,7.3,68.14,544.52,35.97,33.53,18.13,46.25,0.0,65.11,459.91,3.67,58.41,9.4,171.82,57.05,199.83,41.3,271.71,57.53,623.24,133.25,97.96,105.13,43.98,3.28
2026-10-06 00:40,28.5,33.61,36.88,36.72,50.3,53.73,52.19,54.94,39.08,52.14,52.53,42.27,56.17,46.35,30.65,45.25,36.38,43.13,47.32,51.54,53.3,54.57,47.23,54.5,55.75,45.22,47.3,47.06,45.93,46.86,43.71,48.89,48.3,407.59,208.54,45.68,286.31,114.77,362.23,162.66,115.67,88.63,582.17,177.08,9.27,173.9,66.22,130.29,146.47,63.21,67.73,25.37,58.25,0.0,25.85,116.01,535.39,47.36,63.43,49.93,99.9,150.18,75.72,22.59,105.59,16.49,148.07,164.63,245.38,95.16,46.37,299.95,183.09,266.12,17.85,138.65,18.4,60.06,23.28,277.79,0.0,260.64,119.8,294.36,0.23,34.34,424.27,114.65,32.46,5.16,82.14,50.06,47.95,128.03,140.67,145.81,378.4,7.94,31.18,31.57,87.96,26.47,86.17,236.0,3.67,101.69,227.21,74.29,42.83,100.0,39.78,180.65,123.1,535.76,56.68,96.12,103.15,44.0,3.29
2026-10-06 00:45,28.5,33.61,36.89,36.61,50.26,53.67,52.08,54.83,39.07,52.04,52.48,42.24,56.09,46.25,30.54,45.16,36.27,43.03,47.27,51.5,53.24,54.49,47.13,54.41,55.64,45.15,47.23,47.01,45.9,46.82,43.69,48.86,48.27,375.28,64.92,248.26,291.52,286.95,249.82,227.36,46.47,65.57,338.86,65.72,13.55,434.79,52.38,69.49,83.01,36.79,93.28,209.63,27.61,0.0,29.59,64.0,519.19,46.42,344.69,86.29,47.34,118.89,102.14,61.06,182.48,8.79,130.75,81.09,120.86,85.43,14.44,169.99,77.2,131.07,35.79,67.66,19.47,29.58,146.05,445.9,59.17,255.43,94.76,397.04,118.9,72.04,234.05,101.24,13.04,4.84,56.65,66.36,56.16,191.47,43.79,152.75,207.39,11.62,11.57,17.89,97.46,35.08,88.94,508.65,4.3,57.63,168.08,181.6,59.87,216.58,19.41,289.98,128.95,228.41,100.1,98.77,107.48,43.97,3.3
2026-10-06 00:50,28.53,33.63,36.91,36.69,50.28,53.68,52.16,54.91,39.08,52.13,52.53,42.27,56.15,46.32,30.63,45.23,36.36,43.11,47.29,51.52,53.28,54.53,47.21,54.47,55.72,45.21,47.29,47.06,45.94,46.86,43.7,48.9,48.31,456.76,49.0,190.43,273.72,206.03,84.69,188.63,371.97,57.65,293.66,65.04,3.67,312.18,40.06,62.25,110.47,31.89,124.68,128.4,23.04,0.0,52.07,74.27,546.97,8.98,264.4,106.87,39.51,223.54,0.0,62.09,226.0,7.88,239.67,145.06,216.21,0.0,10.9,226.22,55.99,234.49,33.05,79.53,16.71,52.92,106.72,277.46,104.26,49.4,72.47,0.0,136.69,63.24,271.62,185.58,104.39,2.03,19.2,56.39,89.65,187.96,33.05,141.66,441.52,3.14,11.45,23.81,57.54,29.81,77.05,233.39,6.86,76.69,147.78,124.2,49.67,93.09,22.82,180.44,119.59,279.44,48.63,95.93,104.8,43.99,3.31
2026-10-06 00:55,28.55,33.65,36.93,36.74,50.29,53.69,52.2,54.95,39.08,52.17,52.56,42.29,56.16,46.39,30.67,45.27,36.41,43.15,47.3,51.54,53.29,54.52,47.24,54.48,55.77,45.25,47.33,47.09,45.96,46.89,43.72,48.93,48.32,417.31,34.47,177.62,277.34,153.57,257.8,360.24,159.58,24.34,229.63,86.64,25.02,232.68,17.36,0.0,100.8,24.93,36.07,90.86,32.36,0.0,20.99,128.52,268.33,27.05,246.61,61.85,55.5,288.8,35.64,67.36,130.79,0.0,216.96,34.43,51.31,81.5,7.67,206.41,45.61,55.65,41.26,98.28,17.62,12.56,148.65,266.3,60.08,148.88,31.4,138.53,75.38,85.54,470.04,167.99,44.79,5.41,58.46,51.54,122.61,141.81,23.25,192.27,11.12,21.44,15.26,21.72,5.95,27.25,114.92,210.15,9.38,69.98,62.4,58.75,94.86,167.5,28.2,173.18,162.32,498.22,104.01,93.8,103.4,44.0,3.32
2026-10-06 01:00,28.55,33.65,36.93,36.69,50.28,53.68,52.14,54.89,39.08,52.1,52.55,42.28,56.14,46.31,30.63,45.23,36.36,43.09,47.29,51.52,53.27,54.52,47.2,54.46,55.7,45.21,47.29,47.07,45.96,46.88,43.72,48.92,48.32,406.08,97.66,227.05,230.44,42.82,102.5,273.61,392.18,42.84,331.3,123.99,52.8,64.88,60.64,67.27,105.01,35.97,186.29,127.75,22.94,0.0,20.43,88.52,612.86,36.35,315.24,50.29,39.35,222.53,50.25,27.07,106.34,8.51,267.67,94.7,141.16,70.0,21.72,215.05,104.01,153.09,43.96,61.34,21.34,34.55,17.5,383.48,73.2,200.02,109.71,195.32,127.93,93.4,323.75,207.26,110.07,4.08,23.24,56.75,102.22,203.36,65.88,128.84,532.92,45.26,21.83,22.63,54.86,30.0,68.07,461.88,7.82,72.91,109.82,123.13,72.05,104.71,17.6,249.39,108.77,426.1,90.03,94.98,104.93,43.98,3.34
2026-10-06 01:05,28.56,33.66,36.94,36.69,50.27,53.67,52.16,54.92,39.07,52.11,52.55,42.29,56.14,46.32,30.63,45.23,36.36,43.11,47.29,51.52,53.27,54.55,47.2,54.48,55.72,45.22,47.3,47.07,45.95,46.88,43.72,48.92,48.32,431.2,74.36,151.84,275.89,138.65,184.03,76.35,168.09,37.89,355.5,143.28,37.51,210.09,48.36,61.9,30.58,38.6,134.39,245.05,13.35,0.0,49.51,36.67,423.93,14.12,210.81,113.23,22.9,313.54,10.74,59.88,239.44,7.83,228.96,155.34,231.54,102.33,16.54,62.61,73.51,251.11,29.31,164.09,23.7,56.67,152.1,390.98,122.48,77.7,87.48,41.74,38.7,90.29,134.1,177.28,47.17,4.25,41.73,78.39,74.19,229.14,50.16,128.28,472.67,32.15,25.23,6.59,63.58,41.44,23.16,378.15,5.68,21.23,97.13,165.97,20.1,152.43,47.08,254.27,108.29,418.84,62.09,94.71,105.33,43.98,3.35
2026-10-06 01:10,28.58,33.68,36.96,36.77,50.34,53.76,52.22,54.97,39.1,52.26,52.62,42.33,56.2,46.4,30.71,45.3,36.44,43.17,47.36,51.56,53.33,54.6,47.26,54.54,55.79,45.29,47.38,47.14,46.0,46.94,43.74,48.99,48.37,452.46,147.71,233.12,279.94,146.54,185.19,241.12,284.36,16.72,322.21,126.25,13.9,222.04,19.52,37.08,62.32,34.99,33.76,203.11,6.83,0.0,49.62,105.51,590.9,23.27,323.67,103.97,11.71,195.41,31.74,40.46,219.86,4.69,204.96,125.47,187.01,57.73,32.85,127.62,129.22,202.81,17.72,58.41,22.78,45.77,121.45,104.63,0.0,128.03,35.31,123.37,130.62,73.39,385.86,158.7,79.81,4.86,41.99,32.58,122.97,141.9,99.64,71.76,472.94,11.91,22.23,13.43,112.78,17.22,109.04,0.0,9.41,43.27,42.85,52.47,63.49,144.63,16.76,68.04,60.59,355.55,143.15,90.75,100.18,44.0,3.36
2026-10-06 01:15,28.6,33.7,36.97,36.73,50.32,53.74,52.19,54.94,39.09,52.16,52.54,42.27,56.17,46.35,30.66,45.26,36.39,43.14,47.34,51.55,53.31,54.6,47.24,54.52,55.75,45.23,47.3,47.06,45.94,46.86,43.71,48.9,48.3,344.22,97.5,226.26,281.53,18.16,281.8,172.24,199.76,24.81,438.17,75.35,75.52,27.51,33.21,52.0,56.96,47.58,135.68,161.09,35.35,0.0,52.37,96.64,629.05,26.98,314.14,3.32,60.63,128.89,36.57,81.5,7.02,6.58,185.85,143.21,213.46,0.0,21.68,116.64,90.03,231.5,39.61,108.82,21.12,52.24,134.61,76.04,40.31,148.5,60.07,142.18,92.42,51.09,353.44,143.91,56.06,3.54,63.9,38.0,113.84,128.23,65.77,54.74,604.35,64.73,13.27,12.28,50.41,20.09,103.4,320.93,8.71,39.55,63.59,75.28,45.36,201.67,31.22,49.45,46.21,478.54,172.99,95.48,101.82,43.98,3.37
2026-10-06 01:20,28.63,33.72,36.99,36.88,50.4,53.84,52.34,55.08,39.08,52.3,52.65,42.34,56.28,46.5,30.82,45.4,36.54,43.28,47.42,51.61,53.41,54.68,47.37,54.62,55.89,45.34,47.44,47.17,46.02,46.97,43.75,49.01,48.38,407.15,126.03,6.8,270.82,82.86,168.94,282.06,212.34,72.89,153.39,114.7,30.18,125.55,67.93,65.42,93.23,16.66,51.99,251.2,34.44,0.0,29.05,64.14,318.87,24.43,9.44,25.44,59.06,133.33,106.57,42.43,53.79,8.28,242.52,49.66,74.02,58.74,28.03,190.92,109.31,80.27,10.56,29.71,18.24,18.12,53.5,0.0,0.0,134.44,122.89,414.28,71.79,38.83,234.57,187.78,59.59,3.77,38.31,54.98,61.72,224.49,85.01,97.05,331.66,25.87,20.2,20.09,70.3,29.06,5.37,591.82,4.72,64.73,186.86,68.74,74.27,153.95,8.52,0.0,81.93,140.58,87.12,88.97,94.7,44.01,3.38
2026-10-06 01:25,28.64,33.73,37.0,36.85,50.37,53.8,52.3,55.05,39.08,52.25,52.65,42.35,56.25,46.46,30.79,45.38,36.51,43.25,47.39,51.59,53.38,54.64,47.35,54.58,55.86,45.33,47.42,47.17,46.03,46.97,43.75,49.01,48.38,385.88,52.3,155.46,262.72,146.35,126.17,127.09,216.07,35.33,110.81,68.59,30.14,221.75,24.28,37.91,22.68,12.03,92.65,117.3,16.58,0.0,32.99,75.2,26.83,22.71,215.84,86.79,28.43,267.48,39.4,60.35,183.53,4.8,223.34,107.87,160.78,60.34,11.63,46.44,58.76,174.37,10.53,82.18,24.11,39.35,82.03,192.4,49.43,125.0,43.93,153.14,40.9,113.72,275.03,172.93,60.64,2.93,28.61,81.72,108.31,128.31,35.28,50.14,481.23,25.83,12.08,4.89,52.89,43.2,21.97,527.0,8.29,15.74,90.58,5.24,33.47,172.96,23.58,125.12,42.33,237.5,130.95,88.65,96.98,44.0,3.4
2026-10-06 01:30,28.65,33.74,37.02,36.98,50.45,53.89,52.42,55.17,39.09,52.42,52.72,42.39,56.33,46.61,30.93,45.49,36.65,43.37,47.46,51.64,53.45,54.74,47.45,54.67,55.99,45.43,47.52,47.24,46.08,47.04,43.78,49.08,48.44,407.78,2.71,34.52,289.21,131.93,105.75,173.03,193.64,26.48,231.11,102.31,59.45,199.89,42.69,64.86,75.58,25.09,35.47,54.97,36.89,0.0,15.14,70.82,399.64,0.0,47.93,99.86,63.27,270.37,77.52,37.68,211.18,8.21,229.19,28.98,43.19,71.38,0.6,154.77,21.54,46.84,38.7,45.16,25.05,10.57,105.4,290.58,38.68,0.0,77.23,301.36,44.69,92.9,259.01,177.46,54.35,3.48,23.98,80.4,104.75,111.56,1.83,0.7,119.9,50.96,18.01,16.29,72.48,42.5,17.3,593.22,8.01,52.47,67.88,63.5,45.56,66.2,12.96,188.97,0.59,222.5,87.82,83.49,90.79,44.03,3.41
2026-10-06 01:35,28.66,33.76,37.03,36.77,50.35,53.79,52.24,54.99,39.07,52.16,52.61,42.32,56.21,46.4,30.71,45.31,36.43,43.19,47.37,51.57,53.35,54.62,47.28,54.55,55.79,45.28,47.37,47.13,46.0,46.94,43.74,48.98,48.36,384.49,114.48,106.17,277.05,135.98,306.67,152.5,157.54,78.42,81.91,122.55,21.92,206.03,39.57,46.2,72.62,8.89,73.62,147.32,13.96,0.0,50.02,15.16,485.54,24.15,147.41,15.92,23.94,149.16,57.27,87.94,33.67,5.85,243.9,103.11,153.68,80.68,25.46,148.72,107.03,166.67,15.46,86.84,25.63,37.61,133.61,179.52,49.19,132.88,71.58,222.61,74.82,65.57,55.44,188.85,44.21,4.17,69.54,49.41,68.1,112.55,77.22,94.9,417.06,18.78,21.58,15.65,60.39,26.12,44.56,409.02,5.21,50.42,201.03,63.41,40.16,93.74,24.92,116.74,80.12,470.04,84.11,91.13,99.56,43.98,3.42
2026-10-06 01:40,28.67,33.77,37.05,36.89,50.38,53.81,52.33,55.08,39.09,52.32,52.69,42.37,56.26,46.51,30.83,45.41,36.55,43.29,47.4,51.6,53.39,54.65,47.37,54.6,55.89,45.37,47.47,47.21,46.06,47.01,43.77,49.05,48.42,359.37,78.38,122.75,314.54,43.98,167.18,162.37,189.74,26.94,254.45,182.37,58.24,66.65,36.34,46.29,82.42,27.63,0.0,106.52,2.09,0.0,39.52,78.06,136.18,2.32,170.42,102.91,3.58,187.16,0.0,50.8,217.63,5.86,81.09,45.71,68.14,70.27,17.43,168.78,81.55,73.9,17.9,81.51,27.48,16.68,144.81,392.38,68.95,12.75,65.74,0.0,47.93,15.7,285.49,62.79,53.25,2.36,37.91,57.27,69.85,141.83,52.87,51.51,252.11,49.92,32.11,17.76,87.57,30.28,52.28,389.94,5.34,57.22,69.06,117.31,42.76,142.68,23.39,255.17,43.49,378.28,150.52,85.77,96.61,44.0,3.43
2026-10-06 01:45,28.69,33.78,37.06,36.92,50.42,53.86,52.36,55.11,39.09,52.33,52.68,42.37,56.3,46.53,30.86,45.43,36.58,43.31,47.44,51.62,53.43,54.7,47.4,54.64,55.92,45.38,47.47,47.2,46.05,47.0,43.76,49.04,48.41,412.2,47.78,24.95,236.66,121.58,265.19,103.52,56.88,43.67,266.09,84.89,42.52,184.22,36.15,56.88,54.17,28.89,67.64,164.42,30.11,0.0,25.91,22.83,463.07,24.55,34.64,42.95,51.64,144.31,19.36,0.0,90.82,7.2,239.61,133.28,198.65,45.7,10.62,110.92,59.07,215.44,21.63,39.93,34.52,48.62,114.27,301.16,66.74,135.1,65.39,75.27,33.52,30.86,83.5,185.53,15.96,0.78,60.13,44.56,73.02,95.13,32.23,131.93,329.87,36.44,14.95,11.67,53.51,23.56,66.59,537.41,5.59,37.61,111.95,105.2,27.26,130.69,11.46,195.85,111.38,423.59,34.5,86.18,93.39,44.01,3.45
2026-10-06 01:50,28.69,33.79,37.06,36.95,50.46,53.92,52.41,55.16,39.09,52.38,52.68,42.37,56.34,46.58,30.9,45.47,36.62,43.36,47.47,51.64,53.47,54.75,47.44,54.68,55.97,45.4,47.48,47.21,46.05,47.0,43.76,49.04,48.41,469.19,118.19,134.81,251.86,93.61,148.76,207.71,264.84,31.79,233.31,67.93,47.09,141.85,49.68,47.83,87.56,25.33,23.24,173.39,25.46,0.0,21.56,89.28,326.89,41.77,187.17,71.76,43.66,113.87,87.55,69.1,151.74,6.05,191.67,69.41,103.46,62.7,26.28,179.31,109.83,112.2,32.53,100.23,33.36,25.32,120.98,72.8,51.08,229.85,89.87,340.33,76.9,83.2,326.53,148.41,74.33,2.75,33.73,47.74,68.01,55.05,79.72,96.37,152.7,40.36,11.96,18.87,23.13,25.24,89.5,564.56,5.2,60.79,81.51,59.84,54.7,63.62,28.76,47.34,81.36,178.94,89.12,85.67,90.32,44.01,3.46
2026-10-06 01:55,28.72,33.81,37.09,37.14,50.55,54.03,52.57,55.32,39.09,52.55,52.84,42.46,56.46,46.76,31.09,45.63,36.8,43.53,47.57,51.71,53.57,54.89,47.6,54.82,56.14,45.55,47.65,47.35,46.16,47.14,43.82,49.19,48.52,475.69,98.77,70.49,293.26,103.45,76.59,25.44,252.65,47.08,137.72,89.0,36.03,156.75,15.59,14.18,82.27,14.95,88.84,237.84,25.78,0.0,11.89,55.33,527.55,35.65,97.87,70.24,44.21,78.92,20.22,63.13,148.54,1.79,138.88,13.01,19.39,71.16,21.97,168.47,93.32,21.03,2.0,51.75,29.44,4.75,57.46,234.23,98.54,196.2,28.2,78.59,36.72,52.17,202.36,107.53,70.91,3.51,17.37,45.47,56.43,43.05,66.63,74.31,182.92,30.88,15.67,17.73,93.23,24.04,2.05,654.86,4.32,57.12,120.68,79.73,6.7,19.4,14.85,152.32,62.73,276.0,74.69,75.38,81.09,44.05,3.47
2026-10-06 02:00,28.74,33.83,37.1,37.01,50.46,53.91,52.45,55.19,39.08,52.42,52.77,42.42,56.36,46.63,30.95,45.51,36.67,43.41,47.48,51.65,53.48,54.77,47.48,54.71,56.02,45.46,47.56,47.28,46.11,47.08,43.79,49.12,48.47,401.15,122.56,71.26,269.66,60.71,23.47,12.94,205.18,31.33,99.32,118.42,69.01,91.98,26.17,31.44,119.12,10.78,33.46,85.7,20.52,0.0,23.41,95.88,199.89,23.13,98.94,58.33,35.19,134.22,39.75,26.28,123.34,3.98,124.66,68.76,102.48,19.19,27.26,243.94,108.79,111.15,12.04,58.81,35.83,25.08,92.62,251.62,56.61,127.29,47.34,154.5,27.54,59.37,350.65,96.53,57.59,2.02,5.32,72.99,34.48,105.87,82.67,47.14,124.45,59.14,20.85,25.67,60.08,38.59,58.66,203.32,2.64,82.7,80.31,78.28,3.41,97.07,16.87,163.63,39.8,232.87,0.0,80.83,89.34,44.02,3.48
2026-10-06 02:05,28.75,33.84,37.11,37.06,50.48,53.92,52.49,55.24,39.09,52.49,52.78,42.43,56.38,46.69,31.0,45.55,36.73,43.45,47.49,51.67,53.49,54.77,47.52,54.73,56.06,45.49,47.59,47.3,46.12,47.09,43.8,49.13,48.48,299.67,80.04,178.25,267.93,147.57,0.0,127.89,199.28,66.77,285.14,94.93,7.62,223.6,52.96,46.37,39.11,30.96,90.86,191.71,29.3,0.0,26.72,61.35,597.21,28.36,247.48,41.87,50.24,124.45,47.15,10.26,88.54,5.87,191.28,60.09,89.57,73.64,17.8,80.08,75.98,97.14,24.34,27.57,36.7,21.92,42.15,175.21,41.92,156.08,95.81,183.27,35.08,59.7,224.38,148.1,55.93,0.39,0.0,62.31,70.78,156.44,53.99,87.72,41.21,6.53,16.72,8.43,52.14,32.94,39.0,253.47,5.41,27.15,171.17,107.4,33.68,61.11,7.91,113.94,74.05,114.79,67.3,79.67,87.75,44.03,3.5
2026-10-06 02:10,28.77,33.86,37.13,37.09,50.52,53.98,52.52,55.27,39.09,52.52,52.83,42.46,56.42,46.71,31.04,45.6,36.76,43.48,47.54,51.69,53.53,54.84,47.55,54.79,56.09,45.52,47.63,47.35,46.16,47.14,43.82,49.19,48.52,280.67,40.22,110.69,287.32,41.9,49.11,155.85,331.4,36.13,236.27,66.27,47.34,63.49,17.22,38.16,63.61,25.65,17.86,209.51,4.68,0.0,14.18,112.37,668.04,11.59,153.68,41.91,8.03,98.62,38.53,0.87,88.62,4.83,84.73,32.81,48.9,48.45,8.94,130.26,53.39,53.04,4.38,19.44,37.1,11.97,37.37,209.66,21.39,63.75,31.15,149.78,44.54,46.48,410.97,65.6,93.01,3.5,11.14,38.99,50.15,110.54,27.13,49.7,291.67,40.58,11.67,13.71,29.93,20.61,47.49,104.36,3.84,44.16,92.63,100.73,41.04,74.43,5.58,136.35,41.96,229.53,98.58,75.7,83.85,44.03,3.51
2026-10-06 02:15,28.79,33.87,37.14,37.09,50.5,53.95,52.52,55.27,39.08,52.49,52.81,42.44,56.41,46.7,31.03,45.59,36.75,43.48,47.51,51.68,53.51,54.82,47.55,54.77,56.09,45.5,47.61,47.32,46.14,47.11,43.81,49.16,48.49,222.16,102.12,76.23,334.37,129.79,68.4,169.71,96.67,14.76,413.71,89.0,72.73,196.66,39.56,60.0,46.84,44.92,77.63,94.62,18.07,0.0,33.44,25.68,271.05,7.09,105.84,20.53,30.99,191.38,47.82,0.98,43.41,7.59,77.03,72.16,107.55,45.65,22.71,95.93,99.5,116.64,21.2,92.93,28.32,26.32,96.34,170.66,53.17,39.03,71.56,185.87,11.58,87.6,93.9,59.64,27.13,1.38,15.51,40.36,10.58,183.11,68.88,62.73,200.84,62.33,15.67,10.1,2.04,21.34,39.87,428.4,0.81,32.52,37.85,108.03,44.69,113.18,26.66,110.98,52.96,155.27,31.47,78.0,85.97,44.03,3.52
2026-10-06 02:20,28.8,33.88,37.15,36.91,50.39,53.81,52.35,55.09,39.08,52.31,52.7,42.37,56.28,46.52,30.85,45.42,36.57,43.3,47.41,51.61,53.4,54.66,47.38,54.61,55.91,45.37,47.47,47.21,46.06,47.01,43.77,49.05,48.41,176.09,112.26,116.65,270.68,49.85,173.59,146.71,175.24,33.34,55.61,115.72,70.7,75.53,33.67,41.75,75.16,6.04,44.87,171.25,5.32,0.0,48.06,48.22,578.08,10.37,161.96,23.12,9.13,191.29,22.17,43.18,48.89,5.28,156.9,46.13,68.76,49.79,24.96,153.92,105.58,74.57,29.47,100.81,29.07,16.83,82.82,245.43,25.4,57.04,60.91,86.19,47.12,77.34,176.35,121.48,49.18,4.38,39.36,74.95,38.34,192.94,75.72,95.0,254.07,60.6,20.38,16.2,25.4,39.62,34.46,367.81,2.93,52.18,85.47,61.0,38.63,0.0,28.92,159.61,80.2,179.6,78.25,85.96,95.48,43.99,3.54
2026-10-06 02:25,28.82,33.9,37.17,37.19,50.55,54.01,52.62,55.36,39.09,52.58,52.86,42.48,56.47,46.8,31.13,45.67,36.85,43.58,47.57,51.72,53.57,54.89,47.63,54.84,56.19,45.58,47.68,47.38,46.18,47.16,43.83,49.21,48.53,112.6,35.48,125.39,260.84,154.0,44.53,108.14,112.46,13.03,249.7,63.91,56.21,233.34,26.07,46.58,104.85,27.11,106.44,103.02,16.62,0.0,29.8,72.43,538.18,22.72,174.09,42.44,28.5,215.86,29.94,43.51,89.75,5.89,102.28,85.36,127.22,70.87,7.89,214.72,45.0,137.98,23.16,37.07,28.75,31.14,67.55,98.97,56.47,125.05,47.17,116.37,9.02,37.2,264.89,79.2,31.56,2.82,10.1,71.0,75.48,127.37,23.93,37.47,54.51,48.18,11.25,22.6,40.14,37.53,49.04,431.72,5.77,72.8,33.41,6.43,28.48,38.82,10.64,64.36,31.63,170.38,43.37,73.53,80.22,44.05,3.55
2026-10-06 02:30,28.85,33.92,37.19,37.04,50.47,53.92,52.48,55.22,39.09,52.45,52.79,42.43,56.37,46.65,30.99,45.54,36.7,43.43,47.49,51.66,53.49,54.78,47.5,54.73,56.04,45.48,47.58,47.3,46.13,47.1,43.8,49.14,48.48,98.27,94.67,86.79,272.85,71.22,103.15,29.3,112.42,35.1,122.86,112.49,66.68,107.91,0.0,53.32,79.93,13.34,48.8,179.4,14.6,0.0,29.28,23.45,176.41,5.5,120.51,37.01,25.03,253.9,49.21,29.18,78.26,6.75,141.03,54.77,81.63,27.58,21.05,163.69,90.89,88.53,22.76,73.6,29.38,19.98,51.69,102.0,37.74,30.27,0.0,191.28,34.2,14.56,85.76,109.2,31.55,2.02,23.39,75.31,38.74,107.99,63.86,111.29,416.14,57.15,19.81,17.23,39.39,39.81,39.41,316.82,2.96,55.49,89.97,0.0,7.71,95.23,21.12,66.33,93.95,262.62,28.12,79.2,87.82,44.01,3.56
2026-10-06 02:35,28.87,33.94,37.21,36.91,50.48,53.94,52.39,55.14,39.1,52.26,52.6,42.33,56.36,46.5,30.86,45.48,36.57,43.33,47.51,51.66,53.49,54.77,47.45,54.71,55.93,45.31,47.16,47.12,46.01,46.94,43.74,48.98,48.37,48.85,39.68,91.35,251.86,71.33,57.53,82.17,163.31,7.3,213.8,53.34,28.33,108.07,35.42,0.0,18.46,23.22,43.88,154.18,19.33,0.0,9.51,28.43,720.29,1.49,126.83,72.06,33.14,131.52,27.08,0.0,152.39,0.0,138.28,39.47,58.83,40.66,8.82,37.8,47.19,63.81,18.2,64.68,32.88,14.4,23.34,82.44,23.41,8.19,64.07,105.28,48.54,60.56,103.99,107.07,45.83,2.28,13.05,51.1,88.67,11.73,26.77,44.2,294.87,24.28,9.39,3.98,19.57,27.02,12.76,109.38,6.78,12.82,18.72,6.12,21.64,57.78,18.56,53.61,37.31,258.95,74.59,90.08,87.89,43.98,3.57
2026-10-06 02:40,28.88,33.95,37.22,36.96,50.5,53.95,52.44,55.2,39.09,52.26,52.63,42.36,56.38,46.54,30.9,45.52,36.61,43.39,47.52,51.67,53.51,54.81,47.49,54.74,55.98,45.34,47.19,47.15,46.04,46.97,43.76,49.01,48.39,29.28,66.92,11.56,206.55,89.05,77.19,77.8,171.73,30.55,243.47,77.94,19.03,134.93,13.84,31.35,18.08,26.44,55.69,208.46,11.01,0.0,26.36,40.79,559.75,15.58,16.05,70.65,18.88,221.71,44.08,76.84,149.4,3.97,55.17,0.0,0.0,0.0,14.88,37.03,65.73,0.0,27.45,6.77,27.5,0.0,13.16,194.2,34.0,85.75,25.04,171.35,33.0,43.86,149.18,42.72,48.2,1.91,17.5,23.86,53.33,56.83,45.14,77.44,220.36,16.31,13.72,3.9,10.66,12.61,17.55,167.03,4.08,12.55,78.31,31.08,20.49,56.21,1.94,126.29,65.38,379.95,62.34,87.49,86.19,43.98,3.59
2026-10-06 02:45,28.89,33.96,37.23,37.05,50.58,54.06,52.54,55.29,39.09,52.37,52.66,42.38,56.47,46.62,30.99,45.61,36.7,43.49,47.6,51.73,53.6,54.92,47.59,54.85,56.08,45.4,47.26,47.19,46.06,47.0,43.77,49.04,48.41,21.65,37.0,36.56,338.42,80.48,98.53,70.21,133.24,19.37,67.71,56.45,33.17,121.95,32.87,17.66,75.41,7.35,19.53,152.15,9.23,0.0,18.44,42.49,562.58,9.67,50.75,31.44,15.82,121.2,47.9,95.7,66.48,2.23,218.45,32.36,48.23,31.6,8.23,154.42,40.92,52.31,15.0,22.13,28.37,11.81,47.77,97.69,44.17,53.19,59.46,186.19,51.03,50.69,155.38,169.14,37.4,0.75,22.34,0.0,36.12,92.75,24.96,53.1,342.36,28.43,9.94,16.25,30.99,0.0,44.69,34.75,2.76,52.35,49.64,40.5,18.49,52.48,6.35,63.53,44.83,185.57,70.84,84.67,78.89,44.0,3.6
2026-10-06 02:50,28.9,33.98,37.24,36.94,50.49,53.94,52.44,55.19,39.08,52.25,52.6,42.34,56.38,46.52,30.89,45.51,36.59,43.38,47.51,51.67,53.5,54.79,47.48,54.72,55.98,45.32,47.17,47.13,46.02,46.95,43.75,48.99,48.37,23.16,14.3,53.84,298.61,65.44,187.07,128.01,4.95,8.97,181.84,43.5,34.0,99.15,23.31,43.67,40.24,19.74,37.02,54.93,23.27,0.0,23.41,58.58,405.67,26.39,74.75,34.43,39.91,164.94,16.02,99.2,72.8,5.53,139.57,66.72,99.45,27.98,3.18,82.39,16.15,107.86,17.47,43.62,32.62,24.34,50.28,223.98,48.18,145.25,42.18,62.26,24.67,11.9,214.24,108.07,1.39,3.61,42.42,18.31,19.39,69.39,9.65,63.2,319.98,29.14,7.66,8.67,34.85,9.68,24.95,556.43,1.48,27.93,22.98,48.53,33.71,54.65,12.52,145.66,53.36,185.09,58.86,88.79,86.89,43.98,3.62
2026-10-06 02:55,28.92,33.99,37.26,37.0,50.53,53.99,52.49,55.24,39.09,52.31,52.65,42.38,56.42,46.58,30.94,45.55,36.65,43.43,47.54,51.69,53.54,54.85,47.53,54.78,56.03,45.37,47.22,47.17,46.06,46.99,43.77,49.03,48.41,19.0,28.9,79.83,249.69,8.94,45.25,94.38,158.93,50.07,214.87,51.13,37.15,13.55,28.41,11.62,48.69,23.33,50.6,114.74,0.51,0.0,41.98,33.09,77.55,17.52,110.83,32.51,0.88,106.15,29.04,42.59,68.74,1.47,194.88,32.81,48.9,7.93,6.43,99.7,39.93,53.04,32.46,58.41,29.81,11.97,41.85,106.92,9.95,96.4,51.4,112.88,36.4,34.55,121.02,150.89,44.6,3.5,10.26,52.48,50.75,91.02,19.5,0.0,99.97,31.84,9.0,10.49,42.24,27.75,26.88,438.01,3.88,33.8,128.36,26.35,24.85,99.38,16.76,69.53,0.0,157.12,82.09,85.54,83.6,43.99,3.63
2026-10-06 03:00,28.93,34.0,37.27,37.01,50.53,54.0,52.49,55.24,39.1,52.35,52.67,42.38,56.42,46.6,30.95,45.55,36.66,43.44,47.55,51.69,53.54,54.85,47.53,54.78,56.04,45.38,47.24,47.19,46.06,47.01,43.77,49.05,48.42,19.5,79.31,123.16,306.0,94.45,63.67,97.07,104.87,20.85,146.65,62.93,37.53,143.12,23.95,54.36,15.89,15.92,36.98,77.74,16.59,0.0,22.57,35.58,275.63,17.28,171.0,53.98,28.46,127.59,42.04,2.19,114.14,6.88,67.01,56.46,84.15,24.78,17.64,32.55,77.07,91.27,13.76,11.27,25.41,20.6,97.83,86.5,30.41,95.09,43.32,163.42,8.75,0.0,130.11,51.88,29.43,2.08,14.44,41.35,33.87,139.95,53.5,80.76,193.36,32.17,11.08,3.43,36.9,21.86,20.67,386.19,2.59,11.03,53.45,59.19,25.56,88.61,3.23,56.25,68.18,243.9,74.44,85.21,83.53,43.98,3.64
2026-10-06 03:05,28.95,34.02,37.29,37.05,50.56,54.04,52.54,55.29,39.1,52.39,52.69,42.4,56.45,46.64,31.0,45.6,36.71,43.48,47.58,51.71,53.58,54.89,47.57,54.82,56.08,45.41,47.28,47.21,46.09,47.03,43.78,49.07,48.43,18.87,39.3,27.3,262.57,86.91,35.75,61.03,6.07,20.47,176.01,69.31,41.34,131.69,26.43,20.75,24.15,19.11,27.14,53.5,11.03,0.0,10.21,50.3,303.73,16.38,37.91,41.97,18.92,78.03,28.69,22.67,88.75,2.63,179.21,47.69,71.08,26.02,8.74,49.46,39.92,77.08,3.75,39.79,29.01,17.4,54.62,120.01,41.95,90.15,47.81,111.52,26.96,31.86,183.97,138.76,1.7,1.55,8.11,9.64,40.42,95.0,26.51,98.22,144.73,35.43,12.2,5.21,43.37,5.1,30.22,366.94,3.09,16.77,52.47,29.09,16.07,37.48,11.42,78.04,82.92,169.06,10.0,83.27,80.61,43.99,3.66
2026-10-06 03:10,28.96,34.04,37.3,37.02,50.54,54.01,52.5,55.25,39.09,52.34,52.65,42.37,56.43,46.6,30.97,45.57,36.67,43.45,47.56,51.7,53.55,54.87,47.54,54.79,56.04,45.38,47.24,47.18,46.05,46.99,43.77,49.03,48.4,18.68,33.08,107.07,276.76,79.48,70.13,165.16,102.44,25.13,78.43,69.93,23.86,120.44,36.79,19.77,0.0,8.52,33.02,154.14,0.0,0.0,20.86,0.0,403.31,12.23,148.66,49.28,0.0,28.23,25.04,52.25,104.22,2.5,92.56,83.07,123.82,24.7,7.36,0.0,38.45,134.29,7.46,17.38,32.24,30.31,28.32,125.3,55.1,67.3,66.56,97.32,59.69,26.89,0.0,71.67,28.75,0.54,15.9,10.41,71.88,55.05,22.32,35.2,326.31,20.45,12.31,0.0,23.27,5.5,37.67,293.18,5.5,0.0,64.42,58.06,43.49,14.04,4.99,81.48,29.72,173.48,20.55,85.8,82.66,43.98,3.67
2026-10-06 03:15,28.98,34.05,37.32,36.98,50.52,53.98,52.46,55.2,39.09,52.31,52.65,42.38,56.4,46.56,30.92,45.54,36.63,43.4,47.54,51.68,53.53,54.81,47.51,54.75,56.0,45.36,47.21,47.17,46.06,47.0,43.77,49.04,48.41,21.33,20.28,13.35,330.46,39.63,101.22,67.61,48.64,5.12,184.49,97.16,9.29,60.05,24.87,24.09,0.0,20.03,9.78,91.85,12.32,0.0,25.59,54.41,689.79,10.84,18.53,33.66,21.12,41.19,32.23,53.57,71.19,3.05,91.9,72.45,107.99,34.37,4.51,0.0,28.12,117.12,19.36,53.06,25.84,26.43,51.6,65.46,54.68,59.66,44.99,125.29,28.72,13.33,199.0,71.16,13.65,1.13,22.95,15.27,85.44,159.42,13.68,53.4,321.23,7.96,17.11,0.0,26.27,8.07,18.65,79.41,6.54,0.0,13.12,13.63,17.8,59.41,15.22,42.57,45.08,175.81,16.48,85.64,84.65,43.97,3.69
2026-10-06 03:20,29.0,34.07,37.34,37.03,50.56,54.03,52.51,55.26,39.09,52.36,52.68,42.39,56.44,46.6,30.98,45.58,36.68,43.46,47.58,51.71,53.57,54.87,47.56,54.81,56.05,45.39,47.25,47.2,46.07,47.02,43.78,49.06,48.42,19.0,19.97,110.67,291.23,96.78,155.82,61.6,32.24,7.5,82.52,60.68,31.23,146.64,20.06,4.48,21.45,8.96,0.0,71.51,13.19,0.0,17.66,15.53,339.34,14.04,153.65,34.76,22.62,82.87,6.76,15.96,73.5,0.57,19.7,25.29,37.7,19.75,4.44,43.93,36.64,40.89,7.7,23.65,34.25,9.23,21.34,52.7,30.8,77.24,36.28,26.29,14.85,41.42,56.8,15.26,9.05,1.65,35.33,11.21,69.07,127.07,13.47,45.42,353.77,26.76,10.68,4.62,31.38,5.93,33.64,177.88,5.28,14.89,19.22,32.31,16.22,35.57,6.79,34.27,38.35,171.22,74.17,84.42,80.93,43.98,3.7
2026-10-06 03:25,29.01,34.08,37.35,37.02,50.53,54.0,52.51,55.25,39.09,52.34,52.69,42.4,56.43,46.6,30.97,45.57,36.68,43.45,47.55,51.7,53.55,54.84,47.55,54.78,56.05,45.39,47.25,47.2,46.09,47.03,43.78,49.07,48.43,19.69,36.95,39.32,253.02,95.51,63.43,88.97,50.16,6.83,35.23,46.56,19.08,144.71,7.01,16.97,46.2,3.83,43.16,56.39,16.15,0.0,16.31,17.87,613.81,6.22,54.59,8.79,27.7,145.59,7.07,69.39,18.58,2.15,9.19,65.17,97.14,20.75,8.22,94.61,44.65,105.35,26.78,36.88,31.62,23.77,18.81,140.72,23.98,34.22,12.68,27.49,29.75,24.97,65.37,7.12,14.08,2.69,14.38,35.18,61.2,56.46,24.93,75.44,315.06,16.35,8.2,9.96,27.17,18.6,34.87,474.87,4.68,32.07,17.52,0.0,23.43,53.45,10.58,91.51,63.69,155.17,42.39,83.44,82.77,43.97,3.71
2026-10-06 03:30,29.03,34.1,37.36,37.07,50.55,54.01,52.54,55.29,39.09,52.4,52.71,42.41,56.45,46.65,31.02,45.62,36.72,43.49,47.57,51.71,53.57,54.87,47.58,54.82,56.09,45.43,47.3,47.23,46.1,47.05,43.79,49.09,48.45,18.11,62.38,34.06,231.89,89.1,74.78,68.75,77.27,41.29,246.58,72.16,3.09,135.01,24.11,18.14,52.12,26.77,51.44,119.81,9.64,0.0,12.5,21.74,439.76,10.68,47.29,13.14,16.53,136.77,15.26,13.88,27.78,2.3,129.92,33.23,49.53,40.35,13.87,106.74,68.34,53.72,17.42,55.11,24.9,12.12,72.53,110.16,27.81,58.76,43.61,59.3,23.65,40.95,79.5,100.6,21.69,2.67,16.96,15.05,32.78,101.09,42.08,37.6,137.19,2.65,12.71,11.23,29.0,7.96,15.97,211.29,2.51,36.19,105.84,77.63,18.1,36.52,15.81,71.64,31.74,154.93,47.53,81.96,81.06,43.98,3.73
2026-10-06 03:35,29.04,34.11,37.38,37.12,50.59,54.07,52.61,55.35,39.09,52.43,52.73,42.42,56.5,46.69,31.06,45.67,36.77,43.55,47.61,51.74,53.61,54.94,47.64,54.87,56.15,45.45,47.33,47.25,46.11,47.06,43.79,49.11,48.46,20.2,35.43,30.78,317.14,105.29,105.43,20.15,75.67,17.68,169.99,0.0,20.45,159.53,16.88,38.01,18.31,18.46,45.19,146.08,9.76,0.0,35.55,22.69,366.24,7.08,42.73,47.01,16.73,41.89,7.0,64.95,99.4,4.81,85.26,54.43,81.12,30.25,7.88,37.5,38.9,87.98,22.64,52.32,26.69,19.85,60.86,154.7,32.54,38.97,30.54,27.21,12.44,45.33,82.97,66.01,21.24,2.26,23.91,19.26,16.19,154.89,23.9,0.0,311.89,17.53,0.0,3.95,14.84,10.18,18.81,519.67,1.24,12.71,45.31,61.95,5.31,4.79,15.01,100.61,0.0,249.57,0.0,80.85,77.32,43.99,3.74
2026-10-06 03:40,29.06,34.13,37.4,37.11,50.58,54.07,52.58,55.33,39.1,52.45,52.74,42.43,56.48,46.69,31.06,45.64,36.76,43.53,47.61,51.73,53.6,54.92,47.61,54.86,56.13,45.46,47.33,47.26,46.12,47.07,43.8,49.12,48.47,19.06,64.76,50.53,285.44,42.26,73.02,53.25,116.63,13.35,199.2,79.28,15.31,64.03,9.94,3.13,5.29,21.63,24.32,33.96,11.56,0.0,15.7,18.78,186.82,10.53,70.16,25.82,19.83,0.98,15.22,10.31,54.6,0.4,63.57,44.72,66.66,23.32,14.4,10.84,65.2,72.29,13.0,44.84,29.27,16.31,6.43,97.57,19.87,57.94,17.99,59.18,25.32,34.46,68.68,49.22,32.73,2.17,16.56,39.5,24.45,52.95,43.68,68.18,174.95,13.12,13.96,1.14,40.07,20.88,32.22,58.89,1.87,3.67,34.21,39.74,14.02,63.87,12.87,63.45,57.56,191.26,29.74,80.29,77.99,43.98,3.76
2026-10-06 03:45,29.07,34.14,37.41,37.05,50.54,54.01,52.52,55.26,39.09,52.37,52.71,42.41,56.44,46.63,31.0,45.6,36.7,43.47,47.56,51.71,53.56,54.86,47.56,54.8,56.07,45.42,47.28,47.23,46.1,47.05,43.79,49.09,48.45,17.04,32.87,46.52,301.36,50.55,46.38,25.22,133.29,20.55,188.78,0.0,28.86,76.59,12.96,18.69,36.74,20.5,38.87,17.26,15.39,0.0,12.61,34.21,412.2,12.32,64.58,26.21,26.4,157.92,47.04,18.97,55.43,2.36,23.21,31.83,47.45,10.64,7.31,75.24,38.36,51.46,2.54,39.52,25.7,11.61,31.67,113.53,18.32,67.79,23.44,182.87,40.3,13.58,125.12,17.97,37.41,2.45,10.52,38.32,0.0,106.86,22.17,31.7,144.14,24.74,0.0,7.92,33.67,20.26,19.88,0.0,0.0,25.51,52.67,63.24,6.64,45.6,11.34,73.83,26.76,190.66,23.6,82.22,81.91,43.96,3.77
2026-10-06 03:50,29.09,34.16,37.42,37.1,50.58,54.05,52.57,55.32,39.1,52.42,52.73,42.43,56.48,46.68,31.04,45.64,36.75,43.52,47.6,51.73,53.59,54.9,47.61,54.84,56.12,45.45,47.32,47.25,46.11,47.06,43.8,49.11,48.46,17.36,28.58,50.09,292.39,94.91,100.7,34.55,144.0,15.31,36.05,65.12,5.74,143.81,25.67,0.0,39.81,3.91,24.75,72.07,8.57,0.0,26.14,23.92,508.3,6.38,69.55,23.99,14.7,116.77,28.79,23.0,50.72,0.0,64.83,34.57,51.52,28.86,6.35,81.51,37.01,55.87,10.27,22.95,28.55,12.61,39.19,129.52,7.47,35.1,46.44,111.92,0.82,31.76,87.49,50.2,40.42,1.14,22.83,24.07,35.88,40.56,19.28,26.25,149.64,4.92,11.47,8.58,0.0,12.73,18.25,398.04,2.75,27.64,39.24,12.75,9.1,20.78,6.58,84.23,22.16,283.92,32.93,80.67,78.87,43.97,3.79
2026-10-06 03:55,29.11,34.18,37.44,37.09,50.58,54.05,52.56,55.3,39.09,52.41,52.73,42.43,56.47,46.66,31.03,45.63,36.74,43.51,47.6,51.73,53.59,54.9,47.6,54.84,56.1,45.44,47.31,47.25,46.12,47.07,43.8,49.11,48.47,19.57,21.19,4.99,291.81,47.98,67.2,127.35,110.55,17.17,97.22,21.49,25.25,72.7,19.56,26.23,36.3,10.56,29.31,67.49,11.19,0.0,8.63,22.44,111.13,0.01,6.93,29.75,19.18,88.24,32.94,37.27,62.91,3.32,49.59,18.42,27.45,34.69,4.71,74.33,17.8,29.77,5.3,8.78,28.8,6.72,35.78,14.81,13.65,0.08,35.38,128.05,29.11,31.21,82.08,38.4,31.03,1.94,15.24,36.44,7.64,70.51,14.3,34.62,180.36,21.64,3.78,7.82,29.32,19.27,14.21,240.22,0.58,25.2,44.03,36.8,33.53,30.0,2.52,9.63,29.23,167.36,14.86,80.47,78.62,43.97,3.8
2026-10-06 04:00,29.12,34.19,37.45,37.08,50.57,54.05,52.56,55.31,39.09,52.38,52.73,42.42,56.47,46.65,31.03,45.63,36.73,43.51,47.6,51.73,53.59,54.91,47.6,54.84,56.1,45.43,47.3,47.24,46.11,47.06,43.79,49.11,48.46,18.05,39.56,34.46,259.68,91.67,80.72,84.67,66.86,9.7,142.06,53.51,33.09,138.9,10.66,10.67,36.54,15.43,16.66,56.93,15.81,0.0,24.47,28.31,470.8,10.03,47.84,0.0,27.11,0.83,34.1,52.02,0.0,1.35,62.91,61.61,91.84,5.62,8.8,74.83,45.54,99.6,0.07,13.08,32.52,22.48,33.6,46.43,20.05,55.21,19.28,132.57,8.87,30.13,103.52,48.71,18.76,1.65,18.3,11.56,26.84,120.22,26.69,8.69,289.68,28.36,9.42,7.88,31.69,6.11,19.24,293.28,2.05,25.37,24.88,31.71,22.29,22.18,3.75,30.19,7.34,161.25,27.23,81.27,78.93,43.96,3.81
2026-10-06 04:05,29.14,34.21,37.47,37.17,50.62,54.11,52.65,55.39,39.09,52.49,52.77,42.45,56.54,46.75,31.12,45.71,36.82,43.6,47.64,51.76,53.65,54.97,47.68,54.91,56.19,45.5,47.38,47.29,46.14,47.1,43.81,49.14,48.49,15.4,12.49,29.51,276.9,5.97,88.9,0.0,37.05,31.61,97.07,38.86,15.72,9.05,18.7,42.29,9.2,10.54,20.13,53.2,12.4,0.0,29.17,34.41,359.6,10.79,40.97,21.15,21.26,52.11,24.58,44.93,44.73,5.35,83.11,36.38,54.23,15.02,2.78,18.84,19.71,58.81,10.22,16.09,29.94,13.27,24.21,53.48,24.98,59.39,33.83,95.56,21.25,38.26,125.85,64.35,10.4,2.68,20.16,16.8,72.57,86.68,8.43,41.18,14.44,13.47,6.84,1.98,15.23,8.88,33.23,276.67,5.55,6.39,81.03,22.52,0.0,45.07,4.62,34.78,34.77,161.62,48.29,77.9,73.59,43.98,3.83
2026-10-06 04:10,29.15,34.22,37.49,37.16,50.6,54.07,52.62,55.37,39.1,52.49,52.77,42.45,56.51,46.73,31.1,45.69,36.81,43.57,47.62,51.75,53.62,54.94,47.65,54.89,56.17,45.5,47.38,47.29,46.15,47.1,43.81,49.15,48.49,20.7,58.41,46.85,253.89,59.3,45.13,9.43,88.47,24.23,88.19,35.21,34.65,89.86,17.25,18.05,16.94,9.58,34.6,97.46,2.37,0.0,21.49,18.08,153.9,13.82,65.05,24.11,4.07,135.28,18.53,25.33,50.99,2.28,24.36,44.7,66.63,21.15,12.99,34.69,67.99,72.26,13.8,18.38,30.4,16.31,25.77,65.99,3.73,76.04,31.21,72.03,41.71,51.99,66.1,18.86,24.83,1.08,10.23,31.12,38.81,14.62,39.4,53.98,218.84,29.7,6.2,3.65,0.0,16.45,32.75,184.84,2.97,11.76,62.11,44.53,2.48,16.01,5.27,42.92,45.57,211.1,23.3,77.42,76.39,43.97,3.84
2026-10-06 04:15,29.16,34.23,37.5,37.07,50.56,54.04,52.55,55.3,39.09,52.39,52.71,42.41,56.46,46.65,31.02,45.61,36.72,43.5,47.59,51.72,53.58,54.9,47.59,54.84,56.1,45.43,47.29,47.23,46.1,47.05,43.79,49.09,48.45,21.33,18.63,25.1,265.18,66.68,67.56,46.0,72.28,24.58,144.46,31.57,25.12,101.03,10.27,28.5,48.36,15.69,28.88,73.91,6.05,0.0,33.56,24.44,168.05,6.43,34.85,38.87,10.37,100.61,19.88,41.99,82.19,3.61,69.13,31.51,46.96,6.93,4.14,99.04,29.69,50.93,12.26,31.13,25.51,11.49,51.92,152.61,44.09,35.4,18.59,77.27,24.82,9.39,89.38,53.52,20.29,2.28,15.32,23.31,19.84,89.89,12.57,64.11,369.41,21.53,5.56,10.42,26.49,12.32,24.62,165.76,1.52,33.58,63.01,21.41,12.11,28.16,8.93,99.25,54.12,229.23,56.58,81.84,79.92,43.95,3.86
2026-10-06 04:20,29.18,34.24,37.51,37.14,50.6,54.09,52.61,55.36,39.1,52.47,52.76,42.44,56.5,46.71,31.09,45.68,36.79,43.56,47.62,51.75,53.62,54.94,47.65,54.88,56.16,45.48,47.36,47.28,46.13,47.09,43.81,49.14,48.48,22.22,39.24,54.88,281.39,80.08,34.5,59.92,65.0,9.25,116.63,67.1,4.93,121.34,7.18,14.65,24.8,12.66,25.38,97.03,7.63,0.0,29.16,25.52,526.49,16.99,76.19,20.46,13.08,76.75,32.97,56.17,43.27,1.85,94.84,32.22,48.02,19.28,8.73,50.78,51.83,52.08,7.1,28.18,21.32,11.75,23.32,43.93,19.88,93.5,12.99,128.17,17.54,16.34,93.32,73.44,18.24,1.19,7.82,15.78,11.7,60.72,26.47,28.53,227.29,4.22,11.82,5.34,43.27,8.34,15.01,406.37,0.9,17.22,23.72,20.49,15.78,27.77,8.09,28.57,24.08,227.44,52.72,78.68,76.26,43.96,3.87
2026-10-06 04:25,29.2,34.26,37.53,37.15,50.6,54.08,52.61,55.36,39.09,52.46,52.76,42.44,56.5,46.72,31.09,45.68,36.8,43.56,47.62,51.74,53.62,54.94,47.65,54.88,56.16,45.48,47.36,47.28,46.14,47.09,43.81,49.14,48.48,19.31,25.34,59.57,318.88,41.69,27.32,51.95,79.62,14.99,59.74,82.81,14.7,63.17,16.63,38.24,23.11,6.49,20.58,109.31,6.42,0.0,32.31,23.03,436.6,7.49,82.71,1.96,11.01,102.83,28.6,27.39,4.14,4.84,70.41,38.62,57.56,14.58,5.64,47.32,26.16,62.42,19.53,5.55,17.87,14.09,26.37,87.44,10.66,41.24,30.08,111.16,29.68,50.11,84.23,54.52,22.34,2.35,6.2,5.36,23.11,83.29,17.09,45.2,97.98,12.6,14.58,4.98,36.02,2.84,24.72,208.48,1.77,16.04,38.43,27.57,13.68,29.36,1.59,56.87,38.16,188.31,31.97,78.42,76.4,43.96,3.89
2026-10-06 04:30,29.21,34.28,37.54,37.92,50.77,54.27,53.02,55.75,39.09,52.95,53.02,42.6,56.75,47.23,31.75,46.12,37.44,44.02,47.79,51.88,53.82,55.19,48.03,55.16,56.59,45.86,47.76,47.55,46.31,47.31,43.89,49.36,48.65,20.89,43.3,55.0,263.59,0.0,25.96,61.35,89.03,14.28,123.62,67.76,19.59,0.0,3.65,20.58,30.6,13.42,0.63,116.72,13.01,0.0,8.22,47.36,0.0,0.05,76.36,0.0,22.31,147.87,28.13,19.39,0.0,2.6,30.55,17.22,25.67,29.92,9.63,62.67,53.11,27.84,21.59,11.74,19.52,6.28,38.46,60.21,10.94,0.27,6.61,109.36,24.76,18.52,173.2,23.65,24.99,1.89,5.89,41.81,17.78,82.49,29.21,44.1,255.14,16.79,11.93,6.6,15.69,22.1,16.86,80.92,1.36,21.25,36.61,27.78,16.15,0.0,3.37,39.15,37.23,239.07,1.76,57.11,54.1,0.0,3.9
2026-10-06 04:35,29.2,34.27,37.53,37.95,50.79,54.31,53.04,55.78,39.09,52.97,53.03,42.61,56.76,47.25,31.77,46.15,37.47,44.04,47.81,51.9,53.84,55.2,48.06,55.17,56.62,45.88,47.78,47.56,46.32,47.32,43.9,49.37,48.65,28.46,45.82,54.92,279.36,102.5,58.65,14.65,47.6,18.26,29.46,54.21,13.41,155.31,25.84,12.28,34.9,3.2,27.11,79.09,4.88,0.0,7.27,42.37,252.35,13.32,76.25,0.0,8.37,21.04,25.75,37.37,0.0,1.55,42.78,46.68,69.57,18.33,10.19,71.47,44.61,75.45,10.94,21.76,15.02,17.03,22.15,57.95,37.76,73.31,46.75,100.08,19.26,21.79,154.96,33.12,13.36,1.78,13.3,23.9,17.93,113.83,30.91,18.12,223.39,11.5,9.55,7.52,25.11,12.63,16.71,491.68,1.37,24.23,46.81,50.35,3.86,23.24,6.24,37.69,15.3,125.99,27.31,55.59,51.47,0.0,3.89
2026-10-06 04:40,29.2,34.27,37.53,37.91,50.77,54.27,53.01,55.74,39.09,52.93,53.01,42.6,56.74,47.22,31.74,46.11,37.43,44.01,47.79,51.88,53.81,55.17,48.03,55.14,56.58,45.85,47.75,47.54,46.31,47.31,43.89,49.36,48.64,19.12,34.62,19.65,285.01,24.61,53.08,78.62,13.71,18.92,52.29,34.91,16.01,37.29,1.39,15.36,5.24,5.68,17.65,146.01,7.46,0.0,30.11,46.04,168.74,8.63,27.28,33.17,12.8,108.09,15.77,38.76,70.14,1.94,46.81,15.0,22.36,15.23,7.7,10.73,34.02,24.25,21.69,39.69,12.09,5.47,50.17,84.32,20.55,47.49,2.52,61.3,20.06,40.84,168.36,36.25,3.85,2.37,12.04,29.59,40.22,116.23,23.35,47.7,230.48,13.72,6.15,1.13,27.8,15.64,24.75,276.84,3.08,3.64,48.49,39.71,20.7,23.54,11.39,54.84,40.27,83.01,26.76,57.29,54.9,0.0,3.89
2026-10-06 04:45,29.19,34.26,37.52,37.93,50.78,54.29,53.03,55.76,39.09,52.96,53.02,42.6,56.76,47.24,31.76,46.13,37.45,44.03,47.8,51.89,53.83,55.2,48.05,55.16,56.61,45.87,47.77,47.55,46.31,47.32,43.89,49.37,48.65,32.19,38.13,40.26,264.74,67.27,78.35,97.35,74.67,0.0,149.16,27.57,16.07,101.93,14.32,30.58,33.46,16.2,41.35,34.18,3.53,0.0,32.22,56.68,137.7,8.62,55.89,4.48,6.05,121.91,5.68,68.03,9.47,3.87,66.12,27.45,40.92,22.62,8.48,68.53,40.71,44.38,17.32,48.36,10.26,10.02,12.86,116.4,28.61,47.46,25.9,22.09,37.46,25.64,207.3,51.19,20.96,2.2,17.77,23.18,57.06,111.91,25.72,52.12,307.14,13.78,4.86,7.21,26.98,12.25,22.94,532.39,4.37,23.23,0.0,29.95,25.64,39.67,13.87,75.7,44.0,141.79,49.33,56.69,52.91,0.0,3.88
2026-10-06 04:50,29.19,34.25,37.52,37.92,50.77,54.27,53.02,55.75,39.1,52.97,53.01,42.6,56.74,47.23,31.75,46.12,37.44,44.02,47.79,51.88,53.81,55.17,48.03,55.15,56.59,45.86,47.76,47.54,46.3,47.3,43.89,49.35,48.64,40.2,11.23,26.18,268.65,58.95,94.28,72.99,20.48,16.78,87.73,59.06,20.28,89.32,14.35,38.74,18.02,9.53,13.88,19.86,13.32,0.0,29.99,49.76,71.7,10.4,36.35,0.0,22.84,184.81,29.2,48.15,0.0,4.9,59.51,65.26,97.28,13.61,2.5,36.89,22.29,105.5,8.55,41.72,6.39,23.81,45.4,8.0,26.49,57.23,25.95,113.52,9.87,37.57,181.97,46.07,5.75,0.81,21.38,16.44,17.26,69.77,7.58,30.15,268.02,17.38,10.4,3.88,27.87,8.69,27.49,398.04,1.32,12.51,43.03,26.61,19.22,22.2,11.97,5.2,25.45,92.9,46.81,57.31,54.96,0.0,3.88
2026-10-06 04:55,29.18,34.25,37.51,37.95,50.78,54.28,53.04,55.77,39.1,52.98,53.02,42.6,56.75,47.26,31.78,46.14,37.47,44.04,47.8,51.89,53.82,55.19,48.05,55.17,56.62,45.88,47.78,47.56,46.31,47.32,43.89,49.36,48.65,46.89,38.81,39.99,301.08,55.98,64.39,73.43,104.83,35.34,130.26,47.75,23.83,84.82,18.01,32.55,14.48,14.14,38.76,133.71,8.94,0.0,7.65,5.26,492.87,2.68,55.52,16.16,15.33,123.69,26.79,42.53,34.18,4.12,43.8,52.11,77.67,21.14,8.63,29.66,48.38,84.24,11.64,24.64,4.78,19.01,30.8,10.21,33.22,14.74,32.58,104.12,31.97,22.32,19.23,33.92,29.42,0.18,14.6,11.85,41.49,142.73,26.18,10.03,142.21,20.42,8.41,3.12,41.87,6.26,42.37,213.0,3.17,10.05,90.6,53.69,19.34,70.61,7.07,6.64,8.47,223.57,25.0,56.1,53.13,0.0,3.87
2026-10-06 05:00,29.17,34.24,37.51,37.97,50.8,54.31,53.06,55.79,39.1,53.0,53.05,42.62,56.78,47.27,31.8,46.17,37.49,44.06,47.82,51.9,53.85,55.22,48.08,55.19,56.64,45.9,47.8,47.58,46.33,47.34,43.91,49.39,48.67,82.55,39.27,11.64,354.34,43.36,90.39,38.88,54.19,17.72,43.86,39.99,21.18,65.7,5.6,27.38,9.85,4.76,21.19,68.77,10.05,0.0,13.2,20.23,573.91,9.84,16.17,5.99,17.24,109.21,25.26,23.93,12.67,3.46,39.14,35.61,53.07,39.19,8.73,20.17,42.35,57.56,20.57,58.14,0.98,12.99,28.45,73.7,23.27,54.17,10.13,98.2,32.22,34.71,73.99,30.31,15.21,2.02,20.5,12.17,29.44,43.3,26.49,0.0,342.69,18.16,7.04,2.12,19.69,6.43,8.17,325.19,2.25,6.84,45.42,49.59,10.24,26.94,16.68,47.93,0.0,164.11,33.22,53.46,50.12,0.0,3.87
2026-10-06 05:05,29.16,34.23,37.5,37.9,50.75,54.25,53.0,55.73,39.1,52.94,53.01,42.59,56.73,47.21,31.73,46.1,37.43,44.0,47.77,51.87,53.8,55.15,48.01,55.13,56.57,45.85,47.75,47.54,46.3,47.3,43.89,49.35,48.64,119.92,51.84,80.22,333.35,2.43,111.21,28.92,125.87,26.72,160.13,73.94,17.66,3.68,13.45,25.85,57.34,17.39,19.13,83.75,11.95,0.0,16.37,47.54,542.28,15.07,111.38,14.17,20.49,101.42,12.59,41.01,29.96,3.27,7.93,33.37,49.74,20.95,11.53,117.42,51.63,53.94,6.15,8.26,0.83,12.17,38.87,93.18,20.58,82.91,24.33,48.94,28.48,26.18,173.88,6.14,35.33,1.74,25.22,37.48,22.7,48.12,34.97,23.85,391.05,15.14,13.02,12.36,15.71,19.82,20.84,109.31,1.74,39.81,68.49,56.48,7.61,12.01,2.37,60.6,20.14,225.34,49.62,57.94,56.41,0.0,3.86
2026-10-06 05:10,29.16,34.23,37.5,37.97,50.8,54.31,53.07,55.8,39.09,52.99,53.04,42.61,56.78,47.27,31.8,46.16,37.49,44.06,47.82,51.91,53.85,55.23,48.07,55.19,56.64,45.9,47.79,47.57,46.32,47.33,43.9,49.38,48.66,175.71,39.55,11.5,342.76,55.84,60.82,48.72,85.04,15.46,153.55,52.13,14.51,84.62,11.36,36.39,26.1,16.67,18.0,116.08,0.46,0.18,25.24,63.94,144.38,10.88,15.97,0.0,0.79,112.82,17.24,66.74,0.0,4.61,67.51,35.85,53.44,14.5,8.79,53.45,46.75,57.96,6.61,59.8,0.84,13.08,24.7,42.2,35.45,59.88,20.56,67.03,7.24,31.28,233.84,52.27,23.87,0.59,13.79,27.29,42.6,119.41,26.68,37.22,188.13,12.44,9.18,5.63,35.35,14.43,16.86,276.07,3.26,18.12,39.63,51.45,12.83,45.47,17.16,27.45,31.42,231.84,66.2,54.92,49.92,0.0,3.86
2026-10-06 05:15,29.14,34.22,37.49,37.92,50.79,54.3,53.02,55.76,39.1,52.95,53.0,42.59,56.75,47.23,31.75,46.12,37.44,44.02,47.81,51.89,53.83,55.2,48.04,55.16,56.6,45.86,47.76,47.54,46.3,47.3,43.89,49.35,48.64,240.09,56.2,26.03,300.5,72.16,96.49,58.85,101.92,42.08,125.46,8.5,16.69,109.34,11.4,31.4,48.32,13.62,22.32,167.53,8.82,1.1,18.46,25.85,332.81,17.34,36.15,19.62,15.12,0.74,21.4,28.93,41.5,3.97,84.46,33.99,50.66,27.98,12.5,98.96,62.27,54.94,16.59,38.84,0.84,12.4,23.49,73.58,42.23,95.41,20.63,83.19,32.11,21.1,94.53,65.4,28.6,2.93,21.88,29.57,29.27,68.68,37.91,46.29,294.15,14.31,1.5,10.41,15.78,15.63,9.55,312.06,2.24,33.55,107.88,38.25,15.5,64.72,11.14,47.85,39.08,209.55,46.01,57.72,52.52,0.0,3.85
2026-10-06 05:20,29.14,34.22,37.48,37.91,50.76,54.27,53.01,55.74,39.1,52.95,52.99,42.59,56.73,47.21,31.74,46.11,37.43,44.0,47.78,51.88,53.81,55.17,48.02,55.14,56.58,45.85,47.74,47.53,46.29,47.29,43.88,49.34,48.63,304.27,35.63,49.74,467.68,22.91,115.86,99.76,19.09,24.14,155.18,51.47,13.69,34.71,12.55,0.64,0.0,16.85,6.43,46.08,10.47,2.75,27.86,54.74,444.88,11.03,69.06,36.23,17.96,52.28,5.01,22.53,76.62,0.08,94.32,0.0,0.0,34.86,7.92,0.0,40.33,0.0,7.0,69.31,0.83,0.0,31.5,45.32,55.72,60.72,22.7,19.49,27.26,30.97,200.21,73.03,5.36,2.58,26.27,3.78,72.82,84.89,24.03,14.03,274.1,11.74,9.06,0.0,10.23,2.0,22.85,242.83,5.57,0.0,61.9,5.92,26.27,57.18,19.89,29.47,11.84,120.5,8.79,58.67,55.51,0.0,3.85
2026-10-06 05:25,29.12,34.21,37.48,37.91,50.76,54.26,53.01,55.73,39.1,52.95,53.0,42.59,56.73,47.22,31.74,46.11,37.43,44.0,47.78,51.88,53.8,55.16,48.02,55.14,56.58,45.85,47.75,47.53,46.29,47.29,43.88,49.34,48.63,353.63,50.2,52.65,419.62,61.6,63.03,156.99,163.23,14.53,4.34,103.11,26.79,93.34,24.65,39.04,25.95,0.47,22.9,161.23,12.87,5.69,22.98,37.93,163.08,19.99,73.1,41.64,22.07,80.74,46.66,42.59,88.05,4.94,65.06,31.88,47.52,22.77,11.16,53.15,49.55,51.53,10.53,36.26,0.7,11.63,56.39,114.47,43.32,109.99,44.59,181.39,18.81,41.23,138.73,50.37,45.81,1.72,14.29,28.81,58.85,111.36,33.86,43.33,171.71,22.96,18.16,5.59,11.1,15.23,37.03,43.05,4.5,18.02,37.24,35.52,41.34,53.61,10.4,74.44,36.58,152.86,36.89,58.57,55.88,0.0,3.84
2026-10-06 05:30,29.12,34.2,37.47,37.92,50.77,54.27,53.02,55.75,39.1,52.95,53.0,42.6,56.74,47.23,31.75,46.12,37.44,44.02,47.79,51.88,53.81,55.17,48.03,55.15,56.59,45.86,47.76,47.54,46.3,47.3,43.89,49.34,48.64,477.65,47.09,34.12,526.16,29.72,52.56,30.53,170.47,26.71,134.86,57.34,25.98,45.03,22.31,15.41,46.04,14.64,44.69,0.54,16.75,9.0,20.26,17.56,140.94,1.0,47.38,38.74,28.73,113.3,19.01,61.13,81.92,1.95,42.48,46.55,69.39,18.28,10.47,94.28,46.9,75.25,18.87,12.18,0.66,16.98,58.07,48.48,18.96,5.51,40.36,73.91,62.33,22.67,64.21,32.89,47.84,3.19,11.92,6.44,60.76,4.36,31.77,27.44,104.04,22.27,10.1,9.92,18.57,3.4,11.17,110.55,4.65,31.96,68.47,51.16,8.04,39.71,3.49,31.53,23.16,145.07,63.67,57.33,54.72,0.0,3.84
2026-10-06 05:35,29.11,34.2,37.47,37.96,50.78,54.28,53.05,55.78,39.1,53.0,53.04,42.61,56.76,47.27,31.79,46.15,37.48,44.05,47.8,51.89,53.83,55.19,48.06,55.17,56.63,45.89,47.79,47.57,46.32,47.33,43.9,49.38,48.66,583.3,44.68,40.17,570.88,57.76,77.15,34.01,111.16,46.28,43.0,41.16,35.42,87.52,6.62,25.61,0.0,4.67,15.18,121.84,7.77,13.4,10.9,28.28,185.15,18.53,55.78,10.77,13.32,182.53,23.78,36.12,22.78,3.24,112.37,64.69,96.42,24.06,9.93,0.0,46.55,104.57,15.67,35.64,0.7,23.6,37.29,160.53,20.11,101.96,11.98,92.44,41.23,44.93,103.41,87.0,31.2,1.44,17.49,29.27,81.74,42.09,30.14,38.07,21.15,30.36,7.25,0.0,35.84,15.47,47.13,181.76,6.25,0.0,118.63,41.4,8.96,40.63,10.23,104.39,32.14,177.26,60.41,54.8,52.95,0.0,3.83
2026-10-06 05:40,29.1,34.18,37.46,37.96,50.81,54.32,53.07,55.8,39.1,53.0,53.02,42.6,56.78,47.27,31.79,46.16,37.48,44.06,47.83,51.91,53.85,55.23,48.08,55.2,56.64,45.89,47.78,47.56,46.31,47.32,43.89,49.36,48.65,604.13,24.17,26.01,655.85,48.87,93.44,28.1,138.88,16.02,78.54,50.81,7.39,74.05,17.49,33.32,26.01,8.53,25.19,139.08,9.64,15.61,17.75,42.67,324.42,18.64,36.12,41.28,16.53,98.26,27.05,41.23,87.3,4.22,97.75,53.09,79.13,44.55,5.37,53.26,29.27,85.82,26.59,57.92,0.69,19.37,45.49,48.6,27.33,102.59,31.65,105.16,51.09,31.3,156.07,75.69,38.98,1.06,21.19,23.31,53.48,56.75,16.3,50.36,259.94,6.33,8.95,5.61,31.26,12.32,4.76,202.12,4.09,18.06,41.07,54.78,7.4,55.52,16.62,31.61,42.52,285.77,14.54,55.7,49.35,0.0,3.83
2026-10-06 05:45,29.08,34.17,37.45,37.86,50.75,54.26,52.97,55.7,39.1,52.89,52.98,42.58,56.71,47.17,31.69,46.07,37.38,43.96,47.77,51.87,53.8,55.15,47.98,55.11,56.53,45.81,47.71,47.51,46.28,47.28,43.88,49.33,48.62,807.92,43.7,56.73,815.51,44.93,94.84,183.7,48.07,24.83,185.61,85.02,10.53,68.08,18.2,45.35,43.58,20.15,29.48,45.04,19.75,20.19,17.46,33.56,219.79,5.11,78.76,27.8,33.88,0.15,29.53,41.42,58.79,5.74,131.57,65.53,97.67,25.34,9.72,89.24,43.59,105.92,27.62,78.0,0.61,23.9,6.16,80.63,48.63,28.11,32.92,114.81,29.87,15.66,122.75,101.88,13.49,0.35,21.51,17.54,46.46,60.62,29.47,38.43,376.82,9.02,14.97,9.39,48.05,9.27,15.09,390.74,3.55,30.26,63.66,61.13,48.37,20.69,22.38,52.44,32.44,187.61,38.94,60.48,57.41,0.0,3.82
2026-10-06 05:50,29.06,34.16,37.44,37.9,50.76,54.26,52.99,55.72,39.1,52.94,52.99,42.58,56.73,47.21,31.73,46.1,37.42,43.99,47.78,51.87,53.8,55.16,48.01,55.13,56.57,45.84,47.74,47.52,46.29,47.28,43.88,49.33,48.62,821.18,14.09,30.11,841.71,24.23,85.89,81.38,64.82,30.23,112.34,30.36,31.5,36.72,15.51,42.9,62.23,12.2,0.0,81.06,15.07,26.44,17.52,44.79,345.8,16.39,41.8,30.46,25.84,188.1,18.92,42.46,64.41,5.43,132.86,60.34,89.94,27.89,3.13,127.43,25.82,97.54,11.64,49.76,0.53,22.01,75.54,158.07,71.4,90.17,28.06,73.55,30.06,13.49,163.79,102.87,18.19,2.61,19.48,23.53,36.23,51.07,9.51,50.76,215.93,27.0,5.35,13.41,66.83,12.44,49.82,463.12,2.77,43.2,77.5,82.96,21.43,79.27,14.28,102.79,42.85,131.89,35.65,59.21,56.35,0.0,3.82
2026-10-06 05:55,29.05,34.15,37.43,37.87,50.75,54.26,52.97,55.71,39.1,52.91,52.96,42.56,56.72,47.18,31.7,46.08,37.4,43.97,47.77,51.87,53.8,55.15,47.99,55.12,56.55,45.82,47.71,47.5,46.27,47.26,43.87,49.3,48.6,1109.36,59.06,88.98,914.37,44.58,148.0,135.61,123.61,39.86,216.15,108.98,24.9,67.55,13.89,46.89,20.66,23.47,58.47,106.85,20.13,34.7,5.36,10.24,369.26,21.7,123.54,52.54,34.52,94.65,17.16,41.61,111.1,5.93,122.55,33.79,50.36,19.57,13.13,42.31,53.01,54.62,12.66,53.16,0.64,12.33,54.18,6.19,47.0,119.43,25.12,66.71,41.13,39.2,37.47,94.89,34.69,3.1,33.56,6.62,80.89,89.7,39.84,50.67,121.65,21.34,19.19,4.45,26.78,3.5,25.95,159.7,6.19,14.34,102.18,43.3,35.71,34.01,15.25,4.03,42.77,197.79,82.18,61.79,57.09,0.0,3.81
2026-10-06 06:00,29.01,34.13,37.42,37.85,50.75,54.25,52.96,55.69,39.09,52.88,52.96,42.56,56.71,47.16,31.68,46.07,37.37,43.95,47.77,51.86,53.79,55.14,47.98,55.11,56.53,45.81,47.7,47.49,46.26,47.26,43.87,49.31,48.6,1440.01,25.65,105.86,1012.65,104.31,136.97,123.58,74.93,12.32,17.41,34.19,20.61,158.06,0.38,26.42,51.68,1.89,35.05,158.16,12.19,41.31,27.51,66.19,344.31,22.08,146.98,41.74,20.9,86.13,54.04,38.31,88.27,3.34,28.46,100.31,149.51,68.94,5.7,105.83,29.86,162.15,29.11,49.04,0.49,36.59,38.48,166.6,41.26,121.53,0.68,210.08,46.38,33.2,242.09,22.04,21.03,2.53,31.06,31.92,38.46,118.53,17.3,45.99,243.14,17.67,6.02,11.14,37.26,16.87,26.82,311.96,2.94,35.88,31.58,22.51,32.54,90.06,14.07,108.34,38.82,126.72,58.73,62.17,58.01,0.0,3.8
2026-10-06 06:05,28.99,34.12,37.41,37.87,50.75,54.26,52.97,55.7,39.1,52.91,52.95,42.56,56.72,47.18,31.7,46.08,37.4,43.97,47.77,51.87,53.79,55.15,47.99,55.12,56.55,45.82,47.7,47.49,46.26,47.25,43.87,49.29,48.6,1572.36,46.46,34.39,1278.85,69.81,119.75,100.49,177.33,40.44,46.47,91.29,45.99,105.78,25.38,54.36,20.73,5.05,43.64,37.26,20.67,54.53,11.65,87.09,243.06,14.93,47.75,58.62,35.45,67.84,17.92,57.11,123.96,6.88,64.6,77.16,115.0,59.32,10.33,42.45,47.89,124.72,11.05,58.16,0.63,28.15,67.21,138.13,37.42,82.18,45.91,69.67,87.87,30.59,318.49,50.02,49.77,1.79,27.16,21.07,36.1,41.52,31.34,65.5,90.01,39.41,16.08,4.47,57.72,11.14,32.54,255.05,2.76,14.39,103.66,0.0,26.46,82.97,16.69,89.83,55.3,127.91,38.54,62.26,57.38,0.0,3.8
2026-10-06 06:10,28.92,34.1,37.39,37.86,50.74,54.24,52.97,55.7,39.09,52.89,52.94,42.56,56.71,47.17,31.68,46.07,37.38,43.96,47.76,51.86,53.78,55.15,47.98,55.11,56.54,45.81,47.69,47.48,46.26,47.24,43.87,49.29,48.59,2355.48,67.37,101.52,1237.16,155.13,199.75,94.54,44.43,53.21,138.02,81.94,37.53,235.06,42.1,24.17,64.27,14.99,27.53,112.8,24.85,81.33,28.24,55.1,409.77,18.18,140.95,52.03,42.62,85.33,25.47,46.96,110.03,3.06,83.57,70.5,105.08,35.71,14.98,131.61,65.6,113.96,21.78,84.57,0.62,25.72,91.02,123.94,73.62,100.03,76.16,99.0,38.22,19.28,201.52,64.71,12.47,4.24,45.3,44.72,58.72,84.46,45.45,72.73,195.38,32.17,14.43,13.85,2.52,23.64,0.0,362.45,4.49,44.62,136.41,40.33,24.89,53.01,24.26,80.6,61.4,187.0,77.82,62.71,58.39,0.0,3.79
2026-10-06 06:15,28.9,34.08,37.38,37.9,50.76,54.26,53.0,55.74,39.1,52.93,52.98,42.57,56.73,47.21,31.73,46.1,37.42,44.0,47.78,51.88,53.81,55.17,48.02,55.14,56.58,45.84,47.73,47.52,46.28,47.28,43.88,49.32,48.62,2482.47,23.51,63.86,1279.71,62.11,197.14,66.13,192.56,26.7,81.6,91.63,29.23,94.11,26.17,89.51,23.97,8.86,84.22,134.68,13.15,145.77,1.57,39.34,283.0,28.16,88.66,24.53,22.55,95.55,42.9,54.38,51.88,11.33,170.22,98.52,146.85,44.47,5.23,49.08,31.06,159.26,14.53,108.1,0.72,35.94,115.23,244.61,94.46,154.96,47.34,166.75,34.97,41.43,143.88,131.8,54.04,1.71,44.7,53.15,31.46,121.75,15.86,96.16,151.86,25.06,16.14,5.17,30.54,28.1,56.06,297.83,2.41,16.64,68.45,7.58,17.41,25.06,31.02,159.07,81.18,144.4,80.71,60.25,55.84,0.0,3.78
2026-10-06 06:20,28.88,34.07,37.37,37.87,50.75,54.26,52.98,55.71,39.1,52.91,52.95,42.56,56.72,47.18,31.7,46.07,37.39,43.97,47.77,51.87,53.8,55.16,47.99,55.13,56.55,45.82,47.7,47.49,46.26,47.25,43.87,49.29,48.6,2630.34,113.7,104.22,1629.57,111.04,0.0,150.48,155.89,28.75,133.89,27.7,36.25,168.25,40.64,85.41,81.73,14.54,98.82,58.3,10.68,355.98,4.99,78.9,252.14,22.89,144.7,57.49,18.32,54.78,20.49,59.89,121.56,10.81,150.18,64.33,95.89,16.26,25.28,167.37,105.34,103.99,6.47,0.0,0.73,23.47,13.46,100.85,48.98,125.98,73.52,79.63,35.97,14.29,288.54,116.29,43.75,2.95,0.0,19.49,40.96,58.86,76.69,72.26,119.37,31.07,4.88,17.62,91.66,10.3,56.86,142.39,3.13,56.74,73.71,72.64,39.62,99.12,0.0,65.59,61.0,128.68,66.25,62.46,57.27,0.0,3.77
2026-10-06 06:25,28.79,34.03,37.34,37.77,50.69,54.18,52.88,55.61,39.1,52.81,52.88,42.52,56.64,47.09,31.6,45.98,37.3,43.87,47.71,51.82,53.73,55.08,47.9,55.04,56.45,45.74,47.62,47.42,46.21,47.19,43.84,49.23,48.55,3430.38,70.26,83.4,1836.99,113.9,159.75,155.25,212.38,42.27,312.86,74.05,13.59,172.59,40.53,56.5,73.14,33.97,75.66,52.93,20.1,548.75,26.32,38.75,192.67,12.46,115.8,42.11,34.46,58.79,35.75,3.15,89.05,7.15,117.19,81.18,121.0,51.07,15.63,149.77,73.57,131.23,20.97,85.54,0.78,29.61,152.95,73.0,68.31,68.56,73.32,138.97,32.46,38.03,141.72,90.74,59.61,5.46,36.23,78.5,101.42,57.12,47.4,65.35,156.96,11.65,13.04,15.76,67.62,41.5,0.0,309.45,7.76,50.78,108.36,74.48,40.88,77.24,24.54,47.48,55.17,268.01,92.09,67.84,65.22,0.0,3.77
2026-10-06 06:30,28.67,34.01,37.33,37.91,50.78,54.29,53.01,55.75,39.1,52.95,52.98,42.57,56.74,47.21,31.73,46.11,37.43,44.01,47.8,51.89,53.82,55.2,48.03,55.16,56.58,45.84,47.73,47.52,46.28,47.28,43.88,49.32,48.62,4720.56,126.52,97.0,1972.48,172.99,105.39,83.62,245.19,8.63,381.49,181.03,42.99,262.12,22.63,57.84,43.96,41.42,87.04,33.17,17.92,641.09,13.97,7.67,283.98,21.17,134.68,28.92,30.74,31.56,34.73,71.39,61.16,7.32,107.51,34.27,51.08,46.72,28.13,90.01,119.71,55.4,41.22,117.22,0.89,12.5,63.38,319.5,28.33,116.51,40.93,135.01,39.21,34.4,28.06,83.24,68.81,3.7,23.9,0.0,15.02,89.77,85.34,7.64,270.1,36.84,31.88,9.47,34.27,0.0,7.71,0.0,1.15,30.52,22.13,35.79,22.02,60.72,33.63,207.78,6.45,77.19,59.43,60.12,54.38,0.0,3.76
2026-10-06 06:35,28.76,34.01,37.32,37.81,50.72,54.22,52.92,55.65,39.1,52.86,52.92,42.54,56.68,47.13,31.64,46.03,37.34,43.91,47.74,51.84,53.76,55.11,47.94,55.07,56.49,45.77,47.65,47.46,46.24,47.22,43.86,49.27,48.58,3367.52,41.75,127.74,1827.01,119.42,264.26,302.79,74.58,25.01,160.54,92.16,24.66,180.94,6.94,85.41,108.7,17.43,134.77,70.04,24.0,945.85,28.65,101.94,121.88,33.91,177.35,31.96,41.16,92.52,0.0,25.18,67.59,10.81,51.77,72.14,107.53,44.45,9.28,222.59,41.11,116.62,20.57,91.96,0.77,26.32,110.63,268.27,96.71,186.62,12.55,0.0,34.22,69.3,372.83,40.08,20.93,3.48,59.92,25.66,93.21,98.93,28.16,14.76,260.29,21.14,16.23,23.43,10.05,13.56,38.86,490.07,7.13,75.46,64.12,125.43,79.73,85.98,26.39,174.46,12.46,225.32,112.46,65.11,61.55,0.0,3.75
2026-10-06 06:40,28.7,33.96,37.29,37.83,50.73,54.23,52.94,55.67,39.09,52.85,52.93,42.55,56.69,47.14,31.65,46.04,37.35,43.93,47.75,51.85,53.77,55.13,47.96,55.09,56.51,45.79,47.67,47.47,46.25,47.23,43.86,49.28,48.59,3891.99,71.0,140.69,2293.09,124.01,147.76,251.18,190.47,55.3,356.68,132.26,25.27,187.9,61.25,13.4,32.86,38.73,72.33,48.75,15.87,1447.78,11.42,115.87,399.28,27.08,195.34,0.0,27.22,33.92,66.89,31.98,0.0,1.7,130.78,116.94,174.3,34.85,15.79,67.29,59.62,189.03,23.79,32.13,1.06,42.66,141.62,24.81,88.9,149.01,110.8,260.02,57.36,25.17,423.74,101.26,53.46,4.41,33.51,44.38,35.31,120.15,47.89,46.37,82.33,21.66,23.29,7.08,105.21,23.46,68.44,289.03,2.7,22.81,141.77,40.57,66.14,112.49,9.22,16.14,39.14,190.5,65.73,64.3,60.28,0.0,3.74
2026-10-06 06:45,28.61,33.96,37.27,37.74,50.67,54.16,52.84,55.57,39.1,52.78,52.84,42.49,56.61,47.05,31.56,45.95,37.26,43.84,47.69,51.81,53.7,55.04,47.87,55.0,56.41,45.71,47.58,47.38,46.18,47.15,43.83,49.19,48.52,4570.09,88.54,74.57,1497.13,106.99,317.26,181.45,137.54,51.22,213.65,96.65,32.69,162.11,29.69,72.85,36.93,23.2,135.93,104.1,21.08,1304.58,11.25,138.71,458.13,24.01,103.53,54.59,36.15,114.17,59.23,21.33,115.43,9.22,254.91,27.7,41.29,54.11,19.69,75.63,85.59,44.78,7.62,62.31,1.08,10.11,104.01,293.78,57.17,132.15,53.7,230.25,74.95,83.25,507.29,197.38,38.6,1.63,71.94,26.24,103.19,80.86,59.72,61.36,226.22,28.02,17.02,7.96,74.15,13.87,94.56,478.96,7.89,25.64,131.3,100.91,47.78,73.67,17.88,191.05,51.8,343.27,92.28,71.33,68.04,0.0,3.73
2026-10-06 06:50,28.65,33.91,37.25,37.77,50.69,54.19,52.87,55.6,39.1,52.8,52.84,42.49,56.64,47.08,31.59,45.98,37.29,43.87,47.71,51.82,53.73,55.08,47.9,55.03,56.44,45.73,47.59,47.39,46.18,47.15,43.83,49.19,48.52,3907.39,107.13,127.2,2445.22,96.29,106.6,199.93,252.34,67.04,228.97,176.36,28.7,145.9,40.5,86.28,71.44,24.86,44.96,57.83,21.1,2178.47,7.79,123.72,45.05,12.62,176.6,116.66,36.19,15.11,47.05,34.46,246.71,10.92,101.32,79.36,118.29,72.41,23.82,146.3,89.97,128.29,19.64,62.19,1.11,28.95,66.27,193.91,50.37,69.43,73.26,182.91,88.23,77.25,452.49,78.45,70.82,4.79,24.17,9.63,165.01,43.54,72.27,88.26,58.19,24.6,31.05,15.4,26.03,5.09,42.0,537.88,12.62,49.6,171.87,132.44,52.65,40.86,17.84,126.11,74.51,217.7,76.48,70.6,64.96,0.0,3.72
2026-10-06 06:55,28.58,33.89,37.23,37.71,50.65,54.14,52.83,55.56,39.1,52.75,52.81,42.47,56.61,47.02,31.53,45.94,37.23,43.82,47.67,51.8,53.69,55.03,47.86,54.99,56.39,45.68,47.54,47.35,46.15,47.12,43.81,49.16,48.5,4452.01,58.38,128.88,2352.58,170.83,40.24,308.51,257.55,35.51,393.29,89.08,62.95,258.84,46.76,72.21,89.77,42.7,0.0,30.31,15.49,2031.97,18.19,141.57,317.05,18.59,178.94,58.72,26.56,137.53,39.13,16.12,124.17,9.14,331.01,109.78,163.63,75.55,12.98,183.83,55.86,177.46,8.98,161.38,1.19,40.05,89.12,227.67,77.73,102.32,84.59,152.1,94.37,48.99,517.75,256.3,72.28,1.75,9.12,62.31,31.36,144.57,39.38,9.73,317.35,53.96,15.69,19.35,38.93,32.94,61.16,259.06,2.4,62.32,91.04,128.14,81.24,182.16,46.3,148.06,8.21,174.98,55.57,73.66,69.07,0.0,3.71
2026-10-06 07:00,28.57,33.88,37.22,37.7,50.63,54.11,52.81,55.54,39.1,52.73,52.8,42.47,56.59,47.01,31.53,45.92,37.23,43.8,47.65,51.79,53.67,55.0,47.84,54.97,56.38,45.68,47.54,47.35,46.16,47.11,43.82,49.15,48.49,4295.04,117.24,106.22,2535.83,54.68,329.26,244.03,124.96,64.85,172.9,144.08,57.47,82.86,46.02,134.76,139.59,18.77,95.47,45.32,15.57,2600.72,25.84,73.41,391.22,26.02,147.47,115.58,26.71,194.85,16.97,42.09,244.42,17.05,259.18,54.22,80.82,46.35,26.07,285.86,109.55,87.65,38.86,77.9,1.23,19.78,114.4,173.57,106.04,143.2,83.24,65.99,24.18,56.12,268.47,200.68,35.07,4.69,74.66,66.32,74.29,100.35,79.08,99.82,144.93,49.26,25.37,30.09,111.76,35.06,68.72,548.49,5.68,96.91,166.25,10.91,64.26,0.0,22.35,112.88,84.27,381.42,1.68,73.54,71.14,0.0,3.7
2026-10-06 07:05,28.64,33.88,37.21,37.66,50.63,54.12,52.77,55.51,39.1,52.69,52.77,42.45,56.58,46.97,31.48,45.89,37.18,43.76,47.65,51.78,53.66,55.0,47.81,54.96,56.34,45.64,47.5,47.32,46.13,47.09,43.8,49.13,48.47,3329.84,120.49,216.36,2221.3,115.99,217.77,62.61,119.14,43.78,531.31,178.95,56.55,175.74,70.08,67.62,71.15,57.69,91.37,128.33,18.73,2207.48,21.03,93.31,131.82,44.15,300.4,110.71,32.12,87.19,71.68,46.98,234.12,8.56,197.19,138.88,207.0,107.46,26.79,145.7,113.8,224.5,38.26,98.75,1.13,50.66,59.65,334.18,84.82,242.95,126.77,278.63,54.74,73.61,341.24,152.69,33.44,5.69,49.38,38.69,94.28,46.12,81.28,138.83,386.8,48.47,31.51,15.33,78.76,20.45,33.19,194.45,7.21,49.39,112.24,36.67,16.49,13.12,28.33,217.33,117.21,235.05,73.51,76.37,71.62,0.0,3.68
2026-10-06 07:10,28.67,33.89,37.22,37.62,50.61,54.09,52.74,55.47,39.09,52.65,52.76,42.44,56.54,46.94,31.44,45.85,37.15,43.73,47.63,51.77,53.64,54.96,47.77,54.91,56.3,45.62,47.47,47.3,46.12,47.08,43.79,49.11,48.46,3391.75,62.41,119.77,2355.77,17.24,83.69,62.39,193.16,81.8,128.02,142.98,35.29,26.12,10.64,108.11,95.95,13.9,121.95,20.5,52.95,1976.7,23.02,119.73,122.71,35.94,166.3,29.71,90.81,114.86,56.54,58.57,62.83,13.68,80.23,37.72,56.22,130.05,13.88,196.48,60.68,60.97,33.41,133.91,0.98,13.76,136.98,74.52,152.37,197.79,19.26,219.77,160.17,58.27,437.88,62.12,54.21,2.51,18.98,44.57,99.54,107.94,42.1,106.16,222.99,30.25,25.18,20.68,92.82,23.56,102.99,558.1,7.62,66.61,209.69,148.74,16.43,0.0,38.42,48.46,89.62,203.83,109.47,77.52,74.02,0.0,3.67
2026-10-06 07:15,28.64,33.86,37.19,37.68,50.63,54.12,52.79,55.53,39.1,52.72,52.8,42.46,56.58,46.99,31.5,45.9,37.2,43.78,47.65,51.78,53.67,55.01,47.82,54.97,56.36,45.66,47.53,47.34,46.15,47.11,43.81,49.15,48.49,3188.4,120.95,158.99,2131.99,177.5,231.37,175.82,202.54,97.56,332.57,168.51,34.9,268.95,64.18,122.94,98.19,36.11,101.96,24.23,7.38,2362.79,15.6,94.38,332.7,33.56,220.75,110.86,12.66,100.12,40.7,18.17,234.44,15.56,382.72,80.71,120.3,106.22,26.9,201.07,117.52,130.47,36.19,101.01,1.1,29.44,1.11,190.22,83.45,184.66,116.1,158.22,107.69,55.2,345.19,296.34,56.84,1.76,52.46,63.6,70.49,87.24,81.58,110.85,243.71,29.91,29.67,21.16,110.66,33.62,83.58,280.56,5.39,68.17,250.09,116.21,46.3,107.31,28.98,123.71,93.58,281.68,120.28,74.87,71.21,0.0,3.66
2026-10-06 07:20,28.69,33.83,37.18,37.6,50.59,54.07,52.72,55.45,39.1,52.64,52.74,42.43,56.52,46.92,31.42,45.83,37.13,43.71,47.6,51.75,53.61,54.93,47.75,54.89,56.28,45.6,47.45,47.28,46.11,47.05,43.79,49.09,48.45,2263.15,116.18,59.62,2420.76,191.85,247.45,221.03,532.07,83.06,515.28,95.55,84.89,290.69,53.09,129.48,13.81,55.95,94.36,135.17,45.66,2758.06,39.69,51.21,485.29,10.08,82.77,60.22,78.31,111.75,0.44,27.62,127.35,16.38,247.9,121.97,181.8,126.32,25.84,28.28,101.8,197.16,33.66,88.8,0.95,44.5,108.19,423.14,141.43,55.48,96.05,1.72,118.63,45.02,187.28,191.95,149.33,1.38,56.11,37.4,27.28,50.76,78.37,147.87,291.25,72.76,16.82,2.98,101.34,19.77,76.63,212.33,2.09,9.59,212.94,204.22,58.2,186.49,25.48,275.18,124.83,211.64,95.44,78.67,76.58,0.0,3.65
2026-10-06 07:25,28.73,33.87,37.19,37.56,50.57,54.06,52.68,55.42,39.09,52.59,52.7,42.4,56.5,46.87,31.37,45.78,37.08,43.66,47.59,51.74,53.6,54.92,47.71,54.87,56.24,45.56,47.41,47.24,46.08,47.02,43.78,49.06,48.42,1777.92,120.0,172.76,1449.5,285.3,384.54,333.51,267.92,20.04,151.3,187.54,82.97,432.29,41.56,142.71,128.6,16.43,85.52,119.57,20.44,2349.57,40.2,62.08,221.97,40.32,239.86,119.61,35.05,24.93,53.9,55.77,252.95,18.06,170.12,142.62,212.58,103.73,26.69,263.36,110.16,230.55,0.33,78.38,0.92,52.03,225.95,91.67,8.52,221.86,75.19,209.52,49.9,60.39,227.06,131.72,75.19,4.13,87.2,119.44,119.7,188.95,80.95,127.31,158.26,71.11,33.02,27.72,49.25,63.14,61.95,335.93,9.16,89.29,51.36,82.44,87.82,213.64,22.49,59.61,107.48,376.28,19.77,81.75,78.18,0.0,3.64
2026-10-06 07:30,28.77,33.89,37.19,37.65,50.62,54.09,52.76,55.5,39.1,52.69,52.78,42.45,56.56,46.97,31.47,45.87,37.18,43.75,47.64,51.77,53.65,54.98,47.79,54.94,56.33,45.64,47.5,47.32,46.13,47.09,43.8,49.13,48.48,1563.65,52.27,136.57,1332.84,268.5,266.19,24.17,180.19,67.13,251.54,254.49,87.44,406.83,39.35,17.56,0.0,27.31,172.64,127.06,39.75,2485.06,13.7,81.41,366.86,13.01,189.62,61.06,68.17,118.16,30.58,42.68,129.12,2.22,151.9,86.72,129.26,71.46,11.62,0.0,52.43,140.19,25.2,47.2,0.87,31.64,75.82,0.0,34.2,71.59,71.18,118.89,185.52,82.87,297.73,117.62,50.57,4.38,60.36,73.9,196.47,60.2,35.26,118.06,221.9,74.95,44.81,0.0,80.69,39.07,105.22,294.22,15.03,0.0,172.09,74.78,6.37,176.32,13.54,0.0,99.66,344.88,102.01,76.43,72.45,0.0,3.63
2026-10-06 07:35,28.76,33.86,37.17,37.54,50.56,54.04,52.66,55.4,39.09,52.57,52.67,42.39,56.49,46.86,31.35,45.78,37.07,43.65,47.58,51.73,53.59,54.9,47.7,54.86,56.23,45.55,47.39,47.22,46.06,47.0,43.77,49.03,48.41,1196.39,220.64,65.81,1464.41,251.83,65.23,222.87,277.25,32.84,46.11,85.43,73.03,381.57,49.15,11.42,78.04,5.01,129.97,86.65,41.52,2959.83,33.14,143.38,285.07,21.72,91.38,40.2,71.21,131.72,135.51,31.7,85.01,1.45,0.0,182.81,272.48,56.21,49.06,159.81,202.37,295.51,33.78,150.42,0.77,66.69,60.63,189.98,105.23,119.51,88.92,526.77,104.92,120.29,524.37,0.0,77.81,6.45,14.79,89.23,118.8,146.05,148.83,35.43,15.01,62.59,15.04,16.82,2.16,47.17,59.15,376.04,9.09,54.18,84.18,88.18,58.69,292.9,43.16,123.55,29.91,56.29,194.32,82.33,79.04,0.0,3.62
2026-10-06 07:40,28.73,33.84,37.15,37.48,50.54,54.02,52.61,55.34,39.09,52.51,52.61,42.35,56.46,46.8,31.29,45.73,37.0,43.59,47.56,51.71,53.57,54.88,47.65,54.82,56.17,45.49,47.32,47.17,46.01,46.94,43.75,48.98,48.36,972.08,155.66,27.3,1283.62,287.03,371.62,106.78,432.1,35.97,154.47,255.59,48.99,434.91,65.74,94.74,186.69,16.77,232.53,116.58,42.21,2720.24,30.77,71.65,444.26,29.04,37.91,90.2,72.38,99.35,107.92,33.92,190.74,11.99,179.04,50.47,75.22,132.53,34.62,382.31,139.17,81.58,29.21,174.37,0.64,18.41,175.06,405.83,0.0,159.82,118.93,419.52,119.93,120.53,262.05,138.63,121.27,3.31,84.27,69.06,120.4,96.18,105.0,94.92,188.25,41.99,45.01,40.24,157.64,36.51,138.74,510.8,9.21,129.61,92.21,86.55,28.12,275.69,50.03,263.92,80.13,449.64,96.42,86.89,81.9,0.0,3.61
2026-10-06 07:45,28.75,33.86,37.15,37.58,50.58,54.05,52.7,55.43,39.09,52.61,52.72,42.41,56.51,46.9,31.4,45.81,37.11,43.69,47.6,51.74,53.61,54.94,47.73,54.89,56.26,45.58,47.43,47.27,46.09,47.05,43.78,49.09,48.44,834.37,49.61,189.68,741.83,110.5,137.85,322.66,89.68,92.04,389.31,239.73,86.89,167.43,5.5,70.25,46.47,42.27,223.29,154.68,11.96,2961.11,13.94,87.3,601.86,9.43,263.36,155.8,20.51,152.7,83.51,36.65,329.46,8.89,482.02,111.46,166.13,79.04,11.03,95.16,45.18,180.17,20.57,0.0,0.76,40.66,169.94,57.95,26.43,51.88,9.96,324.61,196.42,92.25,319.28,373.23,25.17,3.51,31.26,39.76,235.28,138.38,33.46,139.98,160.26,74.47,42.21,10.01,88.42,21.02,54.22,324.05,18.0,32.26,235.94,123.61,84.96,215.13,0.0,37.69,118.18,213.17,169.31,80.16,76.91,0.0,3.6
2026-10-06 07:50,28.69,33.83,37.13,37.37,50.48,53.94,52.5,55.23,39.09,52.4,52.54,42.3,56.38,46.69,31.18,45.63,36.9,43.49,47.49,51.66,53.49,54.81,47.55,54.74,56.06,45.41,47.23,47.09,45.96,46.87,43.72,48.91,48.31,918.18,131.28,82.16,702.75,106.61,562.79,281.02,114.24,62.51,446.04,265.84,117.44,161.54,19.08,129.32,124.61,48.43,159.72,106.24,39.06,2543.26,17.91,140.06,70.32,23.19,114.07,119.42,67.0,118.74,62.98,62.19,252.54,16.36,354.32,187.69,279.75,80.71,29.19,255.19,115.74,303.39,26.61,159.04,0.66,68.47,160.38,603.76,83.37,127.59,34.51,244.82,49.78,96.55,512.23,274.35,32.06,4.68,127.62,69.38,146.69,93.85,88.56,120.36,458.32,100.66,46.81,26.86,176.43,36.68,184.74,441.93,11.22,86.52,160.25,135.6,74.0,126.27,45.63,392.64,101.61,474.87,175.58,91.82,88.29,0.0,3.59
2026-10-06 07:55,28.69,33.81,37.11,37.33,50.42,53.86,52.45,55.19,39.1,52.38,52.49,42.27,56.32,46.64,31.14,45.58,36.85,43.43,47.43,51.63,53.43,54.73,47.49,54.68,56.01,45.37,47.18,47.04,45.92,46.82,43.7,48.85,48.27,706.69,72.47,196.98,588.11,189.85,423.13,274.34,442.17,107.4,757.47,227.93,84.4,287.66,94.7,143.73,160.0,82.25,202.22,99.32,54.84,2957.07,24.38,125.81,270.29,64.33,273.49,87.95,94.05,92.28,63.62,20.19,185.98,18.19,251.31,35.34,52.68,112.41,16.12,327.65,65.95,57.13,62.77,69.13,0.61,12.89,238.24,348.86,121.79,354.0,171.32,247.3,96.88,89.43,460.11,194.59,124.1,8.41,95.95,133.64,136.68,126.07,48.88,0.0,335.15,72.34,40.14,34.48,105.16,70.65,89.99,440.42,10.46,111.08,275.33,106.87,72.24,107.43,19.84,226.87,0.0,438.77,163.14,94.75,92.59,0.0,3.58
2026-10-06 08:00,28.71,33.81,37.1,37.46,50.53,54.01,52.58,55.32,39.09,52.5,52.62,42.35,56.44,46.77,31.27,45.71,36.98,43.57,47.55,51.7,53.55,54.85,47.62,54.8,56.14,45.48,47.32,47.17,46.02,46.95,43.75,48.98,48.37,479.41,134.57,120.98,630.09,204.03,441.27,225.74,316.91,58.62,360.51,297.01,42.39,309.15,61.86,60.92,85.33,39.14,128.7,67.78,6.53,3332.33,40.85,166.25,333.39,15.81,167.97,118.55,11.2,29.39,126.5,48.87,250.69,7.71,413.46,18.73,27.91,209.86,29.92,174.75,121.08,30.27,18.62,167.05,0.67,6.83,157.19,347.39,18.79,86.98,111.91,491.75,155.45,76.26,608.03,320.14,88.94,5.85,100.06,80.0,200.19,44.92,90.77,53.25,337.73,36.33,52.3,18.39,124.08,42.29,117.74,317.95,15.32,59.24,150.28,64.89,59.44,310.37,47.93,225.91,44.95,343.85,269.33,86.88,82.76,0.0,3.57
2026-10-06 08:05,28.69,33.78,37.08,37.39,50.5,53.98,52.52,55.25,39.09,52.4,52.55,42.3,56.4,46.7,31.19,45.64,36.91,43.5,47.52,51.68,53.52,54.83,47.56,54.76,56.07,45.42,47.23,47.1,45.97,46.88,43.72,48.92,48.32,472.35,14.09,173.73,540.34,255.5,244.2,281.46,519.92,26.33,490.87,254.43,62.45,387.14,110.93,65.34,74.9,53.3,134.48,84.79,13.66,3564.2,24.94,187.94,412.97,57.99,241.21,84.09,23.43,13.84,158.23,21.07,177.83,8.27,418.25,148.15,220.82,97.09,3.13,153.37,13.91,239.48,39.15,173.64,0.6,54.05,147.03,178.9,79.91,319.13,200.67,615.08,118.4,82.6,687.32,323.85,145.92,8.62,55.38,122.62,120.79,147.84,9.51,182.71,274.57,53.53,44.8,16.14,101.67,64.82,87.01,325.42,9.24,52.0,67.49,36.58,74.12,222.43,49.82,116.34,154.25,392.9,168.63,91.46,85.96,0.0,3.56
2026-10-06 08:10,28.69,33.8,37.09,37.41,50.51,53.98,52.53,55.27,39.09,52.44,52.56,42.31,56.42,46.72,31.21,45.67,36.93,43.51,47.53,51.69,53.53,54.83,47.59,54.77,56.09,45.44,47.25,47.11,45.97,46.89,43.73,48.92,48.32,413.78,0.0,310.7,489.25,230.54,264.54,0.0,257.77,34.72,471.06,206.29,87.24,349.31,0.0,54.42,156.08,51.15,208.53,141.81,71.29,3237.6,30.02,131.58,503.33,77.89,431.39,112.29,122.26,124.9,71.97,0.15,237.45,6.89,392.04,0.0,0.0,147.23,0.0,319.62,19.6,0.0,19.69,247.94,0.7,0.0,209.53,445.65,46.59,428.65,0.0,279.75,170.08,16.33,481.23,303.55,72.34,11.28,59.99,101.38,187.48,0.0,0.0,123.81,72.68,74.78,36.33,33.64,5.64,53.59,177.6,632.03,14.34,108.36,89.01,0.0,0.0,243.87,71.14,289.82,104.52,345.06,140.49,90.17,85.08,0.0,3.55
2026-10-06 08:15,28.65,33.77,37.06,37.23,50.35,53.79,52.35,55.09,39.09,52.25,52.44,42.23,56.25,46.54,31.03,45.48,36.75,43.34,47.37,51.59,53.36,54.65,47.4,54.6,55.91,45.29,47.09,46.99,45.88,46.78,43.68,48.82,48.25,412.89,120.72,273.34,366.65,283.14,148.32,547.96,203.92,44.2,799.75,240.69,26.34,429.02,60.99,119.68,225.92,86.84,130.12,72.82,61.76,3362.25,20.96,173.25,482.78,16.87,379.51,40.72,105.92,124.91,122.98,78.77,86.12,15.14,226.19,63.85,95.17,0.0,26.85,462.65,114.2,103.21,59.26,22.93,0.67,23.29,219.88,643.63,231.97,92.85,110.33,478.07,197.54,120.17,633.62,175.13,57.23,4.67,33.63,143.9,183.29,237.05,81.43,155.24,307.42,22.58,42.38,48.69,120.76,76.08,72.06,256.99,14.02,156.85,113.3,160.11,144.29,136.74,6.58,418.57,131.06,281.19,207.69,98.3,97.94,0.0,3.54
2026-10-06 08:20,28.64,33.75,37.04,37.31,50.42,53.87,52.43,55.17,39.1,52.35,52.47,42.26,56.32,46.62,31.11,45.56,36.83,43.41,47.43,51.63,53.44,54.74,47.48,54.67,55.99,45.36,47.17,47.04,45.91,46.81,43.69,48.84,48.26,325.73,154.67,206.13,360.28,0.62,580.72,54.99,186.79,55.61,214.82,152.5,152.25,0.94,106.65,166.33,145.01,23.33,206.37,109.72,37.03,4447.45,43.74,169.5,326.82,78.63,286.2,100.04,63.51,235.9,112.01,39.33,211.55,21.05,120.33,113.32,168.91,115.51,34.39,296.95,133.29,183.18,42.18,211.05,0.85,41.34,147.84,221.35,105.98,432.69,192.94,435.41,244.62,23.93,619.9,93.17,52.42,11.8,131.68,111.37,160.2,47.45,104.33,112.74,291.66,130.49,26.85,31.25,111.97,58.88,126.99,536.48,12.26,100.67,142.55,150.89,14.48,326.61,60.56,143.95,95.18,593.71,305.29,95.56,92.54,0.0,3.52
2026-10-06 08:25,28.63,33.74,37.03,37.39,50.48,53.94,52.51,55.25,39.09,52.42,52.58,42.33,56.39,46.7,31.2,45.64,36.91,43.5,47.5,51.67,53.49,54.79,47.56,54.73,56.07,45.42,47.25,47.13,45.99,46.91,43.74,48.95,48.34,362.59,50.18,128.42,325.25,185.88,326.05,277.0,114.2,119.75,481.07,185.54,95.85,281.65,28.19,186.72,100.63,52.24,195.45,134.9,16.35,4548.42,48.1,118.47,331.72,0.0,178.31,221.35,28.03,82.56,94.08,30.45,468.08,23.63,345.43,126.96,189.23,92.08,11.16,206.08,60.48,205.22,29.72,240.24,0.7,46.31,190.94,452.96,40.46,0.0,50.99,365.7,84.66,30.7,433.25,267.46,32.05,0.0,73.93,58.05,138.82,169.98,33.85,66.33,512.77,82.15,32.67,21.69,74.06,30.69,57.33,648.87,10.62,69.87,306.98,243.09,72.94,146.91,68.93,294.57,56.0,331.96,177.61,89.53,87.94,0.0,3.51
2026-10-06 08:30,28.62,33.71,37.01,37.35,50.46,53.93,52.47,55.21,39.09,52.35,52.55,42.31,56.36,46.66,31.15,45.6,36.87,43.46,47.48,51.66,53.47,54.79,47.52,54.72,56.03,45.39,47.21,47.1,45.97,46.88,43.72,48.92,48.32,321.38,192.6,279.24,344.64,216.08,34.7,117.22,441.3,159.0,594.38,86.62,14.47,327.41,33.12,128.19,0.0,64.54,40.56,76.46,86.96,6378.44,29.03,0.0,167.87,16.41,387.7,134.47,149.14,82.06,43.75,69.99,284.36,16.22,469.93,218.01,324.95,211.03,42.83,0.0,180.73,352.41,27.01,241.93,0.88,79.53,173.76,240.55,105.13,90.28,59.92,170.07,127.93,89.11,0.0,363.86,123.85,6.16,7.87,180.67,198.14,83.09,129.92,179.9,386.45,12.4,15.25,0.0,97.6,95.51,105.09,309.25,15.16,0.0,407.61,157.82,30.87,246.06,69.42,156.43,151.88,256.17,198.77,91.61,89.57,0.0,3.5
2026-10-06 08:35,28.54,33.65,36.96,37.17,50.34,53.77,52.3,55.04,39.09,52.2,52.37,42.18,56.23,46.49,30.96,45.43,36.69,43.28,47.36,51.57,53.34,54.61,47.36,54.56,55.85,45.24,47.04,46.93,45.82,46.71,43.65,48.74,48.18,199.63,100.01,229.84,365.78,159.81,732.29,428.33,756.56,119.58,137.46,275.79,160.17,242.14,31.64,49.26,166.86,14.93,127.88,56.7,58.99,5898.54,22.54,177.38,402.66,47.22,319.11,168.45,101.17,152.56,117.36,44.44,356.22,6.23,282.62,120.11,179.02,64.21,22.24,341.71,94.94,194.15,66.54,197.07,0.98,43.82,124.2,690.67,59.0,259.87,57.23,456.22,115.15,36.28,648.7,218.83,212.33,2.78,166.05,76.1,87.23,162.15,67.46,234.09,302.64,137.28,48.56,35.96,68.26,40.23,197.16,519.0,6.67,115.85,306.54,177.11,112.79,244.65,56.54,449.16,197.63,729.52,101.65,102.42,99.97,0.0,3.49
2026-10-06 08:40,28.55,33.67,36.97,37.36,50.44,53.89,52.49,55.23,39.1,52.39,52.51,42.27,56.35,46.67,31.15,45.59,36.88,43.47,47.45,51.65,53.46,54.77,47.53,54.72,56.05,45.39,47.2,47.06,45.92,46.84,43.7,48.88,48.28,220.33,36.5,181.82,304.26,329.02,422.33,98.81,272.26,93.58,299.28,213.46,35.95,498.53,97.97,141.97,68.3,32.5,298.09,124.85,21.26,6254.33,28.19,217.75,262.77,82.21,252.45,119.0,36.46,174.25,87.87,63.91,251.65,17.96,334.12,151.46,225.75,123.94,8.12,139.86,51.58,244.83,50.98,123.46,1.15,55.25,185.23,539.49,48.48,452.39,177.24,341.57,141.42,68.6,796.36,258.71,76.41,1.11,95.77,78.76,183.73,99.03,24.62,317.45,294.85,30.81,37.59,14.72,37.77,41.63,234.27,112.86,14.06,47.42,239.9,186.93,26.02,213.91,35.42,350.85,268.0,402.85,44.22,94.16,90.77,0.0,3.48
2026-10-06 08:45,28.55,33.64,36.94,37.22,50.39,53.84,52.35,55.08,39.09,52.24,52.42,42.22,56.27,46.53,31.02,45.48,36.74,43.33,47.4,51.6,53.39,54.68,47.41,54.61,55.9,45.28,47.09,46.98,45.88,46.77,43.68,48.8,48.23,220.39,144.09,175.94,304.11,130.2,317.74,372.61,353.48,92.32,485.25,139.89,65.41,197.27,26.04,76.1,177.53,52.69,94.92,170.46,76.23,7314.56,34.66,132.03,356.8,37.92,244.27,174.03,130.73,102.26,150.21,16.76,368.03,9.63,273.79,94.8,141.3,8.5,32.04,363.55,136.71,153.24,48.27,69.88,1.02,34.58,231.13,332.54,53.83,208.65,47.11,583.91,244.76,186.25,482.86,211.99,99.21,6.8,72.05,178.08,270.46,160.14,97.19,226.19,381.53,56.07,24.63,38.26,111.98,94.14,75.76,294.45,20.69,123.25,236.66,161.66,98.12,239.64,20.05,216.26,190.96,323.66,14.84,99.07,95.73,0.0,3.46
2026-10-06 08:50,28.53,33.62,36.92,37.24,50.41,53.87,52.38,55.12,39.09,52.27,52.44,42.24,56.29,46.56,31.04,45.5,36.77,43.36,47.43,51.62,53.41,54.7,47.42,54.64,55.93,45.3,47.12,47.0,45.89,46.78,43.68,48.81,48.24,212.0,66.54,133.25,289.64,286.38,74.86,407.01,382.38,104.4,603.46,397.87,60.4,433.93,22.82,58.31,153.0,65.53,79.22,162.1,50.96,7964.65,43.26,81.15,451.96,37.41,185.0,164.13,87.39,148.5,8.17,3.28,347.08,7.38,0.0,276.02,411.41,159.36,14.8,313.32,60.58,446.19,36.76,214.15,0.8,100.69,136.64,380.4,65.07,205.86,41.27,31.77,83.65,132.41,296.79,0.0,107.32,7.6,16.98,62.29,214.65,184.23,44.88,255.57,329.25,51.77,70.06,32.97,123.31,32.93,226.52,323.58,16.42,106.22,267.63,48.12,107.18,366.19,61.44,247.38,215.76,64.5,288.9,97.73,93.98,0.0,3.45
2026-10-06 08:55,28.48,33.58,36.89,37.21,50.39,53.84,52.34,55.08,39.09,52.25,52.43,42.22,56.26,46.53,31.0,45.47,36.73,43.32,47.4,51.6,53.38,54.67,47.39,54.61,55.9,45.28,47.09,46.99,45.88,46.78,43.68,48.81,48.23,226.96,199.0,114.16,269.38,130.17,514.12,619.59,101.66,74.79,723.26,230.46,139.97,197.23,88.7,0.0,155.65,78.53,31.72,218.48,51.73,8351.66,17.55,138.55,192.09,33.33,158.5,126.58,88.72,42.96,206.37,53.71,267.68,0.0,139.21,304.89,454.44,86.53,44.25,318.74,167.12,492.85,41.0,342.37,1.46,111.22,222.01,400.25,84.78,183.4,160.46,802.19,104.29,105.95,506.72,107.79,28.53,3.2,116.58,86.47,173.67,143.58,134.23,238.05,209.99,119.97,40.58,33.54,188.68,45.71,119.21,179.08,13.29,108.06,191.72,146.4,163.15,234.83,98.23,260.29,200.97,453.24,323.31,98.92,96.83,0.0,3.44
2026-10-06 09:00,28.48,33.57,36.87,37.32,50.44,53.89,52.45,55.19,39.09,52.35,52.53,42.28,56.33,46.64,31.13,45.58,36.85,43.43,47.45,51.64,53.45,54.75,47.5,54.68,56.01,45.37,47.2,47.08,45.93,46.86,43.7,48.9,48.29,214.65,8.33,141.48,279.36,114.42,466.22,507.71,428.41,100.44,991.14,362.39,49.4,173.37,0.0,201.14,92.39,107.62,56.27,72.66,44.2,8797.78,16.01,136.93,578.77,88.34,196.44,113.9,75.8,147.81,125.4,46.7,240.87,25.45,282.12,91.35,136.16,41.75,1.85,189.19,21.21,147.67,7.85,152.04,1.08,33.32,55.8,292.67,63.2,486.13,0.0,487.47,242.19,70.17,500.78,218.44,120.24,3.02,105.72,157.32,141.52,72.46,5.62,148.47,441.64,42.34,63.81,19.91,73.74,83.17,160.29,236.83,10.83,64.14,257.49,312.86,133.69,92.17,43.62,190.33,125.34,472.93,139.62,94.44,91.69,0.0,3.42
2026-10-06 09:05,28.47,33.56,36.87,37.06,50.31,53.74,52.2,54.94,39.09,52.09,52.27,42.13,56.17,46.38,30.86,45.34,36.58,43.17,47.32,51.54,53.31,54.55,47.26,54.49,55.75,45.15,46.93,46.84,45.76,46.63,43.62,48.65,48.12,174.01,29.82,73.24,300.5,172.51,827.57,264.76,855.35,148.61,289.73,144.17,117.04,261.38,62.67,135.84,77.46,31.46,260.44,163.55,75.99,9029.83,12.79,37.24,361.92,55.42,101.68,138.28,130.33,85.11,95.18,0.51,292.43,17.19,375.35,33.07,49.3,114.46,6.63,158.63,43.37,53.46,53.36,245.44,1.16,12.07,270.7,300.3,119.85,304.99,113.37,369.99,127.01,140.18,136.2,290.63,240.06,10.41,187.66,129.92,277.63,118.64,20.11,97.92,334.4,100.32,25.39,16.69,78.67,68.68,240.29,40.41,21.24,53.78,380.97,76.59,69.72,276.06,70.42,195.29,82.66,624.46,209.7,107.14,102.87,0.0,3.41
2026-10-06 09:10,28.43,33.53,36.84,37.28,50.4,53.84,52.41,55.15,39.09,52.31,52.46,42.26,56.3,46.59,31.08,45.54,36.8,43.39,47.41,51.62,53.41,54.7,47.46,54.65,55.96,45.33,47.14,47.02,45.91,46.81,43.69,48.83,48.26,201.78,271.7,321.62,265.03,333.66,347.79,206.35,415.87,98.68,786.78,107.41,47.79,505.57,77.79,107.75,240.17,85.43,34.25,30.38,0.0,7828.24,53.21,152.02,379.02,56.73,446.54,240.75,0.0,147.0,89.02,57.13,509.12,13.63,309.13,73.94,110.21,145.69,60.42,491.83,238.81,119.53,15.69,223.8,1.09,26.97,147.29,491.26,59.7,312.17,140.73,346.06,257.36,164.47,555.95,239.36,116.72,8.78,78.86,38.18,258.36,106.83,183.27,60.47,283.09,40.96,18.91,51.76,169.0,20.18,22.93,0.0,19.77,166.74,252.96,153.15,54.34,280.69,64.21,319.48,51.05,254.74,205.26,96.22,94.48,0.0,3.4
2026-10-06 09:15,28.42,33.51,36.82,37.35,50.42,53.87,52.47,55.21,39.09,52.38,52.53,42.29,56.33,46.66,31.15,45.58,36.87,43.46,47.44,51.63,53.43,54.74,47.5,54.69,56.03,45.38,47.2,47.08,45.94,46.86,43.71,48.9,48.3,135.63,75.31,274.5,230.15,188.2,187.92,464.84,710.35,86.51,489.03,317.57,83.37,285.17,39.09,34.51,198.78,53.1,136.61,8.79,46.45,9664.32,29.93,71.42,635.33,11.82,381.12,175.6,79.65,206.79,160.2,69.53,371.34,4.37,250.85,65.5,97.62,172.35,16.75,407.07,80.69,105.87,16.78,40.38,0.97,23.89,233.26,784.26,104.92,65.04,70.71,622.72,138.66,97.9,261.21,194.23,199.36,3.5,42.61,112.52,73.37,158.49,50.8,313.16,183.17,71.46,55.92,42.84,79.67,59.48,105.52,348.92,5.61,138.01,221.77,0.0,122.4,227.44,11.59,510.03,264.37,247.56,238.11,92.94,92.21,0.0,3.38
2026-10-06 09:20,28.48,33.57,36.86,37.2,50.35,53.79,52.33,55.07,39.09,52.23,52.4,42.21,56.24,46.51,30.99,45.47,36.72,43.31,47.36,51.58,53.36,54.64,47.39,54.58,55.89,45.26,47.06,46.96,45.86,46.75,43.67,48.78,48.21,156.33,146.13,152.46,355.07,260.53,513.6,419.57,179.93,12.8,347.74,231.89,84.37,394.75,110.85,99.82,80.24,37.76,195.62,233.26,20.73,7210.28,21.01,47.21,282.85,74.14,211.68,0.0,35.55,178.63,123.3,10.77,0.0,12.63,326.29,82.0,122.23,34.48,32.5,164.32,126.85,132.56,99.22,359.3,0.89,29.91,197.44,390.86,115.21,407.99,200.52,479.31,4.79,125.31,172.67,252.64,50.5,7.1,116.46,13.77,0.0,192.7,98.57,107.42,435.53,72.31,40.83,17.29,105.02,7.28,32.23,406.34,0.0,55.71,32.82,171.4,110.48,432.11,103.09,254.19,90.69,584.92,318.47,99.81,98.75,0.0,3.37
2026-10-06 09:25,28.36,33.46,36.78,37.11,50.34,53.78,52.26,54.99,39.09,52.14,52.3,42.16,56.2,46.43,30.9,45.39,36.64,43.23,47.35,51.56,53.33,54.61,47.32,54.53,55.8,45.19,46.97,46.87,45.8,46.66,43.64,48.68,48.15,183.16,265.15,297.21,289.64,382.75,437.26,379.42,712.69,139.28,918.32,290.72,98.91,579.95,115.02,40.15,128.95,99.71,231.4,149.03,61.87,7351.65,53.89,112.2,398.48,62.27,412.65,191.29,106.11,85.81,143.62,90.19,404.52,5.08,250.25,241.3,359.66,133.85,58.96,264.07,227.47,390.06,63.57,236.95,0.92,88.03,311.71,241.9,82.91,342.68,208.07,558.3,120.9,94.93,410.34,193.77,200.02,3.79,99.15,11.28,214.96,60.64,178.85,139.98,275.39,84.78,51.19,27.79,56.18,5.96,148.96,370.69,16.45,89.53,357.06,174.11,99.91,228.71,67.99,157.31,118.18,495.88,247.61,104.56,100.43,0.0,3.35
2026-10-06 09:30,28.37,33.49,36.79,37.1,50.34,53.78,52.25,55.0,39.08,52.08,52.28,42.14,56.2,46.42,30.9,45.38,36.62,43.23,47.35,51.56,53.34,54.61,47.31,54.53,55.8,45.17,46.95,46.84,45.76,46.63,43.62,48.65,48.12,179.18,143.07,0.0,256.06,398.4,386.18,618.54,370.71,116.53,135.67,160.71,117.95,603.65,70.37,0.06,73.46,14.73,243.08,174.5,0.1,7134.46,41.79,179.26,385.81,65.13,0.0,90.9,0.17,124.96,133.6,76.82,192.22,0.01,284.96,253.73,378.18,179.92,31.82,150.43,126.62,410.14,44.08,97.4,0.58,92.56,316.65,815.56,189.74,358.4,127.31,519.32,122.08,147.4,655.58,220.65,104.04,3.17,87.57,158.02,91.86,210.22,96.51,241.71,273.71,101.09,28.3,15.83,174.14,83.54,174.71,420.57,7.03,51.0,298.73,242.94,162.88,184.88,27.95,530.38,204.06,428.37,155.86,106.7,100.87,0.0,3.34
2026-10-06 09:35,28.39,33.52,36.81,37.09,50.3,53.72,52.25,54.98,39.07,52.07,52.3,42.15,56.18,46.4,30.88,45.37,36.61,43.22,47.31,51.55,53.3,54.56,47.3,54.5,55.79,45.17,46.96,46.86,45.78,46.65,43.63,48.68,48.13,124.33,276.95,331.19,277.34,248.69,876.76,188.73,0.0,136.34,754.15,177.87,83.19,376.82,64.06,163.5,183.64,81.89,171.74,172.13,46.26,4402.84,20.81,139.56,410.35,45.47,459.82,90.74,79.33,146.72,130.16,43.49,191.89,20.69,38.91,191.4,285.28,192.15,61.59,376.07,233.88,309.39,39.05,202.78,0.46,69.82,295.57,564.31,65.26,250.21,115.89,505.96,101.03,74.06,510.39,30.13,0.0,6.69,198.81,56.37,239.28,202.55,186.82,291.3,513.66,71.3,31.32,39.58,121.67,29.8,255.74,534.17,18.31,127.5,349.53,139.47,49.7,9.89,58.18,366.98,245.92,824.74,154.67,105.57,103.22,0.0,3.33
2026-10-06 09:40,28.39,33.52,36.81,37.19,50.35,53.79,52.32,55.06,39.09,52.23,52.39,42.2,56.24,46.51,30.98,45.45,36.71,43.3,47.36,51.58,53.36,54.64,47.37,54.57,55.87,45.26,47.04,46.94,45.85,46.74,43.67,48.78,48.21,165.3,216.02,125.64,260.84,235.13,598.77,341.35,27.68,73.37,746.39,258.78,30.92,356.27,70.11,139.57,24.91,81.05,65.82,125.68,47.65,3357.66,38.79,320.61,145.69,71.87,174.44,144.34,81.72,127.74,165.35,63.81,305.23,17.66,489.69,136.41,203.32,111.51,48.04,51.0,197.0,220.51,72.29,281.44,0.31,49.76,264.16,646.99,160.14,395.52,126.83,642.77,0.0,84.17,1172.55,379.17,7.77,5.31,135.78,118.47,234.41,105.81,145.71,224.82,102.94,26.5,45.57,5.37,185.86,62.63,132.29,448.76,17.93,17.29,188.08,47.52,89.89,310.18,80.75,420.75,189.79,521.48,328.67,100.81,99.3,0.0,3.31
2026-10-06 09:45,28.38,33.5,36.8,37.19,50.38,53.82,52.33,55.07,39.09,52.21,52.4,42.2,56.26,46.51,30.98,45.46,36.72,43.31,47.39,51.59,53.39,54.68,47.39,54.61,55.89,45.26,47.06,46.96,45.85,46.75,43.66,48.78,48.21,146.05,0.0,225.1,303.25,269.09,424.46,260.26,452.54,192.72,349.27,268.24,55.01,407.73,38.47,102.49,109.27,37.93,159.19,77.2,77.63,2433.84,31.01,103.02,611.37,69.81,312.53,155.52,133.13,168.89,73.63,61.44,328.87,12.97,489.56,341.94,509.66,0.0,0.0,223.77,4.68,552.74,46.71,252.67,0.24,124.74,263.5,720.86,157.52,384.16,69.59,286.23,117.54,79.3,376.77,379.06,127.01,8.43,96.25,82.12,254.37,167.67,0.0,266.24,320.84,47.15,47.23,23.55,154.54,43.41,88.44,390.67,19.46,75.86,494.06,179.91,68.53,150.92,72.5,468.79,224.77,436.76,125.24,100.9,97.47,0.0,3.3
2026-10-06 09:50,28.36,33.48,36.78,36.98,50.25,53.68,52.14,54.88,39.08,51.98,52.2,42.09,56.1,46.3,30.77,45.27,36.51,43.11,47.27,51.5,53.24,54.51,47.19,54.44,55.69,45.08,46.86,46.77,45.71,46.56,43.59,48.59,48.07,137.08,200.76,284.57,302.38,275.33,866.13,245.17,867.37,185.54,428.73,352.52,81.25,417.19,55.08,116.24,136.49,46.55,140.88,243.28,15.08,2194.99,16.37,135.22,338.11,44.37,395.1,180.84,25.87,1.62,121.67,72.21,382.42,14.71,299.38,206.83,308.28,86.1,44.65,279.51,184.63,334.34,62.72,196.44,0.15,75.45,236.03,589.74,154.35,244.18,99.64,472.95,28.65,88.89,494.53,231.81,243.43,10.67,196.4,168.32,175.91,92.04,135.42,209.54,556.13,69.64,62.07,29.42,44.0,88.98,38.4,383.61,13.46,94.76,475.65,135.68,64.56,264.3,56.36,383.52,176.9,842.09,282.14,111.21,107.53,0.0,3.29
2026-10-06 09:55,28.36,33.47,36.77,36.97,50.2,53.59,52.1,54.84,39.09,52.02,52.24,42.1,56.06,46.29,30.75,45.25,36.5,43.08,47.21,51.47,53.19,54.43,47.17,54.37,55.66,45.08,46.87,46.79,45.74,46.6,43.6,48.62,48.11,148.95,142.0,235.37,313.67,505.47,226.15,623.76,63.26,97.26,586.61,293.14,9.82,765.89,118.34,146.95,105.15,63.7,94.42,87.05,98.54,1355.62,43.79,249.1,589.48,107.69,326.79,148.75,168.99,194.81,173.13,0.0,314.56,18.59,530.19,220.39,328.49,239.99,31.58,215.33,132.49,356.25,27.66,183.09,0.05,80.4,37.42,470.02,251.65,592.59,214.08,672.98,295.94,107.44,911.02,410.52,17.75,2.73,51.28,169.34,218.46,217.92,95.78,160.86,348.24,8.42,51.62,22.66,89.12,89.52,114.14,358.16,16.71,73.0,249.32,179.85,164.25,300.24,52.53,305.66,135.8,408.48,308.38,110.14,110.78,0.0,3.28
2026-10-06 10:00,28.43,33.52,36.82,37.17,50.3,53.72,52.29,55.02,39.08,52.17,52.38,42.2,56.19,46.48,30.97,45.42,36.69,43.27,47.31,51.55,53.3,54.56,47.33,54.51,55.84,45.24,47.04,46.94,45.84,46.73,43.66,48.77,48.2,149.33,75.18,174.59,253.89,217.6,347.03,267.22,693.38,39.71,735.62,185.43,128.95,329.7,122.77,65.56,125.42,79.88,154.64,95.88,0.0,640.54,36.13,81.47,476.03,0.0,242.4,183.33,0.0,141.8,127.72,77.57,387.69,8.3,432.14,121.6,181.24,61.87,16.72,256.84,85.66,196.56,30.27,130.4,0.03,44.36,0.0,359.81,215.47,0.0,222.09,496.47,153.39,131.18,297.94,334.6,194.6,0.91,78.69,129.85,271.38,58.81,50.71,168.59,33.44,110.53,32.65,27.03,0.0,68.64,162.06,224.81,20.76,87.08,101.81,313.69,70.37,300.17,37.41,234.0,142.33,479.22,216.87,101.51,102.4,0.0,3.26
2026-10-06 10:05,28.38,33.49,36.79,37.16,50.32,53.75,52.29,55.02,39.09,52.19,52.37,42.21,56.2,46.48,30.95,45.42,36.68,43.27,47.34,51.56,53.32,54.6,47.34,54.54,55.84,45.24,47.04,46.93,45.85,46.73,43.66,48.75,48.2,118.53,4.54,132.02,317.0,578.76,667.22,35.56,273.65,88.87,824.87,88.81,46.37,876.95,10.25,112.21,0.0,89.57,207.71,165.77,25.76,379.48,26.74,157.95,326.34,39.82,183.3,263.98,44.18,213.79,64.64,44.62,558.23,14.2,492.64,221.61,330.32,31.7,1.01,0.0,10.08,358.23,31.78,224.57,0.02,80.85,150.16,323.76,270.89,219.15,18.54,251.26,137.32,105.11,577.66,381.45,76.8,4.67,151.3,133.56,0.0,16.2,3.06,52.85,249.49,39.74,15.64,0.0,268.36,70.6,197.3,531.89,0.0,0.0,227.82,307.8,9.36,447.41,64.43,210.55,44.62,697.47,192.26,100.91,101.27,0.0,3.25
2026-10-06 10:10,28.39,33.49,36.78,37.08,50.29,53.73,52.21,54.95,39.08,52.09,52.32,42.15,56.16,46.4,30.86,45.36,36.6,43.19,47.3,51.54,53.29,54.58,47.29,54.51,55.77,45.17,46.96,46.87,45.79,46.67,43.64,48.7,48.15,111.08,92.37,0.0,287.03,544.78,171.67,618.64,293.17,0.0,888.55,153.54,91.15,825.45,129.26,148.49,304.54,96.48,125.64,170.3,38.5,417.11,36.42,211.31,463.87,51.34,0.0,103.72,66.03,125.82,151.41,0.0,219.33,18.79,304.4,112.73,168.03,163.5,20.54,623.64,90.31,182.23,45.45,165.41,0.02,41.12,35.01,531.7,105.54,282.5,233.83,588.55,65.2,150.22,772.82,235.7,82.28,1.96,38.93,0.0,181.99,261.45,62.31,224.72,364.07,78.12,27.04,65.63,105.27,0.0,49.32,150.76,13.92,211.43,0.0,287.76,162.9,305.88,47.46,345.78,189.71,454.93,90.16,105.27,104.08,0.0,3.24
2026-10-06 10:15,28.34,33.45,36.75,37.0,50.24,53.67,52.15,54.88,39.09,52.01,52.18,42.08,56.1,46.32,30.8,45.29,36.53,43.12,47.25,51.5,53.24,54.5,47.21,54.43,55.69,45.09,46.85,46.76,45.7,46.55,43.59,48.56,48.06,103.32,209.5,220.0,256.93,173.56,252.39,178.16,873.31,203.72,561.59,406.74,99.41,262.98,101.73,97.36,236.52,60.98,322.34,175.42,25.81,313.39,30.27,216.47,410.21,42.44,305.45,147.47,44.26,124.97,114.56,47.92,311.85,12.32,603.05,0.0,0.0,261.09,46.59,484.35,193.37,0.0,63.47,161.08,0.02,0.0,135.29,755.31,76.55,233.56,184.03,445.33,124.04,100.38,791.68,466.94,245.1,2.06,57.23,68.53,134.4,53.59,141.32,98.99,473.64,85.21,71.62,50.97,118.67,36.23,307.81,416.35,10.28,164.21,522.24,217.33,46.91,139.5,46.22,491.2,83.57,503.45,252.63,111.24,108.06,0.0,3.23
2026-10-06 10:20,28.3,33.44,36.73,36.85,50.15,53.55,51.99,54.73,39.09,51.88,52.07,41.99,55.99,46.17,30.61,45.13,36.37,42.96,47.16,51.43,53.13,54.38,47.06,54.3,55.54,44.97,46.71,46.65,45.6,46.44,43.55,48.47,47.98,99.59,8.05,429.31,250.41,430.01,509.83,546.6,101.44,126.82,514.41,239.29,146.07,651.55,93.45,162.18,138.76,55.86,189.6,150.49,103.76,246.38,30.93,274.0,637.69,51.11,596.06,178.71,177.96,188.7,160.84,46.85,377.93,20.52,170.48,127.14,189.51,116.22,1.79,284.16,25.55,205.52,93.11,140.77,0.02,46.38,65.15,897.75,47.65,281.24,169.06,625.21,25.75,126.03,1002.08,132.0,28.47,6.38,115.61,63.78,353.78,128.75,5.43,156.75,365.48,125.2,42.14,29.91,90.14,33.72,113.62,499.58,27.07,96.34,325.11,134.71,143.93,429.16,40.39,583.83,132.33,551.16,369.72,117.47,115.11,0.0,3.22
2026-10-06 10:25,28.29,33.42,36.72,36.89,50.21,53.64,52.05,54.79,39.09,51.91,52.17,42.05,56.06,46.22,30.67,45.19,36.42,43.02,47.22,51.48,53.21,54.46,47.12,54.38,55.59,45.02,46.78,46.73,45.67,46.53,43.58,48.56,48.05,110.01,295.6,258.47,272.85,410.66,390.56,613.99,423.21,163.82,366.33,273.77,174.29,622.24,51.12,165.43,276.22,39.78,172.76,27.08,68.84,261.8,6.13,184.2,562.07,50.56,358.86,124.4,118.06,127.25,145.72,35.76,263.06,20.93,254.29,143.76,214.27,84.57,65.74,565.65,266.99,232.38,5.42,384.36,0.02,52.44,447.69,756.17,77.01,278.24,92.47,566.46,133.3,86.9,673.66,196.89,118.77,3.62,88.56,142.03,250.7,178.42,199.4,332.9,349.39,149.38,48.21,59.53,171.31,75.08,156.76,0.0,19.18,191.77,419.95,211.52,161.68,289.45,110.28,491.76,281.04,491.39,262.57,113.47,110.78,0.0,3.21
2026-10-06 10:30,28.31,33.42,36.72,36.9,50.2,53.63,52.04,54.78,39.09,51.92,52.15,42.06,56.04,46.21,30.66,45.18,36.42,43.01,47.21,51.47,53.2,54.45,47.11,54.36,55.58,45.02,46.78,46.72,45.68,46.53,43.59,48.55,48.05,83.25,43.76,204.03,224.65,248.59,178.21,511.41,711.09,136.66,554.24,201.68,90.26,376.66,82.61,191.64,133.4,60.18,260.52,131.31,78.97,192.4,41.01,219.73,243.06,35.48,283.28,217.8,135.44,23.35,180.76,19.63,460.57,24.25,363.54,172.0,256.37,40.03,9.73,273.18,45.65,278.04,88.92,248.89,0.02,62.75,185.68,409.15,250.06,195.22,149.45,702.68,120.66,65.29,803.61,281.49,199.57,6.6,40.41,79.38,345.1,170.83,29.52,164.84,593.28,77.36,35.51,28.75,89.12,41.97,178.85,399.91,26.4,92.62,350.33,253.98,134.67,483.6,71.41,266.08,139.16,338.42,207.52,112.68,111.5,0.0,3.2
2026-10-06 10:35,28.31,33.41,36.71,36.93,50.21,53.63,52.07,54.81,39.09,51.94,52.18,42.08,56.06,46.25,30.71,45.21,36.45,43.04,47.22,51.47,53.19,54.45,47.13,54.37,55.62,45.04,46.81,46.75,45.7,46.55,43.59,48.57,48.07,79.02,49.69,227.32,236.95,279.71,334.23,318.07,694.95,121.41,1234.04,463.91,0.0,423.82,71.4,198.96,155.58,134.0,384.19,110.15,16.45,202.87,32.64,92.89,0.0,85.81,315.61,145.75,28.21,101.17,131.53,27.33,308.21,25.17,270.12,113.8,169.62,170.32,11.05,318.6,54.39,183.96,0.0,264.86,0.01,41.52,195.24,485.19,97.54,472.23,129.16,511.28,185.06,166.78,339.72,209.15,195.04,15.54,75.79,125.03,288.23,145.14,33.52,201.3,344.01,0.0,81.69,33.53,162.5,66.1,76.59,596.74,22.05,108.01,311.24,69.54,83.76,437.51,76.0,315.53,169.94,534.63,235.68,112.22,111.01,0.0,3.18
2026-10-06 10:40,28.31,33.41,36.7,37.03,50.24,53.66,52.17,54.91,39.08,52.03,52.23,42.1,56.12,46.35,30.82,45.29,36.55,43.14,47.25,51.51,53.25,54.53,47.23,54.46,55.73,45.12,46.89,46.79,45.73,46.58,43.61,48.61,48.09,70.5,262.94,38.84,197.29,502.25,463.61,362.65,568.43,99.3,1031.94,92.95,93.61,761.02,110.37,201.87,167.97,112.05,191.76,165.98,43.56,169.27,41.99,72.19,357.35,27.81,53.93,54.95,74.71,204.29,55.04,82.18,116.21,25.54,579.48,257.93,384.45,213.75,58.47,343.97,238.24,416.94,36.15,251.5,0.01,94.09,221.84,558.07,122.02,153.03,199.67,213.96,113.52,104.8,264.0,448.69,159.53,5.89,105.13,192.66,90.2,167.74,177.37,393.46,297.89,80.24,16.37,36.2,73.75,101.85,168.01,466.14,6.9,116.61,254.55,159.21,95.49,301.21,72.16,362.93,332.17,534.67,94.51,109.72,107.3,0.0,3.17
2026-10-06 10:45,28.22,33.36,36.66,36.89,50.18,53.59,52.05,54.79,39.09,51.91,52.09,42.01,56.04,46.21,30.66,45.19,36.41,43.02,47.19,51.46,53.17,54.43,47.13,54.35,55.59,44.99,46.75,46.67,45.62,46.46,43.54,48.48,47.98,69.11,223.93,296.36,250.85,396.07,577.67,554.44,190.21,83.59,397.63,178.65,168.53,600.13,156.92,111.42,167.19,43.18,270.19,66.51,0.0,136.96,38.05,286.99,241.54,124.18,411.47,252.26,0.0,168.96,60.11,32.47,533.46,14.1,330.32,197.19,293.91,190.91,49.8,342.37,191.73,318.75,97.34,300.53,0.01,71.93,223.38,734.97,79.32,683.34,283.87,233.65,322.91,210.02,1049.59,255.76,53.38,5.37,130.99,97.76,83.4,212.9,151.05,182.69,257.1,144.45,31.46,36.03,133.33,51.68,134.46,282.57,6.38,116.07,214.29,171.64,146.0,315.68,86.23,477.97,154.23,765.25,17.62,116.52,112.62,0.0,3.16
2026-10-06 10:50,28.24,33.35,36.66,36.83,50.14,53.54,51.98,54.72,39.08,51.84,52.07,42.01,55.98,46.15,30.6,45.14,36.35,42.95,47.15,51.43,53.13,54.36,47.06,54.28,55.53,44.96,46.71,46.65,45.63,46.45,43.54,48.46,47.98,86.53,78.59,351.73,235.07,306.32,416.55,320.57,746.88,213.32,882.88,348.27,171.01,464.14,84.93,41.35,132.27,95.87,0.0,152.42,37.02,90.88,49.25,301.67,612.53,62.26,488.35,113.74,63.49,170.15,106.02,73.83,240.52,5.23,344.1,259.8,387.23,220.7,17.48,270.87,83.8,419.96,68.9,257.55,0.01,94.77,164.75,302.6,115.39,342.62,153.63,412.12,262.14,110.69,1103.29,266.44,209.61,7.56,94.46,212.07,50.65,94.24,53.01,141.61,314.29,146.57,61.33,28.51,121.02,112.11,0.0,351.23,3.88,91.83,546.86,217.8,84.41,209.38,73.9,196.79,119.55,529.43,179.23,117.18,115.25,0.0,3.15
2026-10-06 10:55,28.18,33.31,36.62,36.68,50.06,53.44,51.84,54.59,39.08,51.71,51.94,41.91,55.89,46.01,30.45,44.99,36.21,42.8,47.06,51.37,53.03,54.28,46.92,54.19,55.38,44.83,46.57,46.52,45.51,46.32,43.49,48.34,47.89,212.13,125.96,336.76,229.14,530.62,706.17,512.3,551.37,122.27,866.03,257.06,87.18,804.0,75.78,289.77,251.43,94.04,66.91,115.66,33.19,112.54,53.58,180.71,74.46,8.2,467.56,235.98,56.92,188.79,231.0,37.67,499.03,36.66,434.62,327.47,488.09,103.97,28.01,514.89,114.12,529.34,99.47,427.66,0.01,119.46,209.36,560.12,129.81,45.14,137.08,897.95,163.23,104.2,660.89,336.52,154.75,10.26,160.13,293.78,250.75,185.27,84.97,181.26,314.08,74.72,45.27,54.19,195.9,155.3,185.51,368.21,19.18,174.56,313.44,274.74,134.9,294.38,122.71,364.26,153.02,716.89,237.22,124.72,121.95,0.0,3.14
2026-10-06 11:00,28.23,33.34,36.64,36.93,50.17,53.57,52.07,54.82,39.09,51.96,52.17,42.05,56.03,46.25,30.72,45.21,36.45,43.04,47.18,51.46,53.17,54.41,47.14,54.34,55.62,45.04,46.8,46.73,45.68,46.54,43.58,48.57,48.05,340.63,150.68,210.23,231.45,363.06,785.21,414.88,486.21,79.7,727.04,361.39,0.0,550.11,16.85,128.86,305.67,78.94,109.57,110.51,31.16,94.73,43.11,147.85,644.99,20.11,291.88,40.28,53.45,215.67,164.72,67.36,85.18,16.3,735.58,250.36,373.16,213.32,33.51,625.95,130.53,404.7,11.59,315.28,0.01,91.33,72.22,510.01,91.38,110.67,30.49,640.29,198.65,228.01,540.71,569.56,136.46,0.0,178.05,225.38,334.64,59.21,101.64,153.6,253.92,0.0,63.64,65.88,151.34,119.15,264.41,506.68,25.6,212.21,204.32,58.05,109.25,356.04,90.46,331.67,129.67,722.63,149.79,113.73,113.02,0.0,3.12
2026-10-06 11:05,28.21,33.34,36.64,36.82,50.14,53.54,51.98,54.72,39.07,51.8,52.07,42.01,55.98,46.14,30.63,45.13,36.35,42.94,47.15,51.43,53.12,54.35,47.05,54.28,55.52,44.95,46.71,46.65,45.62,46.45,43.55,48.46,47.98,486.8,312.01,293.84,203.8,403.34,889.84,442.31,385.72,85.09,1144.94,321.76,176.81,611.15,64.41,167.7,19.98,124.32,222.15,137.05,56.4,98.22,21.83,127.78,180.0,53.92,407.97,106.46,96.72,180.47,124.92,87.55,225.14,21.22,159.54,179.6,267.69,169.02,69.38,40.91,273.31,290.31,24.14,226.84,0.01,65.52,299.85,163.64,66.45,296.75,116.51,485.59,189.35,216.78,467.31,123.53,108.25,8.35,201.78,137.2,299.21,154.39,210.47,80.36,463.34,151.54,56.66,4.31,151.72,72.53,264.86,307.58,22.89,13.87,218.14,181.05,116.47,5.5,65.09,106.42,67.84,880.22,199.81,117.59,115.11,0.0,3.11
2026-10-06 11:10,28.17,33.31,36.61,36.89,50.21,53.64,52.04,54.78,39.08,51.89,52.13,42.04,56.05,46.21,30.66,45.17,36.41,43.01,47.22,51.47,53.2,54.43,47.11,54.36,55.58,45.01,46.76,46.7,45.65,46.5,43.57,48.52,48.02,758.88,229.73,180.8,196.28,433.68,519.06,220.33,628.13,114.66,659.07,41.29,92.08,657.12,70.23,21.03,215.98,71.56,284.28,193.03,37.67,108.87,48.88,120.35,314.98,76.78,251.03,106.58,64.6,98.26,130.72,50.72,225.38,2.66,812.28,277.9,414.21,37.57,51.09,442.29,209.04,449.22,71.66,223.63,0.01,101.38,410.17,372.53,252.74,422.53,127.04,508.16,186.05,98.57,440.14,628.94,176.29,5.67,117.7,0.0,323.37,176.32,154.96,298.52,192.35,78.93,7.27,46.55,164.58,0.0,203.73,538.72,24.74,149.95,293.94,2.65,58.02,247.23,64.17,242.26,252.02,535.21,173.65,114.41,110.77,0.0,3.1
2026-10-06 11:15,28.12,33.27,36.59,36.81,50.13,53.53,51.96,54.71,39.09,51.84,52.08,42.01,55.98,46.13,30.59,45.12,36.33,42.93,47.13,51.42,53.12,54.34,47.04,54.28,55.51,44.95,46.71,46.65,45.63,46.46,43.55,48.48,48.0,1089.48,232.88,75.75,238.11,557.45,400.03,715.77,1071.12,209.94,0.0,28.32,71.28,844.65,84.36,234.25,262.22,0.0,157.38,182.78,0.0,187.26,40.0,154.36,616.64,127.24,105.18,114.69,0.0,186.8,65.55,47.75,242.54,29.64,414.68,181.23,270.12,77.0,51.79,536.98,218.97,292.95,72.83,250.04,0.01,66.11,251.21,478.26,205.35,700.18,152.6,254.82,223.6,168.79,564.52,321.09,300.61,8.06,90.71,223.96,243.39,229.53,157.09,105.52,510.44,61.1,4.99,56.51,114.97,118.4,226.2,302.45,18.62,182.05,538.19,316.78,188.48,218.72,71.74,311.02,89.08,510.08,67.85,117.09,116.36,0.0,3.09
2026-10-06 11:20,28.11,33.28,36.59,36.91,50.19,53.61,52.06,54.8,39.08,51.91,52.14,42.04,56.04,46.24,30.69,45.19,36.43,43.03,47.2,51.46,53.18,54.43,47.12,54.35,55.6,45.02,46.79,46.71,45.65,46.51,43.57,48.53,48.03,1139.27,361.8,221.77,284.57,15.21,397.22,759.5,871.88,82.55,514.97,411.8,127.08,23.05,20.52,184.52,162.38,55.92,289.79,133.8,5.43,219.57,15.25,135.48,434.71,0.0,307.91,112.8,9.31,81.13,139.92,81.75,238.53,23.35,120.37,301.18,448.91,140.54,80.46,332.52,315.94,486.85,72.64,188.78,0.01,109.87,400.03,634.97,90.17,0.0,37.12,543.89,109.95,149.28,495.47,93.2,244.7,7.14,90.07,180.82,135.96,296.43,244.05,333.92,37.73,108.92,72.51,35.0,128.13,95.59,291.54,358.36,10.4,112.73,211.63,110.2,200.0,123.95,54.16,412.94,281.9,518.11,304.82,114.31,111.91,0.0,3.08
2026-10-06 11:25,28.07,33.25,36.56,36.71,50.11,53.51,51.87,54.62,39.08,51.74,52.0,41.95,55.93,46.04,30.48,45.04,36.24,42.84,47.11,51.4,53.09,54.32,46.96,54.22,55.41,44.87,46.61,46.58,45.56,46.38,43.52,48.4,47.93,1460.21,106.4,517.85,203.66,411.74,256.04,333.82,809.06,55.53,407.54,230.06,218.15,623.88,92.67,178.46,99.45,44.25,4.4,240.77,91.65,369.2,23.32,0.0,99.55,104.22,719.0,313.81,157.19,176.61,58.71,104.62,663.6,22.58,186.68,212.67,316.98,67.28,23.66,203.66,117.35,343.78,86.05,278.46,0.02,77.58,182.3,393.57,213.04,573.51,167.64,228.21,220.64,0.0,0.0,144.55,227.06,8.66,58.06,233.17,239.65,168.71,71.77,55.23,351.69,186.98,40.51,21.43,219.85,123.27,168.34,544.71,18.33,69.05,142.36,148.84,87.9,550.6,79.9,255.95,46.62,347.58,284.82,121.37,118.09,0.0,3.06
2026-10-06 11:30,28.1,33.28,36.57,37.02,50.24,53.67,52.17,54.91,39.09,52.05,52.24,42.1,56.12,46.34,30.81,45.31,36.55,43.14,47.25,51.51,53.24,54.52,47.22,54.44,55.72,45.11,46.88,46.8,45.73,46.6,43.61,48.63,48.1,1657.31,145.69,201.41,274.88,240.45,141.58,272.1,390.14,89.37,371.13,289.8,8.85,364.34,96.36,262.54,191.8,40.3,0.0,237.18,90.22,501.01,33.5,149.76,737.39,32.69,279.64,106.13,154.73,85.01,267.41,15.17,224.44,33.22,573.6,96.12,143.26,182.74,32.4,392.77,140.83,155.37,105.68,245.96,0.02,35.06,229.49,301.16,230.0,179.91,174.31,1039.49,27.53,55.03,547.7,444.13,109.5,4.61,32.1,98.61,39.08,167.95,98.27,164.16,443.06,7.58,51.03,41.34,152.55,52.13,327.37,170.61,2.99,133.16,229.11,259.11,71.65,237.24,70.57,195.85,138.58,103.7,256.48,109.64,107.37,0.0,3.05
2026-10-06 11:35,27.98,33.2,36.51,36.82,50.14,53.55,51.97,54.71,39.08,51.85,52.08,42.01,55.98,46.15,30.59,45.1,36.34,42.94,47.15,51.42,53.13,54.36,47.03,54.28,55.52,44.96,46.72,46.65,45.62,46.45,43.55,48.47,47.99,1734.5,58.34,310.41,220.45,283.71,214.4,502.78,445.51,120.8,1307.37,243.77,60.21,429.88,108.24,162.44,339.28,141.96,93.03,172.25,67.43,526.17,49.83,325.61,647.13,22.72,430.98,142.71,115.65,173.38,123.79,60.59,301.79,20.55,0.0,344.78,513.9,254.46,12.97,694.78,54.83,557.33,34.64,129.16,0.02,125.78,235.71,789.1,185.29,125.05,195.81,481.19,196.34,132.68,1190.83,0.0,125.03,10.48,48.62,107.1,192.5,255.57,39.35,370.99,128.56,51.6,42.93,73.12,144.17,56.62,133.79,188.46,14.73,235.55,309.68,258.17,132.39,216.54,37.06,513.17,313.19,298.84,408.62,117.25,115.76,0.0,3.04
2026-10-06 11:40,28.02,33.24,36.54,37.03,50.25,53.65,52.18,54.93,39.09,52.04,52.22,42.11,56.13,46.34,30.82,45.31,36.55,43.15,47.26,51.52,53.25,54.51,47.24,54.46,55.73,45.11,46.89,46.79,45.73,46.58,43.61,48.59,48.08,1893.55,423.29,281.86,250.12,376.97,516.13,38.54,222.32,48.26,251.08,314.21,139.8,571.19,8.8,186.06,291.59,27.26,154.61,198.01,21.99,740.97,23.76,134.56,686.38,37.63,391.34,158.16,37.71,186.62,30.13,68.56,334.46,23.54,342.09,193.07,287.78,323.07,94.13,597.12,366.16,312.1,79.05,119.34,0.02,70.43,246.23,679.64,139.77,207.09,15.92,117.13,143.78,76.85,492.11,264.88,62.39,11.48,117.04,206.97,145.79,79.66,285.53,62.41,358.89,119.82,55.33,62.84,82.55,109.42,153.63,306.97,11.15,202.44,123.7,208.95,10.15,420.1,34.24,441.99,52.69,485.26,142.48,109.28,106.28,0.0,3.03
2026-10-06 11:45,27.98,33.2,36.5,36.92,50.18,53.59,52.06,54.8,39.09,51.96,52.14,42.04,56.05,46.24,30.71,45.21,36.44,43.03,47.19,51.47,53.18,54.44,47.14,54.37,55.61,45.03,46.79,46.71,45.66,46.51,43.57,48.53,48.02,1924.66,185.24,225.39,256.35,564.58,610.17,670.37,94.67,4.09,1057.98,134.69,85.88,855.46,97.02,228.61,229.04,114.88,121.69,191.21,102.87,763.55,48.45,279.3,237.22,79.24,312.93,104.16,176.42,303.33,68.54,61.56,220.27,28.93,448.5,160.37,239.03,90.88,41.19,469.03,167.16,259.24,34.09,411.92,0.02,58.5,223.63,753.38,65.93,436.04,175.51,266.42,18.4,113.24,1021.47,347.27,26.57,11.75,138.36,181.38,260.16,232.73,124.95,238.77,144.21,73.61,23.72,49.36,19.78,95.88,91.59,221.63,19.9,159.01,10.49,131.67,176.53,162.37,118.19,489.94,201.57,457.34,44.35,114.39,112.37,0.0,3.01
2026-10-06 11:50,27.97,33.17,36.49,36.86,50.15,53.55,52.0,54.74,39.09,51.88,52.08,42.01,56.0,46.18,30.62,45.14,36.38,42.97,47.16,51.44,53.14,54.39,47.07,54.32,55.55,44.98,46.73,46.66,45.61,46.45,43.55,48.47,47.97,1589.02,376.94,216.74,241.0,372.24,928.47,348.38,651.3,121.16,599.38,294.42,143.76,564.03,86.42,187.5,62.6,65.08,185.76,148.39,69.16,972.1,22.79,213.44,389.55,71.88,300.92,128.67,118.61,181.07,157.82,5.25,272.09,23.72,113.06,241.16,359.45,239.34,83.82,128.2,344.76,389.84,24.15,136.47,0.02,87.98,91.7,776.06,157.53,395.54,156.34,613.48,106.07,204.17,780.59,87.54,182.79,9.42,210.54,227.04,118.03,71.72,254.26,288.62,405.66,123.21,51.84,13.49,54.24,120.03,103.72,240.92,9.03,43.46,310.59,194.73,91.74,363.91,39.16,504.69,243.66,1033.91,36.35,117.57,114.69,0.0,3.0
2026-10-06 11:55,27.9,33.13,36.44,36.66,50.01,53.37,51.82,54.55,39.07,51.65,52.01,41.94,55.85,45.98,30.46,44.98,36.19,42.79,47.01,51.35,52.99,54.22,46.9,54.15,55.35,44.83,46.59,46.57,45.55,46.39,43.52,48.41,47.93,1776.22,143.4,520.04,296.88,177.31,692.13,472.5,191.51,0.0,996.5,298.67,93.66,268.67,126.58,223.51,211.47,108.2,178.03,145.81,51.06,1063.17,38.43,1.55,882.06,90.31,722.03,251.69,87.58,266.14,110.94,105.38,532.25,28.28,480.37,250.95,374.04,0.0,31.89,433.04,134.45,405.65,17.42,249.12,0.03,91.55,343.25,1034.45,206.82,496.96,228.98,431.25,200.61,122.6,5.68,371.95,53.75,4.04,156.95,261.14,255.46,160.96,96.73,171.76,576.76,80.27,52.59,45.57,139.26,138.05,202.97,282.87,19.54,146.81,0.0,128.31,124.42,0.0,71.48,672.73,145.0,779.1,245.23,122.39,124.29,0.0,2.99
2026-10-06 12:00,27.96,33.15,36.46,36.75,50.14,53.53,51.91,54.65,39.07,51.74,52.03,41.99,55.96,46.07,30.51,45.06,36.27,42.87,47.15,51.41,53.11,54.34,46.98,54.25,55.44,44.89,46.64,46.6,45.59,46.41,43.54,48.42,47.95,1872.66,274.02,520.31,227.69,305.65,66.16,567.54,755.69,178.57,855.0,271.97,103.95,463.12,66.88,31.55,196.5,92.84,159.53,16.61,37.03,925.47,23.17,103.34,0.0,31.0,722.4,263.43,63.51,147.69,197.11,113.14,557.07,3.99,281.46,149.89,223.41,212.2,60.94,402.4,250.62,242.3,109.57,123.37,0.04,54.68,201.68,196.37,121.58,170.6,120.99,766.22,169.73,31.17,377.92,217.93,212.09,3.6,15.0,75.51,259.38,187.06,184.83,226.12,475.86,89.1,47.89,42.35,164.82,39.92,159.27,241.55,19.84,136.42,457.78,287.44,149.45,285.29,35.4,127.71,190.89,201.05,282.47,119.02,115.83,0.0,2.97
2026-10-06 12:05,28.01,33.16,36.47,36.83,50.15,53.56,51.97,54.72,39.08,51.83,52.11,42.02,55.99,46.15,30.62,45.11,36.35,42.94,47.16,51.43,53.14,54.39,47.04,54.3,55.52,44.97,46.73,46.67,45.64,46.49,43.56,48.51,48.01,1314.48,207.87,215.74,235.22,255.72,560.14,516.67,425.12,49.8,255.32,182.39,17.74,387.47,135.59,206.56,209.97,27.72,320.73,191.68,70.9,1291.55,46.0,132.81,690.08,37.59,299.53,107.28,121.6,83.63,252.28,94.3,226.86,26.14,142.81,89.36,133.2,191.67,46.23,429.99,191.19,144.45,59.0,291.04,0.04,32.6,123.09,308.96,247.24,206.85,245.28,980.66,149.16,193.77,485.7,110.58,119.31,6.4,127.02,283.46,314.06,75.07,140.21,434.0,395.98,15.21,32.12,45.25,224.48,149.85,186.48,223.44,24.03,145.78,127.67,113.34,136.05,252.98,83.51,200.92,366.39,510.3,279.78,116.44,114.64,0.0,2.96
2026-10-06 12:10,27.96,33.14,36.44,36.9,50.19,53.6,52.06,54.8,39.08,51.9,52.14,42.05,56.04,46.22,30.66,45.18,36.42,43.03,47.2,51.46,53.18,54.43,47.12,54.35,55.6,45.02,46.79,46.72,45.66,46.51,43.57,48.53,48.02,1391.92,232.85,478.05,235.94,131.82,847.55,566.66,736.68,165.65,807.46,230.36,65.02,199.73,0.83,146.03,226.55,87.68,263.7,128.57,46.03,1158.82,38.05,0.0,170.85,58.56,663.74,168.74,78.94,42.79,0.0,118.74,356.84,18.48,371.48,239.95,357.65,263.53,51.78,463.94,208.04,387.88,37.47,197.94,0.08,87.54,224.36,479.33,248.85,322.24,1.5,0.0,83.39,19.9,0.0,287.63,206.75,0.0,192.19,0.0,199.74,174.29,157.07,218.01,543.21,55.73,40.56,48.83,190.41,0.0,210.23,416.35,15.28,157.29,424.65,182.92,149.22,462.75,56.79,311.72,184.05,685.24,239.01,113.99,111.88,0.0,2.95
2026-10-06 12:15,27.94,33.12,36.42,36.93,50.2,53.59,52.06,54.8,39.09,51.96,52.13,42.03,56.05,46.24,30.72,45.2,36.45,43.04,47.21,51.46,53.19,54.43,47.12,54.35,55.61,45.04,46.81,46.71,45.65,46.49,43.56,48.51,48.01,1390.21,209.71,106.32,234.06,280.6,913.15,263.21,514.02,160.97,825.49,177.08,170.22,425.17,109.92,100.42,41.79,89.63,93.97,65.87,94.28,1040.4,22.23,113.19,496.5,106.35,147.62,147.21,161.68,221.73,143.36,37.73,311.31,12.71,31.9,165.39,246.51,54.89,46.64,85.59,192.81,267.35,100.63,199.2,0.11,60.33,12.08,826.71,111.16,585.22,198.85,557.26,113.95,41.76,413.97,24.7,144.26,9.5,207.06,304.97,186.27,119.18,141.46,348.74,432.48,145.89,31.18,9.01,256.66,161.22,174.57,768.49,14.25,29.02,412.66,144.4,69.31,119.21,57.15,537.63,294.41,884.62,240.99,114.57,111.7,0.0,2.94
2026-10-06 12:20,27.94,33.09,36.4,36.64,50.04,53.44,51.81,54.55,39.09,51.65,51.9,41.91,55.86,45.96,30.42,44.95,36.17,42.77,47.05,51.35,53.02,54.22,46.88,54.14,55.34,44.8,46.53,46.49,45.51,46.3,43.49,48.31,47.86,879.81,163.93,64.27,216.11,695.18,991.9,460.92,493.19,143.0,615.16,433.84,111.04,1053.34,112.26,148.98,207.41,66.8,60.95,185.92,0.55,885.45,42.85,170.34,505.54,79.62,89.24,174.57,0.94,109.7,66.76,39.22,369.16,18.85,515.51,177.3,264.26,172.94,36.45,424.74,156.08,286.6,33.46,117.64,0.17,64.68,331.58,397.09,73.15,438.17,203.08,259.5,130.17,224.7,622.95,399.16,138.42,0.0,224.92,125.59,325.03,126.2,110.57,246.97,490.74,95.18,76.39,44.7,111.94,66.4,69.44,403.13,24.87,144.0,366.59,187.8,121.37,310.39,33.75,258.24,208.5,1034.09,278.03,125.36,122.43,0.0,2.92
2026-10-06 12:25,27.89,33.05,36.37,36.68,50.04,53.43,51.83,54.58,39.09,51.72,51.92,41.91,55.87,46.0,30.46,44.99,36.2,42.8,47.04,51.36,53.02,54.23,46.91,54.15,55.38,44.83,46.56,46.5,45.5,46.31,43.49,48.32,47.87,1193.55,188.48,375.73,236.37,544.83,779.03,449.5,942.6,60.09,1066.56,296.54,88.83,825.53,100.76,234.75,252.87,115.81,166.1,211.25,51.94,970.82,39.14,112.49,76.39,69.31,521.66,113.13,89.07,279.81,170.83,70.11,239.23,29.7,587.15,193.2,287.96,215.15,41.91,517.83,178.33,312.3,27.11,96.13,0.24,70.48,462.21,295.54,122.02,381.43,182.27,664.06,169.79,188.43,411.4,454.63,264.55,3.01,176.65,234.45,236.05,97.04,127.14,75.93,472.24,76.13,52.22,54.5,99.72,123.94,274.21,675.38,18.06,175.56,154.04,243.56,118.36,230.94,27.58,192.2,64.1,673.07,233.51,125.14,121.95,0.0,2.91
2026-10-06 12:30,27.94,33.09,36.4,36.71,50.1,53.5,51.86,54.6,39.08,51.72,51.99,41.96,55.9,46.04,30.48,45.01,36.24,42.83,47.11,51.38,53.07,54.27,46.94,54.18,55.41,44.86,46.6,46.56,45.57,46.37,43.52,48.39,47.92,1075.97,121.98,223.64,178.47,369.16,664.85,465.28,951.76,117.98,0.0,542.57,115.73,559.36,119.9,183.58,151.42,0.0,75.16,102.14,73.49,851.85,29.09,256.54,0.0,65.61,310.5,36.03,126.03,82.43,141.37,66.63,76.19,23.23,187.61,118.62,176.8,249.34,27.13,310.07,108.63,191.74,46.51,288.43,0.32,43.27,267.74,340.25,2.33,361.07,216.89,549.54,152.45,193.0,938.24,145.26,267.11,16.12,150.76,250.82,371.49,154.41,82.28,346.83,142.42,99.19,95.54,32.63,83.15,132.6,29.95,772.84,28.42,105.12,302.45,330.2,122.52,331.51,82.76,221.27,292.8,794.52,151.89,122.1,119.45,0.0,2.9
2026-10-06 12:35,27.93,33.09,36.39,36.72,50.09,53.47,51.88,54.63,39.08,51.74,52.0,41.97,55.93,46.04,30.5,45.01,36.25,42.85,47.1,51.39,53.07,54.3,46.95,54.22,55.42,44.87,46.61,46.58,45.57,46.38,43.52,48.4,47.94,841.18,189.95,208.44,206.12,276.44,0.0,398.97,232.6,75.23,720.2,56.23,145.64,418.87,120.7,170.61,98.27,78.2,287.11,138.77,95.64,771.07,48.78,277.44,146.31,13.27,289.4,124.48,164.03,200.98,87.58,85.53,263.25,21.59,475.12,245.9,366.51,318.71,42.24,201.24,186.22,397.49,99.66,218.45,0.3,89.7,310.27,778.65,69.06,73.01,218.34,340.45,287.23,136.68,1014.64,367.88,65.28,5.72,0.0,170.74,208.17,259.28,128.13,449.69,526.51,124.83,9.9,21.18,237.78,90.26,248.89,368.17,15.93,68.23,192.85,56.16,105.06,296.7,62.68,506.37,379.64,253.8,187.05,120.61,119.11,0.0,2.88
2026-10-06 12:40,27.91,33.05,36.36,36.78,50.1,53.5,51.94,54.67,39.08,51.79,51.96,41.94,55.95,46.1,30.54,45.09,36.3,42.9,47.11,51.4,53.09,54.33,47.01,54.25,55.48,44.91,46.62,46.55,45.53,46.35,43.51,48.36,47.9,716.28,246.65,222.25,244.91,375.84,542.57,328.48,1038.93,103.44,952.02,74.2,76.12,569.47,56.45,193.48,284.88,103.37,225.76,181.07,65.27,671.75,39.4,280.42,516.44,94.31,308.57,181.55,111.93,204.54,60.98,101.23,383.92,24.48,411.61,100.51,149.81,117.25,54.85,583.39,220.74,162.48,73.9,150.82,0.44,36.67,116.53,528.87,290.98,519.01,102.11,237.05,121.86,158.61,1025.57,318.71,291.58,0.92,123.03,179.28,183.24,115.71,166.37,13.54,293.12,65.25,13.07,61.4,212.09,94.78,90.12,449.76,14.02,197.78,265.17,184.5,86.5,486.82,43.27,343.94,11.43,485.13,95.97,121.48,117.59,0.0,2.87
2026-10-06 12:45,27.9,33.05,36.35,36.67,50.07,53.46,51.82,54.55,39.08,51.69,51.89,41.92,55.87,45.99,30.46,44.97,36.19,42.78,47.09,51.36,53.03,54.25,46.89,54.16,55.36,44.81,46.54,46.49,45.51,46.28,43.5,48.29,47.85,803.38,293.74,64.19,217.41,346.42,1044.7,662.55,200.63,195.58,775.85,365.53,138.94,524.89,98.51,0.0,41.99,84.24,396.75,94.51,36.14,442.45,39.45,251.08,374.48,59.37,89.12,170.03,61.98,39.84,165.33,69.35,359.56,0.0,607.58,121.69,181.38,190.28,65.32,86.0,247.07,196.71,20.02,274.28,0.48,44.39,210.3,100.24,84.15,326.69,178.2,642.69,14.86,185.69,918.27,470.45,56.31,13.08,236.89,103.73,207.29,209.31,198.14,200.04,422.43,119.09,64.37,9.05,280.2,54.84,278.7,554.62,15.86,29.16,501.37,222.95,174.47,354.5,78.7,65.19,168.88,772.29,375.02,124.54,121.57,0.0,2.86
2026-10-06 12:50,27.92,33.07,36.37,36.88,50.14,53.55,52.01,54.75,39.08,51.89,52.13,42.04,56.0,46.2,30.66,45.16,36.4,42.99,47.15,51.43,53.13,54.39,47.08,54.31,55.56,45.0,46.75,46.69,45.65,46.49,43.57,48.52,48.03,800.1,154.8,230.96,235.94,400.67,62.18,364.39,297.47,79.26,496.79,186.88,8.57,607.09,121.7,142.01,186.88,53.94,160.4,145.34,96.89,458.06,31.79,133.35,364.5,29.73,320.67,227.5,166.17,60.57,122.69,53.97,481.09,17.97,650.56,152.97,227.99,170.03,34.42,382.7,153.48,247.27,54.23,109.21,0.49,55.8,117.96,834.05,147.24,163.59,220.15,476.91,99.96,26.3,487.69,503.72,83.49,13.18,14.1,173.71,93.75,150.03,104.42,185.99,255.31,7.35,32.91,40.28,279.32,91.83,261.23,215.64,7.17,129.75,203.19,356.29,95.95,277.97,31.33,542.41,157.02,204.11,34.75,115.04,115.21,0.0,2.85
2026-10-06 12:55,27.95,33.08,36.38,36.98,50.19,53.57,52.11,54.85,39.09,52.01,52.19,42.09,56.06,46.3,30.79,45.27,36.51,43.09,47.19,51.47,53.18,54.43,47.17,54.37,55.67,45.08,46.84,46.76,45.71,46.56,43.6,48.58,48.07,747.9,163.96,319.19,216.83,421.79,556.97,281.46,375.48,56.52,503.48,174.34,139.8,639.11,62.22,239.38,62.62,54.67,351.01,161.14,111.83,372.69,15.21,149.96,0.0,4.64,443.17,190.59,191.79,220.85,74.84,0.0,403.05,30.29,365.63,129.5,193.02,121.02,36.46,128.23,139.71,209.34,14.49,286.86,0.53,47.24,389.13,169.39,224.29,25.55,112.55,290.91,53.88,0.0,548.44,283.1,105.38,10.38,126.3,123.99,260.26,130.91,110.6,0.0,232.63,119.82,30.7,13.49,47.93,65.55,0.0,708.63,19.91,43.47,144.88,212.36,74.12,44.82,82.31,110.16,0.0,669.86,424.47,110.81,111.07,0.0,2.83
2026-10-06 13:00,27.87,33.01,36.32,36.76,50.1,53.5,51.92,54.66,39.08,51.77,52.0,41.95,55.95,46.08,30.54,45.07,36.28,42.88,47.11,51.4,53.09,54.32,47.0,54.24,55.46,44.89,46.63,46.58,45.56,46.38,43.52,48.4,47.93,682.2,222.97,273.73,226.96,177.75,335.8,388.31,711.17,82.41,468.86,374.8,170.63,269.32,118.01,279.17,99.0,50.91,223.23,189.11,111.41,397.84,41.73,120.52,431.3,77.51,380.05,107.58,191.07,240.77,233.52,96.87,227.5,35.32,602.62,155.93,232.42,89.13,49.58,202.73,204.9,252.06,74.95,287.66,0.66,56.88,340.93,418.5,227.58,426.52,213.48,907.76,208.72,115.98,440.77,466.61,199.59,4.24,76.14,173.07,386.14,255.28,150.4,161.01,288.54,146.25,66.0,21.34,167.26,91.49,314.29,324.68,29.54,68.73,211.26,232.71,102.25,409.81,82.54,272.16,135.93,323.71,89.63,121.49,117.74,0.0,2.82
2026-10-06 13:05,27.91,33.05,36.34,36.85,50.2,53.62,52.02,54.77,39.08,51.89,52.14,42.04,56.04,46.18,30.63,45.16,36.38,42.99,47.21,51.46,53.19,54.42,47.1,54.35,55.56,44.98,46.76,46.7,45.65,46.5,43.56,48.52,48.03,826.42,262.18,500.93,179.78,188.72,59.66,688.34,183.14,76.64,337.48,245.54,35.5,285.94,103.74,74.37,189.03,36.64,246.52,188.7,87.65,297.6,10.55,49.35,587.3,54.0,695.5,88.34,150.31,108.53,61.47,92.55,186.81,9.41,83.74,314.97,469.46,66.37,58.3,387.1,236.13,509.14,54.0,214.38,0.57,114.9,129.03,455.05,222.94,297.16,187.67,238.93,304.38,51.28,180.5,64.84,51.4,6.58,13.53,59.81,139.37,223.13,176.85,292.26,479.49,30.43,43.24,40.74,106.08,31.62,141.42,90.8,10.66,131.24,196.46,0.0,181.26,458.82,61.51,295.93,246.73,88.14,348.82,114.9,111.23,0.0,2.81
2026-10-06 13:10,27.87,33.01,36.32,36.95,50.22,53.63,52.1,54.85,39.09,51.97,52.18,42.07,56.07,46.27,30.73,45.24,36.47,43.07,47.23,51.48,53.21,54.46,47.17,54.4,55.65,45.06,46.83,46.75,45.68,46.54,43.58,48.56,48.05,846.36,209.45,302.95,221.17,226.7,576.75,640.57,924.12,148.44,479.23,290.16,49.9,343.5,60.94,119.68,81.17,52.04,186.65,39.22,31.55,309.71,28.41,147.72,623.64,73.23,420.62,101.33,54.11,162.77,80.58,72.33,214.27,15.14,166.91,117.97,175.83,166.36,46.58,166.22,194.36,190.69,48.88,175.41,0.52,43.03,225.16,693.42,102.58,402.99,110.24,313.24,84.54,114.63,540.24,129.24,259.36,6.33,130.78,88.11,14.47,169.7,141.28,347.1,576.24,42.77,51.09,17.49,31.26,46.58,284.18,306.64,1.11,56.35,380.54,256.21,168.68,247.81,50.33,450.95,293.02,617.66,115.14,112.34,109.77,0.0,2.8
2026-10-06 13:15,27.84,32.98,36.29,36.78,50.12,53.51,51.94,54.68,39.08,51.79,52.05,42.0,55.96,46.1,30.55,45.08,36.31,42.91,47.13,51.41,53.1,54.32,47.01,54.25,55.48,44.92,46.67,46.62,45.6,46.43,43.54,48.44,47.97,824.46,288.6,36.1,232.46,308.65,220.89,258.55,988.03,188.02,348.91,337.64,66.79,467.66,46.2,200.24,138.42,37.89,102.25,71.87,46.65,355.43,43.75,171.27,579.82,39.72,50.12,207.23,80.0,117.75,134.85,107.41,438.22,25.34,456.77,273.09,407.04,64.97,64.18,283.47,251.85,441.44,54.04,254.01,0.54,99.62,244.89,695.14,182.96,218.55,83.57,524.21,29.96,94.36,626.37,353.67,277.29,12.56,50.09,198.49,81.59,130.47,194.67,303.82,543.25,57.24,59.45,29.83,93.93,104.93,0.0,329.97,6.24,96.1,482.0,205.66,68.08,417.31,72.88,452.07,256.49,200.69,179.46,118.86,117.28,0.0,2.79
2026-10-06 13:20,27.79,32.94,36.26,36.83,50.14,53.51,51.97,54.72,39.08,51.82,52.06,42.02,55.99,46.15,30.6,45.12,36.35,42.94,47.15,51.43,53.12,54.37,47.05,54.29,55.52,44.95,46.7,46.64,45.61,46.43,43.56,48.45,47.98,774.41,265.54,502.28,233.77,567.63,323.8,487.21,814.13,180.25,942.47,210.95,100.81,860.08,106.4,156.13,238.98,102.34,284.68,188.05,67.08,296.5,58.6,274.89,557.31,56.37,697.37,184.84,115.04,173.45,110.12,69.61,390.89,19.76,536.31,144.69,215.66,168.15,59.05,489.39,236.03,233.89,0.0,109.14,0.54,52.78,252.19,463.99,232.93,310.23,192.47,428.05,0.0,56.22,1005.34,415.26,228.49,13.59,73.42,71.17,209.35,220.22,179.12,47.86,317.19,86.41,37.14,51.5,147.58,37.63,232.83,634.1,16.02,165.91,462.09,136.16,128.3,344.74,31.31,301.74,40.4,476.2,225.36,116.91,115.29,0.0,2.78
2026-10-06 13:25,27.8,32.95,36.25,36.65,50.08,53.48,51.82,54.56,39.07,51.61,51.91,41.89,55.89,45.97,30.41,44.98,36.17,42.78,47.09,51.37,53.05,54.27,46.91,54.18,55.35,44.8,46.53,46.49,45.48,46.29,43.48,48.3,47.86,667.68,240.9,316.88,196.28,250.07,640.7,416.09,259.2,169.19,925.06,315.1,107.2,378.91,113.6,206.95,178.73,100.45,324.26,161.01,18.42,370.67,21.41,61.25,670.44,30.63,439.96,302.45,31.59,46.55,228.44,54.86,639.59,26.18,503.58,126.6,188.7,90.56,53.57,366.0,210.45,204.64,98.57,79.62,0.5,46.18,358.65,498.77,0.0,168.58,205.51,887.99,233.32,88.38,224.01,389.92,72.75,11.97,145.28,3.98,300.77,157.1,162.5,208.02,508.71,91.88,55.49,38.52,192.13,2.1,194.47,323.18,23.01,124.08,433.73,288.47,109.57,269.76,22.84,324.36,175.61,684.69,139.02,126.1,120.49,0.0,2.76
2026-10-06 13:30,27.83,32.97,36.26,36.77,50.13,53.54,51.93,54.67,39.08,51.77,52.01,41.97,55.96,46.09,30.53,45.06,36.29,42.89,47.15,51.42,53.11,54.36,47.0,54.26,55.47,44.9,46.64,46.59,45.58,46.39,43.53,48.41,47.94,783.75,144.56,321.16,244.91,423.25,448.13,619.49,111.46,67.08,1232.1,155.07,112.41,641.32,35.95,186.87,144.58,133.79,214.43,153.11,61.08,322.38,60.72,76.77,488.59,63.3,445.91,149.63,104.75,25.53,87.47,94.72,316.42,23.64,648.04,142.39,212.23,233.0,32.15,296.07,140.45,230.17,112.79,209.48,0.6,51.94,336.14,433.27,85.5,348.33,65.03,340.01,137.47,165.41,280.76,501.78,31.28,12.02,101.62,133.27,198.43,246.19,97.51,407.04,172.07,96.35,27.31,31.16,86.72,70.45,111.25,453.58,15.18,100.38,171.95,115.22,163.13,309.95,60.11,281.77,343.63,592.89,183.59,120.37,116.19,0.0,2.75
2026-10-06 13:35,27.78,32.93,36.24,36.86,50.21,53.64,52.03,54.76,39.09,51.88,52.12,42.05,56.05,46.18,30.63,45.17,36.39,42.99,47.23,51.47,53.2,54.43,47.1,54.35,55.56,44.99,46.76,46.7,45.66,46.5,43.57,48.51,48.02,748.34,276.56,238.55,250.27,275.04,266.43,0.0,700.54,205.94,528.35,225.55,138.11,416.74,83.0,191.23,129.79,57.37,74.37,173.5,46.59,314.12,58.04,174.07,463.47,23.1,331.2,229.09,79.9,68.88,105.94,30.71,484.46,24.2,348.24,332.96,496.28,89.07,61.5,265.78,236.45,538.23,68.04,211.62,0.46,121.47,232.73,794.76,10.76,127.1,150.15,411.8,266.56,235.03,636.61,269.64,196.61,7.57,60.42,131.93,23.49,131.45,186.55,299.03,438.68,118.37,39.72,27.97,92.83,69.74,0.0,423.11,1.8,90.11,527.94,63.35,0.0,337.52,60.72,516.85,252.45,406.38,198.8,114.89,110.96,0.0,2.74
2026-10-06 13:40,27.74,32.91,36.21,36.65,50.07,53.46,51.8,54.53,39.08,51.67,51.93,41.9,55.87,45.97,30.42,44.94,36.17,42.77,47.08,51.36,53.04,54.25,46.88,54.15,55.33,44.81,46.54,46.51,45.5,46.32,43.48,48.33,47.87,824.02,265.23,117.03,229.14,24.45,512.64,571.4,611.03,159.6,294.74,410.69,200.89,37.05,118.62,125.26,193.55,32.0,335.43,98.02,107.6,289.34,24.67,320.21,580.99,39.22,162.48,174.34,184.53,23.8,190.43,63.1,368.67,15.85,418.75,193.29,288.1,55.67,58.98,396.35,227.2,312.45,105.16,232.06,0.43,70.51,226.72,562.79,174.89,215.85,214.59,740.25,187.59,45.26,1171.08,324.24,171.49,2.92,116.25,106.35,317.44,143.97,178.91,429.93,492.35,172.18,72.32,41.71,193.18,56.22,39.73,424.99,24.29,134.37,409.14,183.72,150.47,345.32,66.58,366.0,362.95,505.38,365.33,125.27,122.03,0.0,2.73
2026-10-06 13:45,27.75,32.91,36.21,36.85,50.18,53.59,52.01,54.75,39.08,51.86,52.08,42.0,56.03,46.17,30.61,45.16,36.38,42.98,47.19,51.45,53.17,54.41,47.09,54.33,55.55,44.97,46.72,46.66,45.61,46.45,43.55,48.48,47.99,752.51,251.92,499.2,258.23,302.32,357.54,404.44,295.21,96.99,660.09,189.52,165.04,458.08,97.88,258.33,166.84,71.68,0.0,183.32,55.17,380.21,36.33,307.19,243.17,88.29,693.1,157.88,94.62,178.84,47.24,59.36,333.87,32.69,313.06,190.4,283.8,152.9,56.02,341.65,231.2,307.78,88.74,216.32,0.49,69.46,180.85,678.86,166.17,485.85,177.06,183.63,75.41,129.42,1123.47,242.4,82.85,9.41,81.08,133.54,177.23,177.94,169.93,266.28,380.8,141.45,33.37,35.96,122.03,70.6,143.05,627.2,13.56,115.83,248.63,72.16,106.5,438.8,62.07,441.48,224.8,415.04,261.04,117.17,112.6,0.0,2.71
2026-10-06 13:50,27.8,32.9,36.21,36.69,50.07,53.46,51.85,54.6,39.08,51.67,51.98,41.94,55.9,46.01,30.48,45.01,36.22,42.82,47.08,51.38,53.05,54.27,46.93,54.19,55.39,44.84,46.58,46.55,45.53,46.36,43.51,48.38,47.91,679.61,126.52,61.4,304.69,575.66,770.24,206.89,981.7,81.43,370.82,362.94,88.79,872.24,48.32,135.0,250.59,40.26,189.36,250.82,73.15,359.83,40.57,124.72,501.7,63.46,85.26,107.07,125.45,188.42,76.97,72.52,226.43,17.08,818.66,215.71,321.52,10.51,28.13,513.16,113.85,348.7,49.42,224.72,0.47,78.69,134.06,92.49,98.28,349.2,87.41,299.2,171.36,135.27,456.11,633.88,275.52,6.04,174.66,213.74,71.78,198.28,85.34,97.47,535.19,76.1,63.91,54.01,162.61,113.0,228.46,442.3,5.49,173.97,208.76,204.8,54.48,253.6,64.48,60.15,82.28,752.3,237.07,123.46,119.92,0.0,2.7
2026-10-06 13:55,27.78,32.92,36.22,37.02,50.29,53.72,52.16,54.9,39.08,52.04,52.23,42.1,56.14,46.34,30.81,45.31,36.55,43.13,47.3,51.53,53.28,54.55,47.22,54.47,55.71,45.12,46.89,46.8,45.73,46.59,43.61,48.62,48.1,717.99,44.2,158.72,222.19,254.75,331.86,0.0,785.5,62.93,687.46,21.54,58.64,385.99,73.13,69.47,79.38,74.65,293.38,206.99,65.78,355.8,29.15,18.42,139.23,115.02,220.37,190.3,112.81,99.7,130.15,59.02,402.43,8.79,83.94,302.75,451.24,65.45,9.83,162.56,47.21,489.38,93.0,201.55,0.44,110.44,198.08,768.43,265.53,632.93,132.3,505.92,211.3,98.52,67.37,64.99,220.45,6.33,75.25,289.48,341.71,83.79,29.82,118.85,218.06,50.26,3.79,17.11,76.28,153.03,134.28,425.29,26.14,55.11,161.33,18.65,0.0,300.93,57.83,499.73,100.33,294.71,297.45,108.64,105.14,0.0,2.69
2026-10-06 14:00,27.76,32.9,36.2,37.01,50.24,53.66,52.15,54.9,39.09,52.04,52.23,42.1,56.11,46.33,30.8,45.27,36.54,43.13,47.25,51.5,53.24,54.49,47.21,54.43,55.71,45.11,46.89,46.8,45.72,46.59,43.6,48.61,48.09,612.96,131.14,0.0,276.32,255.34,479.06,149.59,594.2,139.04,566.9,288.66,70.28,386.89,49.84,216.65,92.68,61.56,277.49,162.47,62.22,270.98,33.62,61.75,403.78,72.0,0.0,82.36,106.7,61.22,119.65,50.93,174.17,27.41,572.27,308.82,460.29,53.13,29.16,189.8,127.75,499.2,12.75,106.8,0.4,112.66,204.29,952.46,287.63,396.2,90.17,465.1,122.53,116.01,225.85,443.11,166.76,14.87,108.63,53.94,79.45,114.11,88.46,420.9,343.61,60.24,50.83,19.97,163.98,28.51,184.99,523.85,6.08,64.35,356.42,235.47,39.39,479.97,30.64,619.41,355.33,401.26,87.47,110.05,107.72,0.0,2.68
2026-10-06 14:05,27.75,32.88,36.18,37.06,50.25,53.66,52.19,54.94,39.09,52.09,52.25,42.14,56.13,46.38,30.86,45.31,36.58,43.17,47.26,51.51,53.25,54.52,47.24,54.46,55.75,45.14,46.92,46.82,45.76,46.62,43.63,48.64,48.12,542.47,98.32,0.0,235.07,620.1,441.99,274.25,571.55,98.49,492.61,310.49,46.81,939.58,87.96,126.32,189.35,53.49,120.05,139.51,21.34,322.02,22.54,285.18,641.18,49.6,0.0,194.52,36.6,192.39,37.37,11.11,411.36,15.98,545.53,117.78,175.55,113.62,21.86,387.76,98.83,190.39,20.59,259.08,0.44,42.97,192.22,566.28,232.57,272.97,159.12,145.26,22.84,187.27,1042.96,422.4,160.41,6.5,100.22,186.22,180.76,238.82,66.32,260.77,217.16,40.12,54.67,40.81,142.12,98.44,223.16,246.01,13.83,131.46,252.48,220.92,72.22,254.8,74.33,368.26,220.15,382.42,250.84,107.39,106.52,0.0,2.67
2026-10-06 14:10,27.78,32.89,36.19,36.89,50.14,53.51,52.03,54.77,39.07,51.87,52.17,42.07,56.01,46.21,30.68,45.16,36.41,43.01,47.15,51.44,53.13,54.35,47.09,54.3,55.58,45.02,46.78,46.73,45.69,46.54,43.58,48.56,48.05,518.61,167.67,158.26,274.73,277.12,107.92,322.34,717.38,182.57,752.37,447.56,105.72,419.89,55.07,90.24,252.16,81.69,189.6,91.28,65.06,263.82,33.06,180.22,562.72,11.88,219.73,0.0,111.58,276.73,172.18,76.8,0.0,11.42,96.27,53.99,80.47,15.67,37.29,516.37,149.7,87.27,27.48,269.7,0.48,19.7,391.19,386.39,102.65,65.39,99.63,669.3,88.37,169.42,659.1,74.54,201.33,10.26,24.47,72.63,169.95,141.37,113.1,315.27,179.6,90.61,78.81,54.34,149.3,38.39,2.29,485.55,13.0,175.06,468.03,135.06,84.88,296.42,77.38,251.28,266.15,313.93,213.91,112.97,114.81,0.0,2.65
2026-10-06 14:15,27.74,32.87,36.16,36.91,50.17,53.56,52.05,54.79,39.08,51.93,52.13,42.07,56.02,46.23,30.69,45.18,36.43,43.02,47.17,51.45,53.16,54.4,47.11,54.33,55.6,45.03,46.78,46.7,45.68,46.5,43.58,48.52,48.02,341.19,236.33,114.82,304.4,292.73,293.95,490.53,277.42,115.11,718.41,39.76,121.85,443.55,74.33,91.69,56.93,78.01,256.29,57.47,7.08,312.29,33.61,247.13,394.63,28.73,159.42,164.08,12.13,296.69,117.51,40.13,346.97,11.6,488.77,215.14,320.66,218.23,52.55,116.59,213.79,347.77,62.09,101.04,0.42,78.48,318.8,415.06,267.48,158.1,134.46,456.78,198.7,166.11,903.82,378.45,77.86,3.09,66.66,210.35,181.47,117.7,159.41,368.48,345.2,104.44,7.0,12.27,174.92,111.2,125.56,698.38,13.88,39.53,295.09,271.82,129.17,344.65,28.99,269.92,311.08,427.95,183.84,113.0,112.76,0.0,2.64
2026-10-06 14:20,27.75,32.86,36.16,36.9,50.18,53.57,52.05,54.79,39.09,51.92,52.17,42.06,56.03,46.22,30.67,45.2,36.42,43.03,47.19,51.46,53.17,54.39,47.12,54.33,55.59,45.02,46.79,46.74,45.68,46.54,43.59,48.56,48.05,334.63,312.71,366.83,312.22,190.04,774.05,303.8,485.29,94.74,443.38,362.6,121.33,287.95,93.82,84.79,297.04,48.14,137.4,140.58,17.98,327.52,36.23,33.64,759.68,58.39,509.31,91.39,30.83,198.91,134.76,54.64,193.27,10.73,364.63,146.44,218.27,93.71,69.54,608.29,272.96,236.72,93.83,200.43,0.46,53.42,92.08,548.23,158.89,321.34,169.71,523.85,115.35,64.47,123.01,282.33,136.2,6.67,175.52,97.73,97.47,149.11,210.94,168.65,511.02,103.99,63.85,64.02,117.8,51.66,94.27,563.69,7.46,206.22,242.86,349.36,80.0,269.43,57.51,356.53,142.37,669.68,135.51,113.01,112.77,0.0,2.63
2026-10-06 14:25,27.74,32.85,36.14,36.89,50.15,53.54,52.02,54.77,39.08,51.9,52.11,42.03,56.01,46.21,30.66,45.17,36.41,43.0,47.15,51.44,53.13,54.4,47.08,54.33,55.58,44.99,46.74,46.67,45.65,46.48,43.56,48.5,48.0,212.63,138.19,452.25,291.23,483.04,296.48,585.83,252.52,93.57,721.78,63.0,201.09,731.91,67.44,95.42,315.89,78.37,201.92,98.68,75.41,308.61,43.8,225.03,337.42,45.62,627.91,0.0,129.33,123.4,208.3,55.26,0.0,12.07,800.54,207.78,309.69,226.45,30.73,646.88,134.55,335.87,77.8,283.58,0.41,75.8,126.35,250.84,262.48,251.06,122.0,809.72,118.39,169.34,823.0,619.85,70.87,6.88,67.23,207.43,182.36,254.22,93.22,173.76,42.76,172.35,11.09,68.08,153.84,109.66,129.79,32.27,13.95,219.31,239.88,242.58,154.26,116.24,81.37,163.13,146.69,360.86,284.85,115.74,114.36,0.0,2.62
2026-10-06 14:30,27.74,32.85,36.15,36.93,50.2,53.61,52.07,54.81,39.08,51.92,52.18,42.06,56.06,46.25,30.71,45.23,36.45,43.05,47.2,51.47,53.19,54.44,47.15,54.37,55.62,45.03,46.8,46.74,45.69,46.55,43.58,48.58,48.06,137.59,212.77,221.23,253.89,294.76,374.71,547.64,255.56,95.08,491.18,202.63,87.03,446.62,70.78,0.0,220.79,53.33,27.82,205.06,68.21,324.4,25.53,224.76,483.58,50.11,307.16,25.91,116.99,133.16,53.47,61.53,54.78,0.0,632.77,158.7,236.53,22.17,47.31,452.14,182.74,256.53,40.19,201.99,0.48,57.89,215.33,851.12,139.5,275.73,128.05,207.84,100.25,179.36,822.0,489.95,71.72,4.63,84.97,151.39,347.47,259.81,143.52,103.61,387.87,74.6,35.68,47.58,84.14,80.03,110.92,161.2,26.58,153.29,243.75,198.95,144.21,224.84,57.96,553.5,87.47,494.73,247.97,113.03,111.22,0.0,2.61
2026-10-06 14:35,27.67,32.8,36.1,36.76,50.1,53.49,51.92,54.66,39.08,51.79,52.07,41.99,55.93,46.09,30.52,45.04,36.29,42.89,47.11,51.4,53.08,54.29,46.98,54.23,55.46,44.92,46.68,46.64,45.59,46.44,43.54,48.46,47.98,71.57,146.29,169.97,267.35,0.0,207.05,436.24,862.94,174.25,389.66,302.24,53.38,0.0,154.22,104.34,187.02,42.31,129.12,179.49,54.81,277.95,33.94,142.82,864.82,65.35,235.99,189.82,94.0,155.55,39.59,12.48,401.4,13.2,235.34,372.53,555.25,238.71,32.53,382.98,130.85,602.19,74.56,297.55,0.55,135.9,187.49,930.15,173.2,359.63,278.99,153.9,88.1,65.68,522.32,182.22,242.19,4.41,46.95,270.33,190.71,178.05,98.68,387.05,330.85,45.76,53.22,40.31,122.1,142.91,202.21,430.91,14.59,129.84,446.7,343.97,114.87,440.09,85.37,604.9,326.75,333.81,269.86,118.49,119.03,0.0,2.6
2026-10-06 14:40,27.72,32.82,36.12,36.87,50.17,53.57,52.02,54.77,39.08,51.86,52.1,42.02,56.02,46.19,30.64,45.14,36.39,42.99,47.18,51.45,53.16,54.39,47.08,54.32,55.57,44.98,46.73,46.67,45.63,46.47,43.55,48.48,48.0,33.39,361.7,195.05,261.27,430.6,378.16,311.99,625.83,95.2,18.54,121.1,48.36,652.45,84.82,13.78,185.87,2.01,263.47,130.37,55.78,277.04,50.08,187.33,296.86,19.83,270.81,102.27,95.66,186.28,78.81,61.37,216.26,1.74,460.57,238.07,354.85,207.66,80.43,380.64,314.25,384.84,46.41,106.43,0.59,86.85,147.58,647.81,76.67,109.11,153.44,306.36,206.97,103.72,685.12,356.62,175.64,0.0,85.75,187.15,199.43,190.14,243.98,455.2,130.81,41.45,21.32,40.06,127.58,98.94,150.06,383.47,15.26,129.05,244.04,21.95,82.16,476.28,30.54,421.29,384.28,361.59,181.83,116.22,112.68,0.0,2.59
2026-10-06 14:45,27.74,32.84,36.13,37.08,50.31,53.75,52.23,54.97,39.08,52.09,52.3,42.15,56.17,46.4,30.87,45.35,36.61,43.2,47.33,51.54,53.3,54.59,47.28,54.52,55.78,45.17,46.95,46.86,45.79,46.66,43.64,48.69,48.15,15.97,270.7,335.3,288.63,17.62,202.6,0.0,407.89,82.0,455.43,384.99,66.28,26.69,28.15,101.1,171.74,49.45,112.67,160.92,40.55,248.21,56.74,151.28,338.0,32.45,465.54,114.77,69.54,59.94,90.61,47.36,242.7,12.79,454.19,254.35,379.1,166.28,60.2,351.7,252.46,411.15,56.2,240.93,0.56,92.79,339.65,327.78,10.07,178.6,50.93,352.22,74.25,129.74,553.27,351.68,114.48,10.04,45.94,234.98,256.28,90.39,182.6,154.26,305.84,56.81,67.79,37.01,174.96,124.22,174.21,0.0,19.61,119.23,210.22,226.45,0.0,350.4,69.13,213.16,130.23,485.1,208.5,105.89,102.99,0.0,2.57
2026-10-06 14:50,27.73,32.83,36.12,37.28,50.41,53.86,52.41,55.15,39.09,52.29,52.42,42.23,56.31,46.59,31.08,45.54,36.8,43.39,47.43,51.62,53.43,54.72,47.47,54.66,55.97,45.32,47.12,46.98,45.87,46.77,43.68,48.79,48.23,17.86,150.59,42.9,265.18,293.81,546.26,306.36,426.85,46.95,167.59,138.98,62.85,445.19,125.02,9.68,152.29,18.2,360.83,103.07,78.92,255.56,9.33,80.78,281.18,51.79,59.56,125.22,135.35,127.12,130.62,55.22,264.81,1.23,603.38,153.01,228.06,121.47,33.49,311.86,138.31,247.34,83.98,136.61,0.62,55.82,261.33,354.81,144.04,284.98,226.15,507.76,151.38,135.07,295.42,467.19,119.8,7.25,123.87,62.05,226.07,135.67,101.58,213.47,317.61,53.87,24.47,32.82,112.78,32.8,224.97,187.75,17.3,105.73,120.35,181.11,80.67,314.67,39.2,230.74,180.21,601.51,0.0,98.41,93.56,0.0,2.56
2026-10-06 14:55,27.67,32.78,36.07,36.9,50.22,53.63,52.05,54.79,39.08,51.9,52.14,42.04,56.06,46.22,30.69,45.21,36.43,43.02,47.23,51.48,53.2,54.47,47.13,54.38,55.6,45.01,46.78,46.7,45.67,46.5,43.57,48.53,48.02,12.69,176.37,0.0,249.26,602.05,696.91,330.19,271.52,195.23,105.09,202.8,139.63,912.24,151.83,41.83,0.0,11.41,111.85,206.74,73.53,267.49,40.93,133.08,781.28,42.29,0.0,203.85,126.11,112.55,232.67,61.87,431.07,5.29,394.59,149.04,222.14,260.98,39.22,0.0,158.0,240.91,72.25,151.79,0.44,54.37,183.94,342.18,208.67,232.75,274.66,904.43,100.35,99.15,486.66,305.52,76.2,12.38,158.03,256.98,310.56,100.62,118.97,67.52,650.44,119.67,35.71,0.0,181.03,135.85,122.64,315.85,23.76,0.0,500.48,211.7,86.95,390.21,43.55,222.53,57.0,779.84,242.83,114.56,109.83,0.0,2.55
2026-10-06 15:00,27.65,32.75,36.05,36.88,50.18,53.59,52.03,54.77,39.08,51.9,52.13,42.02,56.02,46.2,30.66,45.16,36.4,43.0,47.2,51.45,53.17,54.41,47.1,54.33,55.57,45.0,46.76,46.7,45.64,46.49,43.56,48.51,48.01,14.14,273.48,295.92,286.75,396.1,579.04,390.14,690.48,98.29,671.63,229.55,92.07,600.17,0.0,167.17,196.34,72.93,236.21,176.16,58.56,256.29,40.77,136.64,0.0,98.81,410.86,255.57,100.43,246.83,157.03,26.0,540.45,21.15,177.29,132.03,196.8,190.81,60.82,402.07,239.42,213.43,56.3,347.81,0.58,48.17,135.57,441.14,77.93,543.74,0.0,610.4,176.84,42.9,499.54,137.28,193.78,8.6,131.3,76.43,311.94,218.41,184.47,167.51,343.8,78.91,40.42,42.31,125.84,40.4,180.16,270.28,23.87,136.31,251.98,127.2,102.73,350.61,99.79,286.89,141.42,586.88,177.02,115.18,112.74,0.0,2.54
2026-10-06 15:05,27.64,32.74,36.04,36.88,50.18,53.59,52.03,54.77,39.07,51.87,52.11,42.03,56.03,46.19,30.66,45.16,36.4,43.0,47.19,51.46,53.17,54.4,47.11,54.33,55.57,44.99,46.75,46.68,45.64,46.48,43.56,48.5,48.01,14.26,396.99,304.53,252.58,235.13,474.33,410.55,364.07,42.23,1040.11,326.5,42.54,356.27,52.83,182.78,201.19,112.94,91.99,112.19,42.15,251.33,7.38,101.18,402.04,35.31,422.81,270.01,72.29,123.41,154.47,119.09,570.98,23.13,576.34,145.56,216.95,178.92,88.28,412.0,347.52,235.29,30.02,39.76,0.62,53.1,39.67,455.62,134.22,194.29,95.56,600.48,239.82,173.1,369.85,446.26,102.18,11.13,107.56,63.42,341.0,237.84,267.78,448.92,381.52,36.46,57.49,43.36,174.29,33.53,45.52,309.58,26.09,139.68,108.25,132.18,108.11,348.22,11.41,296.3,378.98,473.86,103.09,116.14,112.13,0.0,2.53
2026-10-06 15:10,27.64,32.75,36.05,36.91,50.22,53.62,52.07,54.81,39.07,51.89,52.15,42.04,56.07,46.23,30.7,45.21,36.44,43.04,47.23,51.48,53.21,54.45,47.14,54.38,55.61,45.02,46.79,46.72,45.66,46.52,43.57,48.54,48.03,14.83,136.4,275.81,274.44,243.61,562.43,370.78,489.76,130.38,360.4,446.73,103.88,369.13,64.3,139.34,134.42,39.13,309.01,52.46,56.31,246.56,48.84,13.61,283.07,89.26,382.94,178.24,96.58,94.85,128.49,91.9,376.93,17.63,448.34,188.0,280.21,154.39,30.33,275.27,123.71,303.89,40.91,59.38,0.47,68.58,307.94,528.79,109.8,491.17,116.31,499.48,126.55,145.05,49.75,347.15,137.45,11.55,127.54,9.3,323.94,197.67,92.0,230.53,222.67,89.04,78.66,28.97,127.07,4.91,262.05,100.24,24.78,93.32,334.23,48.75,97.64,265.34,17.04,343.88,194.62,510.89,207.44,114.33,109.48,0.0,2.52
2026-10-06 15:15,27.62,32.74,36.04,36.99,50.23,53.62,52.14,54.88,39.08,51.97,52.22,42.1,56.1,46.31,30.78,45.27,36.52,43.12,47.23,51.5,53.22,54.47,47.2,54.42,55.69,45.09,46.86,46.79,45.72,46.58,43.61,48.61,48.09,17.42,161.39,292.82,283.56,284.52,577.35,197.11,718.46,119.31,428.42,126.25,111.86,431.11,81.46,161.85,23.4,46.52,153.7,98.72,40.19,247.85,7.91,277.05,545.41,0.0,406.56,75.1,68.92,215.61,64.25,21.33,158.81,20.48,632.97,230.79,343.99,0.0,35.89,47.92,149.04,373.07,92.34,197.96,0.51,84.19,316.02,809.49,135.6,0.0,147.37,249.74,69.61,187.24,1012.54,490.1,201.64,2.78,130.92,91.56,275.13,173.86,108.87,243.67,358.05,95.88,22.23,5.04,212.15,48.4,81.3,292.88,21.05,16.25,305.87,67.16,51.9,335.91,56.8,526.43,205.71,472.88,171.79,109.9,108.67,0.0,2.51
2026-10-06 15:20,27.63,32.73,36.03,36.88,50.15,53.54,52.02,54.77,39.09,51.92,52.14,42.03,56.0,46.2,30.66,45.16,36.41,42.99,47.16,51.44,53.14,54.38,47.09,54.32,55.58,45.01,46.78,46.7,45.65,46.5,43.57,48.53,48.02,15.72,135.55,238.32,246.65,445.11,406.52,419.09,339.21,135.39,366.07,340.49,79.36,674.43,46.0,128.46,186.1,39.75,277.28,158.41,97.56,238.67,41.95,120.78,772.68,64.06,330.89,111.88,167.31,226.05,106.49,59.23,236.59,16.25,238.05,286.37,426.83,121.0,30.14,381.1,138.66,462.9,49.03,241.31,0.44,104.47,92.0,393.98,212.99,352.5,83.22,413.96,65.75,124.25,441.41,184.32,95.2,5.6,92.18,216.81,101.25,119.42,91.43,404.74,359.52,68.02,59.96,40.11,171.93,114.62,74.41,272.92,7.75,129.2,347.09,174.59,110.36,177.33,69.24,256.21,341.69,534.04,103.28,115.27,114.64,0.0,2.5
2026-10-06 15:25,27.62,32.72,36.01,36.96,50.21,53.63,52.11,54.84,39.07,51.94,52.2,42.09,56.07,46.28,30.75,45.25,36.49,43.08,47.22,51.48,53.2,54.45,47.17,54.38,55.66,45.07,46.84,46.77,45.71,46.57,43.6,48.59,48.08,17.61,212.0,188.08,314.97,243.05,166.89,599.05,190.91,102.99,1010.9,336.53,85.89,368.27,0.0,146.1,189.15,109.77,262.74,226.57,102.02,221.96,42.21,169.92,353.39,23.95,261.14,121.34,174.96,170.52,157.71,93.19,256.6,18.49,380.83,284.58,424.17,192.54,47.14,387.35,184.09,460.02,0.0,221.89,0.48,103.82,50.49,648.39,193.67,131.79,0.0,613.04,89.76,62.24,620.88,294.88,53.58,6.64,37.84,164.64,170.28,85.5,143.0,196.95,239.47,73.61,59.26,40.77,91.15,87.04,285.11,318.02,13.03,131.32,264.02,165.93,157.75,198.04,63.67,421.66,166.27,275.69,113.91,110.99,110.11,0.0,2.48
2026-10-06 15:30,27.63,32.73,36.02,37.07,50.28,53.69,52.2,54.94,39.08,52.07,52.3,42.15,56.16,46.39,30.86,45.36,36.59,43.18,47.3,51.53,53.28,54.56,47.27,54.49,55.76,45.16,46.95,46.86,45.78,46.66,43.62,48.69,48.14,14.77,279.89,38.18,277.48,419.58,803.58,362.36,505.12,98.42,420.35,258.57,92.98,635.75,0.0,57.55,112.46,45.64,86.65,137.79,32.15,278.87,35.51,124.21,507.76,85.7,53.01,0.0,55.13,237.27,88.51,111.55,0.0,7.28,527.48,155.28,231.44,171.9,62.24,230.29,253.75,251.01,29.88,263.73,0.28,56.65,290.72,366.62,106.2,471.58,0.0,344.05,279.23,3.52,454.02,408.42,141.76,5.45,182.22,74.1,175.32,142.03,188.8,68.9,315.61,79.69,45.53,24.24,82.26,39.17,200.14,329.24,13.41,78.07,252.31,79.79,95.42,223.09,75.67,238.42,58.17,810.14,258.24,106.07,104.16,0.0,2.47
2026-10-06 15:35,27.57,32.68,35.98,36.84,50.15,53.55,52.0,54.74,39.09,51.87,52.1,42.03,55.99,46.16,30.61,45.14,36.36,42.96,47.16,51.43,53.14,54.37,47.07,54.29,55.53,44.96,46.73,46.67,45.64,46.47,43.56,48.49,48.0,17.29,267.5,371.61,291.67,48.28,564.77,404.38,874.79,148.36,11.85,488.1,130.03,73.15,59.6,167.8,140.78,1.29,133.47,170.42,27.35,244.17,36.21,199.2,522.68,44.6,515.95,146.19,46.9,278.82,74.47,39.33,309.16,21.23,554.42,154.58,230.4,209.36,59.49,288.28,236.38,249.88,27.3,165.22,0.22,56.39,196.39,246.49,174.13,245.41,107.82,289.47,278.32,103.79,726.93,429.29,245.51,9.19,128.16,243.51,56.07,213.35,180.44,31.53,468.53,111.45,85.95,30.34,205.55,128.73,187.91,773.88,4.29,97.74,380.32,207.87,106.48,514.09,47.41,160.3,26.62,767.87,254.6,116.8,114.38,0.0,2.46
2026-10-06 15:40,27.61,32.7,36.0,37.1,50.28,53.69,52.24,54.98,39.08,52.08,52.29,42.14,56.17,46.42,30.89,45.36,36.62,43.22,47.29,51.53,53.28,54.55,47.3,54.5,55.79,45.17,46.96,46.86,45.76,46.64,43.62,48.66,48.13,16.73,180.25,147.91,268.36,340.31,203.22,17.65,546.43,104.81,507.16,99.41,70.52,515.64,123.72,17.51,223.92,55.07,63.45,163.97,29.38,276.67,42.45,150.45,225.13,8.94,205.36,127.72,50.39,258.39,88.37,46.33,270.08,2.22,672.84,289.95,432.17,143.16,40.08,458.55,163.23,468.7,28.34,130.6,0.2,105.78,156.48,552.29,168.66,49.18,223.8,343.53,277.46,138.41,549.63,520.97,153.36,6.6,46.09,105.13,57.97,66.84,121.59,241.05,249.62,60.44,17.51,48.26,118.27,55.58,273.31,0.0,4.43,155.46,268.67,30.97,4.65,173.74,37.47,359.17,203.5,299.7,99.02,106.66,104.4,0.0,2.45
2026-10-06 15:45,27.57,32.67,35.97,36.88,50.17,53.57,52.02,54.76,39.07,51.87,52.16,42.08,56.01,46.2,30.66,45.16,36.41,43.0,47.18,51.44,53.15,54.39,47.09,54.32,55.57,45.0,46.77,46.72,45.7,46.54,43.6,48.56,48.06,17.23,387.84,374.94,251.43,423.04,501.08,469.11,364.24,92.96,357.29,407.97,143.52,640.99,85.22,0.0,159.02,38.8,106.93,268.31,72.23,302.56,45.58,146.27,461.07,56.05,520.57,80.51,123.88,94.31,116.16,68.8,170.24,0.0,187.47,245.81,366.37,195.62,86.25,325.64,333.72,397.34,33.55,271.66,0.12,89.67,88.64,416.78,124.84,308.45,154.17,451.54,34.19,134.03,533.81,145.16,102.23,10.93,113.71,190.02,209.85,171.98,261.62,377.59,373.18,123.01,71.84,34.27,72.8,100.46,0.0,539.35,16.05,110.4,238.31,148.11,123.53,80.42,77.94,271.04,318.76,592.6,174.47,112.72,113.67,0.0,2.44
2026-10-06 15:50,27.6,32.68,35.98,36.94,50.23,53.65,52.08,54.83,39.08,51.95,52.17,42.08,56.08,46.27,30.71,45.22,36.47,43.06,47.24,51.49,53.22,54.47,47.15,54.38,55.63,45.06,46.81,46.74,45.7,46.54,43.59,48.56,48.05,17.99,2.91,202.45,238.4,320.37,243.46,295.35,306.71,133.97,820.53,108.66,101.03,485.43,35.94,145.74,114.63,89.1,238.64,107.08,82.31,332.48,16.64,59.15,476.86,67.23,281.09,117.68,141.17,104.47,120.59,52.48,248.86,18.44,501.23,281.37,419.37,166.18,0.65,234.75,26.73,454.82,107.19,236.21,0.05,102.64,167.43,119.8,110.51,369.94,65.02,468.74,173.18,235.77,216.03,388.1,86.08,4.32,55.22,122.85,121.22,76.88,1.96,276.25,142.09,86.59,19.13,24.71,134.99,64.95,99.61,570.02,9.27,79.59,343.43,20.05,77.77,412.37,67.77,77.91,233.22,236.38,204.91,112.34,108.93,0.0,2.43
2026-10-06 15:55,27.53,32.65,35.95,36.95,50.19,53.6,52.08,54.83,39.08,51.94,52.18,42.07,56.06,46.26,30.73,45.23,36.47,43.06,47.2,51.47,53.18,54.46,47.16,54.39,55.63,45.05,46.82,46.75,45.69,46.55,43.59,48.57,48.05,28.02,345.08,236.03,276.9,62.52,541.19,570.26,561.96,98.86,922.51,190.88,154.67,94.73,64.38,151.5,243.98,100.17,110.62,153.56,100.77,291.36,19.84,12.54,481.0,63.64,327.71,179.63,172.82,244.82,136.52,93.04,379.86,19.17,141.46,47.69,71.08,131.72,76.74,499.62,302.27,77.08,49.82,184.83,0.03,17.4,292.18,897.99,192.07,350.18,116.46,530.69,128.93,61.52,45.75,109.53,157.72,0.0,122.88,117.3,245.93,159.62,232.77,205.66,341.12,132.56,33.61,52.58,110.62,62.01,266.22,194.75,18.82,169.38,253.44,95.44,150.17,274.01,53.03,583.99,173.62,521.06,254.25,111.96,111.44,0.0,2.42
2026-10-06 16:00,27.57,32.66,35.95,36.93,50.2,53.61,52.06,54.8,39.08,51.94,52.2,42.08,56.05,46.24,30.72,45.22,36.45,43.04,47.21,51.47,53.19,54.42,47.14,54.36,55.61,45.05,46.82,46.77,45.71,46.57,43.6,48.59,48.08,35.53,249.57,180.24,264.02,181.48,388.84,316.71,380.73,72.49,281.82,250.36,33.72,274.97,128.83,76.52,41.0,30.6,167.77,208.06,52.8,311.92,61.61,71.8,632.14,100.23,250.25,144.78,90.56,102.81,202.82,29.69,306.17,9.68,632.27,134.7,200.78,189.39,55.5,83.96,217.42,217.75,42.31,277.79,0.01,49.14,141.05,271.92,115.99,551.54,233.06,788.43,135.71,138.33,262.03,489.57,106.85,6.49,88.23,66.06,332.48,103.68,168.35,8.92,470.03,28.9,44.09,8.84,81.3,34.92,126.52,103.72,25.44,28.47,185.84,181.93,83.4,273.9,79.71,176.84,7.53,441.34,151.25,111.56,111.32,0.0,2.41
2026-10-06 16:05,27.54,32.65,35.94,35.92,49.96,53.34,51.49,54.25,39.08,51.32,51.84,41.86,55.71,45.57,29.84,44.59,35.58,42.39,46.97,51.27,52.91,54.12,46.58,53.99,55.01,44.54,46.27,46.39,45.46,46.25,43.48,48.28,47.85,62.1,121.49,52.05,260.69,428.63,698.24,463.23,179.97,15.6,557.97,479.24,14.03,649.46,20.38,208.78,176.71,60.59,295.08,149.11,39.78,307.7,52.39,84.27,129.06,37.7,72.26,183.47,68.22,290.88,166.35,79.03,387.98,26.42,145.56,294.01,438.21,98.59,27.02,361.87,112.94,475.25,50.15,99.64,0.01,107.25,278.32,428.06,113.96,207.47,36.87,646.65,189.04,128.26,307.35,112.7,50.51,11.18,158.53,110.85,248.18,193.32,81.95,103.37,218.42,12.03,84.39,38.08,144.3,58.6,159.14,140.78,18.99,122.68,40.0,155.08,121.98,181.91,28.59,278.38,87.26,653.32,245.86,130.24,129.54,44.02,2.4
2026-10-06 16:10,27.55,32.65,35.95,36.02,50.02,53.42,51.57,54.34,39.09,51.4,51.86,41.87,55.78,45.66,29.94,44.67,35.68,42.48,47.03,51.32,52.98,54.18,46.66,54.06,55.09,44.6,46.33,46.41,45.46,46.26,43.48,48.29,47.84,75.42,174.95,313.18,248.24,230.21,508.9,359.89,649.65,21.13,1148.72,144.02,184.18,348.82,69.49,121.07,179.39,124.73,199.05,118.41,34.35,340.56,31.97,121.67,10.35,39.31,434.82,143.56,58.91,129.11,158.13,36.91,303.59,15.32,437.2,241.96,360.63,196.64,38.9,367.35,169.88,391.12,61.36,71.81,0.04,88.27,316.51,268.15,158.88,216.32,125.7,614.68,117.48,87.13,443.86,338.52,182.33,0.63,115.52,85.21,282.83,77.06,118.01,109.55,91.93,157.86,25.36,38.66,67.97,45.04,230.34,169.67,21.64,124.54,54.17,249.8,94.77,80.72,20.6,174.38,92.49,373.13,302.39,128.93,125.04,44.04,2.41
2026-10-06 16:15,27.49,32.63,35.93,36.07,50.09,53.51,51.67,54.42,39.09,51.44,51.89,41.9,55.86,45.72,29.99,44.74,35.73,42.57,47.1,51.36,53.05,54.29,46.76,54.15,55.18,44.64,46.38,46.44,45.49,46.29,43.49,48.31,47.86,99.28,245.39,207.42,212.78,368.62,818.54,227.74,180.19,82.74,737.05,249.17,8.95,558.54,85.54,198.2,168.83,80.03,136.24,150.31,10.18,496.98,40.12,302.61,494.36,34.88,287.99,272.33,17.47,32.5,130.58,27.22,575.9,25.08,192.6,199.24,296.96,99.12,54.57,345.73,213.52,322.06,19.75,109.76,0.07,72.68,285.29,715.28,188.3,191.92,154.74,507.6,178.79,80.76,1102.47,149.13,50.57,7.26,186.05,98.74,160.91,209.97,165.53,387.39,143.56,7.67,43.88,36.39,174.12,52.2,70.06,582.71,12.31,117.21,212.11,141.39,59.97,106.58,31.49,465.16,327.04,696.75,28.42,127.22,121.25,44.05,2.42
2026-10-06 16:20,27.53,32.64,35.94,35.83,49.89,53.25,51.4,54.17,39.09,51.27,51.78,41.81,55.65,45.49,29.72,44.49,35.5,42.31,46.9,51.23,52.85,54.03,46.49,53.9,54.93,44.48,46.2,46.33,45.42,46.2,43.45,48.22,47.8,156.33,247.15,229.38,239.27,62.71,358.73,529.04,757.03,138.47,706.92,50.24,125.53,95.01,105.66,198.21,198.64,76.76,72.51,125.63,37.51,545.44,38.75,10.46,668.34,67.23,318.47,141.88,64.33,215.53,229.98,40.8,300.04,25.08,599.58,214.6,319.85,108.9,54.96,406.77,224.27,346.89,97.61,113.42,0.09,78.28,210.47,573.08,263.95,369.97,191.14,893.99,150.86,60.47,38.15,464.25,212.46,2.97,81.46,212.66,288.58,160.98,166.72,275.59,228.95,107.59,8.85,42.81,0.0,112.42,239.69,614.42,22.08,137.91,354.97,144.37,139.31,319.25,32.54,372.69,232.66,483.04,275.47,132.82,133.5,43.99,2.43
2026-10-06 16:25,27.55,32.67,35.96,36.09,50.04,53.43,51.65,54.42,39.09,51.46,51.91,41.9,55.83,45.72,30.01,44.74,35.75,42.56,47.06,51.34,53.02,54.24,46.74,54.13,55.18,44.65,46.39,46.46,45.5,46.31,43.49,48.33,47.87,175.14,125.45,335.99,232.03,391.56,774.36,145.41,92.72,105.94,623.48,351.08,156.72,593.3,51.04,227.76,117.45,67.7,195.77,110.85,42.68,622.37,5.14,87.56,285.39,76.19,466.49,183.37,73.2,178.23,212.77,73.6,387.77,28.82,426.59,164.42,245.07,133.8,27.9,240.53,133.0,265.79,56.23,214.8,0.15,59.98,147.43,511.89,159.33,419.26,92.32,827.08,61.05,118.52,319.44,330.3,26.02,12.21,175.77,135.6,83.89,103.49,84.62,217.33,410.25,134.32,61.82,25.31,58.97,71.69,200.45,200.74,6.42,81.54,271.59,157.07,38.29,40.2,61.63,332.9,183.47,726.38,108.77,127.38,123.72,44.05,2.44
2026-10-06 16:30,27.59,32.71,35.99,36.18,50.11,53.52,51.76,54.52,39.08,51.54,52.0,41.98,55.9,45.81,30.1,44.82,35.84,42.66,47.13,51.38,53.08,54.31,46.82,54.2,55.27,44.73,46.47,46.54,45.6,46.4,43.55,48.42,47.96,218.82,203.44,101.27,223.49,161.73,374.27,31.77,310.66,147.35,540.61,221.92,0.0,245.05,23.79,207.9,209.93,58.7,53.34,146.7,62.13,664.41,38.92,214.32,612.39,0.0,140.6,173.53,106.55,23.44,106.32,35.05,366.95,26.31,182.65,180.79,269.47,250.3,45.24,429.91,176.69,292.25,78.49,268.71,0.27,65.95,348.66,390.82,88.04,0.0,43.03,413.28,30.56,54.32,782.75,141.42,87.19,1.38,84.89,273.29,135.89,143.07,137.23,193.01,188.4,0.0,39.08,45.24,144.92,144.48,203.91,449.96,10.4,145.75,377.73,79.98,8.36,278.48,77.1,254.16,162.94,376.85,187.73,121.38,118.81,44.07,2.44
2026-10-06 16:35,27.51,32.65,35.94,35.56,49.82,53.17,51.17,53.94,39.08,50.94,51.51,41.65,55.52,45.22,29.45,44.29,35.22,42.07,46.84,51.16,52.75,53.93,46.29,53.77,54.67,44.24,45.91,46.08,45.22,45.95,43.35,47.96,47.61,275.81,358.99,138.22,234.06,394.86,675.67,265.64,135.24,149.95,602.19,339.55,96.1,598.29,41.16,166.55,102.91,65.39,166.48,49.35,69.13,1229.13,47.81,131.68,873.35,92.13,191.9,276.49,118.55,204.26,109.19,51.29,584.69,21.07,500.57,93.17,138.87,150.06,79.83,210.73,316.9,150.6,105.5,175.75,0.31,33.99,76.24,834.63,161.64,506.98,74.46,424.45,168.69,67.72,480.01,387.59,37.96,8.02,153.49,88.25,352.74,114.78,242.15,110.46,482.96,82.37,59.79,22.18,181.91,46.66,204.09,332.62,26.99,71.44,384.41,123.32,69.95,514.5,50.43,542.78,93.25,807.61,376.96,143.86,139.65,43.93,2.45
2026-10-06 16:40,27.55,32.67,35.97,35.76,49.87,53.24,51.36,54.14,39.08,51.13,51.7,41.76,55.62,45.42,29.66,44.45,35.42,42.26,46.88,51.22,52.83,54.02,46.45,53.89,54.88,44.39,46.09,46.24,45.35,46.12,43.41,48.13,47.74,290.89,217.01,266.83,246.79,161.73,338.23,387.36,517.66,158.29,500.57,435.06,98.02,245.05,134.37,87.83,307.52,54.35,188.32,59.41,52.31,1110.53,36.92,151.37,482.16,35.41,370.47,70.39,89.71,141.52,154.76,46.82,148.86,11.11,763.75,216.32,322.42,161.77,48.26,629.75,200.84,349.68,61.75,101.28,0.36,78.91,272.27,552.04,156.2,194.84,243.07,601.6,262.0,162.23,552.33,591.37,145.28,1.19,76.76,168.06,225.74,236.91,146.38,273.78,77.3,84.02,76.61,66.28,52.75,88.85,108.41,175.87,17.27,213.5,405.78,149.63,102.0,221.74,29.06,359.01,231.13,396.38,377.05,137.42,134.63,43.97,2.46
2026-10-06 16:45,27.57,32.69,35.99,35.92,49.96,53.34,51.51,54.28,39.08,51.32,51.85,41.88,55.73,45.58,29.81,44.59,35.58,42.41,46.98,51.28,52.92,54.1,46.6,54.0,55.03,44.54,46.27,46.39,45.47,46.26,43.48,48.28,47.86,337.53,119.81,255.27,232.46,577.33,111.44,557.26,6.51,149.27,729.13,237.1,21.02,874.78,107.0,84.04,199.63,79.17,173.21,125.93,97.69,1415.29,26.08,159.03,365.92,78.21,354.42,209.76,167.53,157.82,0.0,52.42,443.58,10.63,193.19,322.79,481.12,220.26,26.64,408.81,108.56,521.79,30.28,118.79,0.35,117.76,241.93,399.43,62.77,430.39,193.57,0.0,182.07,94.19,580.57,149.59,1.83,8.65,25.28,73.22,254.29,244.16,80.81,225.5,103.49,18.02,41.75,43.02,51.74,38.71,119.93,355.18,19.45,138.6,382.65,80.87,146.74,125.12,34.08,259.76,190.37,378.81,116.59,129.0,129.05,44.0,2.47
2026-10-06 16:50,27.62,32.71,36.0,35.71,49.8,53.14,51.29,54.05,39.07,51.07,51.69,41.77,55.54,45.36,29.61,44.38,35.37,42.19,46.81,51.17,52.74,53.91,46.38,53.78,54.81,44.37,46.06,46.24,45.36,46.12,43.42,48.14,47.73,317.91,115.33,247.47,220.88,383.02,561.12,431.46,608.17,0.0,876.4,319.12,143.85,580.36,65.7,231.76,39.46,95.16,163.74,94.86,69.2,1536.83,32.36,74.3,425.42,4.96,343.59,33.54,118.69,254.62,181.74,44.04,70.92,29.32,256.04,126.77,188.95,222.57,25.65,80.8,115.24,204.92,80.34,179.76,0.48,46.25,193.05,172.18,140.81,27.29,118.85,706.48,138.47,115.61,271.5,198.25,170.69,6.39,127.24,134.97,89.38,193.25,77.8,212.73,292.28,123.3,56.19,8.5,90.37,71.35,186.98,722.72,6.84,27.39,0.0,185.33,113.62,450.84,51.58,111.97,179.59,675.41,282.24,137.14,138.69,43.95,2.48
2026-10-06 16:55,27.51,32.66,35.96,35.8,49.93,53.32,51.44,54.22,39.08,51.18,51.72,41.78,55.69,45.46,29.69,44.5,35.46,42.33,46.94,51.26,52.89,54.09,46.53,53.97,54.95,44.44,46.14,46.27,45.36,46.14,43.43,48.15,47.75,453.6,385.64,394.57,289.64,372.41,484.54,243.53,359.38,38.61,402.02,244.96,128.07,564.27,99.16,106.46,273.32,43.65,239.59,75.3,43.36,1869.49,29.73,163.15,438.85,74.35,547.82,184.4,74.36,133.23,154.06,80.78,389.95,13.47,554.59,273.1,407.06,140.18,85.76,559.7,340.95,441.47,63.57,335.42,0.52,99.63,373.39,852.31,97.54,409.13,179.39,598.87,25.31,142.91,594.79,429.41,100.86,3.18,110.06,115.1,0.0,121.14,260.13,368.1,311.42,109.77,43.13,58.9,190.09,60.85,201.44,165.52,0.0,189.75,98.98,219.18,64.13,313.45,96.24,554.27,310.76,717.17,124.23,135.72,131.44,43.97,2.48
2026-10-06 17:00,27.55,32.68,35.98,35.89,50.0,53.4,51.52,54.29,39.08,51.26,51.77,41.83,55.77,45.54,29.79,44.59,35.55,42.41,47.01,51.31,52.96,54.19,46.61,54.04,55.03,44.5,46.2,46.32,45.42,46.19,43.46,48.21,47.8,667.49,90.35,231.87,239.99,455.51,627.12,181.51,366.89,48.62,938.03,235.06,56.87,690.19,122.45,146.95,254.03,101.85,172.76,78.47,41.87,1967.89,28.25,227.85,307.36,53.78,321.94,126.21,71.8,139.0,147.37,24.31,266.9,18.59,661.8,33.43,49.83,161.5,20.09,520.2,94.82,54.04,61.33,92.55,0.65,12.2,101.97,723.24,70.37,295.93,221.5,572.86,151.24,76.6,831.49,512.42,102.97,5.13,142.32,95.35,269.1,86.51,60.94,307.78,448.21,48.74,41.39,54.75,103.6,50.41,147.38,793.46,20.59,176.36,124.64,32.71,47.8,520.21,26.55,470.34,259.83,744.91,83.54,132.1,126.67,43.99,2.49
2026-10-06 17:05,27.59,32.72,36.01,35.9,49.99,53.38,51.49,54.26,39.08,51.29,51.82,41.87,55.74,45.55,29.82,44.57,35.56,42.4,47.0,51.29,52.94,54.16,46.59,54.03,55.0,44.52,46.24,46.37,45.46,46.24,43.48,48.25,47.83,780.15,100.8,145.25,226.39,97.15,503.14,694.79,419.0,86.51,754.2,140.96,27.88,147.21,130.41,120.58,14.11,81.89,303.27,224.09,46.48,1913.37,53.52,10.69,634.32,29.5,201.66,222.55,79.71,187.97,109.93,62.18,470.63,15.26,438.68,178.7,266.34,50.56,22.42,28.89,109.93,288.86,97.52,291.83,0.63,65.19,228.04,441.51,28.8,162.33,235.9,427.33,115.68,41.07,39.05,339.67,117.59,11.61,114.11,83.15,98.8,259.64,67.99,405.19,352.82,23.89,24.82,3.04,121.75,43.96,156.5,143.76,7.56,9.79,221.77,106.99,182.96,466.55,83.73,287.13,342.07,376.38,231.6,129.77,128.05,43.99,2.5
2026-10-06 17:10,27.52,32.67,35.98,35.8,49.87,53.23,51.39,54.16,39.09,51.2,51.68,41.78,55.62,45.45,29.71,44.46,35.46,42.29,46.87,51.21,52.82,54.01,46.46,53.88,54.9,44.42,46.13,46.24,45.35,46.1,43.42,48.11,47.72,967.73,257.69,117.76,261.56,326.37,610.09,281.49,979.57,150.56,589.07,335.58,83.94,494.52,150.38,129.96,224.39,63.96,342.6,103.25,44.6,1825.98,29.38,244.29,606.8,20.94,163.49,179.95,76.48,157.12,34.84,28.78,380.53,16.44,641.07,294.95,439.63,104.58,57.3,459.51,216.4,476.78,15.41,151.59,0.8,107.6,260.62,238.78,227.77,115.23,272.03,135.41,129.02,136.77,890.98,496.38,274.92,11.3,138.52,176.74,66.37,137.72,173.82,281.76,227.71,71.94,59.09,48.36,87.74,93.44,190.26,552.65,5.08,155.79,385.96,207.58,74.12,18.5,43.5,155.29,237.87,540.03,298.43,136.9,134.78,43.97,2.5
2026-10-06 17:15,27.59,32.73,36.03,36.03,50.01,53.37,51.6,54.37,39.09,51.43,51.91,41.92,55.78,45.67,29.96,44.7,35.69,42.51,47.02,51.32,52.97,54.14,46.7,54.04,55.12,44.62,46.36,46.46,45.52,46.32,43.5,48.34,47.9,1205.35,6.92,175.06,216.25,455.92,433.63,399.13,347.97,51.7,218.45,345.51,51.44,690.81,22.23,146.84,23.94,23.72,217.11,150.0,99.23,1638.53,15.02,145.43,466.66,75.35,243.06,168.15,170.18,269.23,26.73,41.45,355.58,18.58,718.72,128.15,191.01,138.92,1.54,49.02,33.67,207.15,0.0,244.19,0.75,46.75,159.28,326.51,181.69,414.67,40.22,103.92,170.35,156.85,531.45,556.5,97.66,1.34,98.33,57.53,0.0,170.48,4.67,226.12,332.86,44.09,60.84,5.16,100.58,30.41,144.73,667.21,0.0,16.62,132.54,83.31,105.1,203.95,70.06,212.34,190.89,506.27,217.07,126.54,125.97,44.02,2.51
2026-10-06 17:20,27.57,32.74,36.03,35.68,49.83,53.19,51.28,54.05,39.08,51.08,51.66,41.77,55.56,45.33,29.59,44.35,35.34,42.18,46.85,51.18,52.78,53.94,46.37,53.82,54.8,44.36,46.05,46.22,45.35,46.1,43.42,48.11,47.72,1356.89,203.62,293.32,214.37,161.54,850.32,456.9,475.92,107.02,444.05,312.81,81.97,244.76,19.45,164.57,87.46,48.22,98.76,168.94,0.26,1569.32,42.67,132.53,552.2,28.13,407.25,174.33,0.44,130.51,113.3,43.49,368.65,20.82,83.54,230.03,342.86,73.81,45.28,179.09,188.45,371.84,16.74,118.74,0.69,83.92,345.75,0.0,34.16,154.77,35.18,440.41,87.11,143.07,484.17,64.68,133.57,4.35,192.84,220.36,323.77,183.86,137.35,238.62,565.82,70.25,55.08,18.85,156.04,116.49,46.56,161.91,24.77,60.72,274.35,283.77,120.31,353.6,34.07,0.0,201.45,950.1,239.85,137.1,137.4,43.94,2.52
2026-10-06 17:25,27.55,32.72,36.02,35.99,50.03,53.43,51.58,54.34,39.09,51.39,51.84,41.87,55.79,45.63,29.9,44.67,35.65,42.49,47.04,51.32,52.99,54.19,46.68,54.07,55.09,44.58,46.31,46.4,45.47,46.26,43.48,48.27,47.85,1277.56,183.99,283.44,211.33,183.34,56.35,126.11,369.54,113.72,841.62,351.91,109.91,277.8,83.6,202.44,108.96,91.39,118.08,84.91,40.66,1342.22,40.26,249.2,254.5,57.72,393.54,289.12,69.74,3.86,199.98,32.4,611.4,25.61,180.63,284.04,423.36,198.47,40.92,223.14,167.93,459.14,20.55,143.13,0.9,103.62,177.59,424.33,120.63,317.62,151.24,777.39,113.99,128.82,909.95,139.86,103.71,5.98,12.78,153.11,320.31,79.36,124.11,152.66,346.08,94.21,61.97,23.48,91.94,80.94,115.85,395.43,24.51,75.65,291.52,156.53,33.21,282.34,41.07,275.95,128.87,151.13,116.16,129.4,124.74,44.01,2.53
2026-10-06 17:30,27.59,32.75,36.05,35.82,49.92,53.29,51.41,54.18,39.08,51.21,51.8,41.84,55.65,45.48,29.73,44.5,35.48,42.32,46.93,51.24,52.87,54.03,46.51,53.9,54.94,44.47,46.18,46.34,45.45,46.23,43.46,48.25,47.83,1397.09,97.63,110.31,248.1,134.52,427.87,577.73,733.99,132.56,0.0,246.54,81.44,203.82,36.68,183.01,86.84,0.0,15.64,161.56,106.19,1657.44,27.17,70.06,668.84,56.56,153.16,34.94,182.11,147.91,40.84,39.68,73.88,23.16,238.85,321.44,479.11,186.42,21.71,177.83,93.39,519.61,67.69,340.4,0.89,117.26,318.53,567.75,133.96,311.24,66.35,158.74,71.47,139.61,256.1,184.94,206.0,5.36,97.02,154.41,365.28,240.89,65.86,137.44,441.27,69.81,43.41,18.72,165.29,81.63,0.0,461.35,27.95,60.29,339.82,152.1,152.13,298.79,97.67,369.22,116.03,511.95,140.77,132.05,133.01,43.97,2.53
2026-10-06 17:35,27.57,32.74,36.04,35.9,49.95,53.33,51.51,54.28,39.08,51.29,51.79,41.82,55.72,45.54,29.81,44.57,35.56,42.4,46.95,51.27,52.91,54.1,46.6,54.0,55.02,44.51,46.23,46.34,45.4,46.2,43.45,48.22,47.8,1411.48,138.24,291.68,237.82,327.02,104.78,366.98,637.11,188.0,483.52,197.23,88.08,495.5,108.68,156.0,299.28,52.5,214.3,110.03,52.08,1737.67,35.77,9.73,505.91,89.52,404.97,145.33,89.32,209.63,0.0,74.99,307.33,19.74,358.95,263.59,392.87,106.44,30.74,612.88,122.35,426.08,78.52,246.58,0.96,96.16,99.18,831.18,182.04,492.65,196.6,0.0,132.15,143.54,35.54,277.93,178.81,6.03,23.76,42.02,311.18,65.11,93.25,356.73,544.49,75.49,34.73,64.5,67.68,22.21,60.19,233.72,23.81,207.78,481.94,187.85,96.64,0.0,70.75,540.54,301.16,219.46,44.42,132.49,130.35,43.98,2.54
2026-10-06 17:40,27.55,32.73,36.04,35.73,49.9,53.28,51.34,54.12,39.08,51.13,51.68,41.77,55.62,45.39,29.62,44.42,35.39,42.24,46.92,51.22,52.85,54.01,46.44,53.88,54.85,44.39,46.08,46.24,45.35,46.11,43.42,48.13,47.74,1664.07,296.65,294.05,270.1,222.7,274.02,506.92,532.85,102.32,428.83,346.78,41.46,337.44,2.91,182.25,165.49,46.56,152.96,265.62,61.33,1669.74,34.46,255.67,308.66,65.86,408.26,175.34,105.19,184.48,87.03,36.54,370.8,23.06,170.65,356.54,531.42,201.56,65.97,338.9,264.73,576.33,77.51,199.23,1.05,130.06,133.25,338.65,58.63,362.41,5.26,338.29,163.23,182.06,933.72,132.13,149.55,6.67,62.15,96.38,208.36,100.29,200.1,410.3,420.1,35.53,61.06,35.67,199.46,50.95,176.91,427.83,15.94,114.9,262.3,27.46,133.49,219.8,57.16,220.23,346.38,218.38,0.0,136.73,133.45,43.94,2.55
2026-10-06 17:45,27.55,32.73,36.03,35.8,49.9,53.27,51.41,54.18,39.08,51.21,51.74,41.8,55.66,45.46,29.7,44.48,35.46,42.31,46.92,51.24,52.86,54.07,46.51,53.93,54.92,44.45,46.15,46.29,45.39,46.16,43.44,48.18,47.77,1460.14,124.2,431.31,273.28,352.82,548.19,167.66,303.2,28.99,1142.49,317.48,85.28,534.59,7.07,124.72,297.9,124.05,359.64,145.01,36.03,1484.14,37.31,146.34,411.88,58.83,598.84,176.23,61.8,185.46,118.33,22.55,372.68,15.78,390.98,253.45,377.76,75.24,27.62,610.05,127.25,409.69,34.42,196.24,1.26,92.46,256.15,392.26,201.88,323.74,12.79,459.98,215.76,70.13,534.47,302.73,85.09,10.71,124.34,231.07,64.23,192.32,83.78,352.11,285.73,73.09,55.9,64.2,89.72,122.16,134.58,626.13,4.91,206.82,74.32,141.39,44.15,296.15,56.3,255.09,297.26,648.41,131.88,134.31,132.97,43.96,2.56
2026-10-06 17:50,27.62,32.77,36.07,35.9,50.01,53.42,51.53,54.3,39.08,51.27,51.76,41.82,55.78,45.55,29.81,44.6,35.56,42.42,47.02,51.31,52.98,54.2,46.62,54.06,55.04,44.51,46.22,46.32,45.4,46.17,43.44,48.19,47.78,1465.89,229.57,448.15,244.04,171.07,170.38,170.06,710.22,77.31,478.62,195.51,49.98,259.21,85.72,0.0,162.98,51.97,193.19,118.29,76.43,1346.08,39.77,97.88,362.47,34.29,622.22,135.05,131.08,206.87,102.3,49.35,285.6,0.0,509.89,286.97,427.73,290.91,51.05,333.76,216.34,463.88,58.38,240.84,1.02,104.69,104.25,0.0,166.76,188.67,155.07,397.68,218.47,162.68,357.89,394.81,199.33,10.16,38.64,165.05,205.96,144.02,154.85,317.21,515.82,42.84,34.43,35.13,74.52,87.25,183.64,443.87,15.76,113.15,198.18,200.46,44.78,291.38,69.1,0.0,267.79,182.28,130.32,133.04,125.64,43.98,2.56
2026-10-06 17:55,27.62,32.8,36.09,35.78,49.88,53.25,51.39,54.16,39.07,51.14,51.71,41.79,55.63,45.42,29.68,44.49,35.44,42.29,46.88,51.22,52.83,54.0,46.49,53.88,54.89,44.42,46.11,46.27,45.38,46.15,43.43,48.16,47.76,1690.01,192.76,434.45,256.06,133.33,347.51,260.29,113.72,1.46,851.12,18.54,120.56,202.02,92.25,99.55,203.33,92.42,187.23,83.11,42.56,1170.2,28.76,177.45,359.05,55.87,603.2,118.39,72.99,155.45,38.62,93.21,250.36,12.6,569.5,76.26,113.66,99.6,42.87,416.37,187.15,123.27,80.62,91.64,1.16,27.82,265.2,278.44,28.88,307.44,166.88,150.14,271.15,71.65,648.93,440.96,31.92,0.0,78.8,99.67,266.01,141.76,130.03,10.13,437.38,103.34,3.26,43.82,125.84,52.69,73.09,664.03,20.35,141.16,3.74,102.84,68.54,417.93,26.29,181.08,8.55,576.03,220.88,134.72,134.13,43.95,2.57
2026-10-06 18:00,27.6,32.79,36.09,36.13,50.09,53.5,51.7,54.47,39.09,51.54,51.97,41.95,55.87,45.77,30.05,44.76,35.79,42.62,47.1,51.37,53.06,54.27,46.78,54.15,55.23,44.7,46.46,46.52,45.56,46.37,43.52,48.39,47.92,1849.18,286.31,187.19,254.18,180.39,655.78,471.87,519.05,6.82,546.53,202.93,82.54,273.34,113.46,94.27,307.91,59.34,101.84,160.42,31.08,1117.69,63.4,96.44,713.21,67.4,259.89,55.25,53.3,142.57,44.24,84.0,116.83,11.93,36.4,72.53,108.11,106.65,63.67,630.54,263.79,117.24,44.11,90.84,1.28,26.46,275.1,569.27,87.61,370.9,205.24,171.99,123.45,164.17,352.68,28.18,145.67,7.64,148.7,0.0,140.91,142.63,193.13,448.29,207.61,70.75,35.73,66.36,62.19,0.0,56.61,809.0,10.78,213.77,17.48,111.36,124.25,262.99,26.06,370.21,378.46,664.96,218.24,123.38,120.32,44.03,2.58
2026-10-06 18:05,27.62,32.8,36.1,35.77,49.88,53.26,51.39,54.16,39.08,51.15,51.68,41.75,55.64,45.43,29.67,44.45,35.43,42.28,46.89,51.22,52.84,54.01,46.48,53.89,54.9,44.41,46.11,46.24,45.33,46.1,43.41,48.12,47.73,1457.37,325.78,189.62,257.51,104.26,470.07,83.46,380.9,141.73,402.28,206.87,81.38,157.98,114.02,220.93,257.38,43.68,214.76,197.56,52.83,918.68,65.83,89.5,366.17,45.27,263.27,243.63,90.61,183.27,143.08,113.38,515.2,27.95,620.54,0.0,0.0,140.52,72.45,527.08,296.29,0.0,70.7,160.96,0.88,0.0,413.49,507.22,140.74,249.12,206.27,556.18,46.14,140.51,327.29,480.48,106.9,3.27,106.59,178.24,39.35,94.32,219.75,258.08,64.77,69.75,36.43,55.47,70.54,94.23,110.54,669.46,3.01,178.69,363.32,173.55,21.98,410.92,46.18,329.86,217.87,567.34,180.93,137.57,134.25,43.94,2.59
2026-10-06 18:10,27.68,32.83,36.13,36.01,50.02,53.42,51.6,54.36,39.07,51.35,51.87,41.89,55.8,45.64,29.92,44.69,35.67,42.5,47.03,51.32,52.99,54.21,46.69,54.09,55.11,44.59,46.32,46.42,45.5,46.28,43.49,48.3,47.86,1302.04,218.37,228.48,219.44,323.96,708.74,150.03,238.2,41.51,276.3,0.0,82.33,490.87,93.76,85.47,210.1,30.0,201.54,85.72,0.0,849.47,39.43,125.74,267.49,67.93,317.23,95.98,0.0,111.82,128.12,78.6,202.98,10.81,363.71,347.58,518.06,37.13,48.56,430.24,190.46,561.85,37.54,1.44,1.26,126.8,96.3,245.75,82.15,373.82,169.62,498.04,250.61,144.94,459.84,281.62,66.85,10.86,160.71,133.25,241.03,209.38,147.3,144.42,367.15,70.57,0.0,45.28,0.0,70.44,36.04,193.14,18.44,145.86,106.4,299.92,39.51,129.95,0.41,159.82,121.92,800.06,226.72,127.74,124.56,44.0,2.59
2026-10-06 18:15,27.65,32.82,36.12,36.09,50.05,53.44,51.66,54.43,39.08,51.47,51.93,41.93,55.83,45.73,30.02,44.75,35.75,42.57,47.06,51.34,53.01,54.25,46.74,54.13,55.18,44.66,46.41,46.48,45.53,46.33,43.51,48.35,47.9,1079.19,246.91,276.37,259.68,221.16,631.99,362.96,676.46,73.77,261.34,281.49,144.19,335.11,21.1,241.95,240.32,28.38,309.22,164.89,77.94,871.5,33.18,97.37,217.36,23.26,383.72,173.86,133.67,161.63,54.83,50.2,367.65,30.61,292.43,168.4,251.0,146.8,54.91,492.14,217.25,272.21,11.29,260.68,0.93,61.43,149.05,935.97,85.82,127.97,38.17,213.12,181.58,193.17,356.12,226.43,189.85,6.51,143.31,208.7,0.0,139.13,166.55,105.5,175.92,123.59,49.57,51.79,86.01,110.33,224.33,302.82,0.0,166.85,189.1,160.08,95.58,167.09,74.8,608.69,89.06,542.48,58.43,125.67,123.83,44.01,2.6
2026-10-06 18:20,27.66,32.82,36.12,35.89,49.93,53.29,51.48,54.25,39.08,51.25,51.78,41.83,55.7,45.54,29.79,44.58,35.55,42.38,46.94,51.26,52.89,54.07,46.58,53.96,55.0,44.5,46.21,46.34,45.41,46.2,43.45,48.22,47.81,984.96,141.93,368.95,248.82,260.31,309.72,559.28,452.93,145.46,528.45,119.74,73.81,394.43,55.05,204.73,0.0,57.38,194.28,89.17,7.85,846.53,19.63,192.23,802.44,78.64,512.25,133.3,13.47,150.91,55.41,77.27,281.88,25.9,381.43,240.14,357.93,291.03,31.56,0.0,126.78,388.18,64.89,84.57,1.4,87.6,59.23,713.15,144.98,432.74,99.59,215.4,180.95,102.53,703.03,295.34,127.12,5.44,70.23,169.89,186.22,238.96,95.74,85.98,408.9,63.26,21.08,0.0,190.58,89.81,191.19,482.67,14.25,0.0,372.9,61.69,147.27,236.39,24.26,463.78,72.59,534.93,0.0,132.15,130.93,43.96,2.61
2026-10-06 18:25,27.72,32.85,36.15,35.73,49.86,53.2,51.33,54.08,39.06,51.05,51.68,41.77,55.59,45.38,29.64,44.44,35.39,42.23,46.87,51.2,52.8,53.97,46.44,53.84,54.83,44.38,46.06,46.23,45.36,46.11,43.43,48.12,47.74,993.98,245.33,304.88,199.32,570.66,157.83,253.59,383.55,40.67,438.99,109.13,101.2,864.67,41.74,89.08,111.48,47.67,268.43,79.1,9.4,729.03,40.57,0.0,542.21,0.0,423.3,212.19,16.12,155.91,190.87,97.31,448.71,11.27,311.77,170.85,254.66,45.48,54.56,228.28,225.48,276.18,42.67,196.35,0.98,62.33,92.38,396.73,173.2,0.0,75.51,741.97,175.0,95.4,0.0,241.4,107.64,10.68,35.79,106.0,389.91,177.56,165.48,156.8,100.52,86.73,19.22,24.03,215.6,56.04,177.17,326.32,29.83,77.39,104.25,206.91,66.78,369.87,56.34,258.0,132.38,395.61,156.75,136.05,136.29,43.93,2.62
2026-10-06 18:30,27.66,32.83,36.13,35.63,49.81,53.18,51.24,54.0,39.09,51.03,51.57,41.7,55.54,45.29,29.53,44.33,35.29,42.13,46.81,51.17,52.76,53.94,46.34,53.79,54.75,44.3,45.98,46.13,45.28,46.01,43.38,48.02,47.66,912.5,178.07,224.93,280.23,254.83,361.83,515.08,14.8,147.13,0.0,177.55,95.18,386.12,117.53,238.36,118.6,0.0,269.26,232.32,83.06,629.89,21.57,325.93,419.9,42.37,312.29,71.36,142.45,127.79,218.95,72.92,150.91,30.16,589.6,250.33,373.11,247.85,39.6,242.86,169.45,404.65,40.81,86.43,1.11,91.32,392.11,695.06,177.93,233.16,212.61,851.09,134.16,106.33,1191.99,456.52,4.15,7.3,82.05,132.68,268.54,132.92,120.11,207.81,379.19,81.58,31.26,25.56,115.54,70.14,67.82,434.73,20.54,82.34,377.19,259.17,135.64,375.97,24.8,452.01,175.44,560.72,338.99,141.14,139.42,43.9,2.63
2026-10-06 18:35,27.7,32.84,36.15,35.65,49.78,53.13,51.23,54.0,39.08,51.03,51.64,41.75,55.5,45.31,29.55,44.34,35.31,42.14,46.79,51.15,52.72,53.88,46.34,53.75,54.75,44.34,46.01,46.2,45.32,46.08,43.4,48.09,47.71,707.07,139.86,311.08,194.54,89.86,368.73,493.1,896.44,180.01,696.66,183.65,38.01,136.16,61.96,212.0,106.01,75.64,354.43,211.39,44.24,550.95,3.25,102.09,244.19,67.04,431.91,100.98,75.86,152.63,113.54,70.19,213.54,26.82,449.1,215.03,320.5,114.08,31.1,217.09,142.0,347.59,34.14,226.73,1.14,78.44,193.54,779.34,71.43,368.93,112.09,441.37,258.87,112.95,373.35,347.73,251.59,9.81,83.61,84.98,184.72,70.38,94.34,195.48,367.72,32.57,32.34,22.85,61.47,44.93,0.0,501.36,14.13,73.6,461.46,263.08,129.84,153.42,65.05,506.83,165.03,579.65,204.97,138.91,140.94,43.91,2.63
2026-10-06 18:40,27.62,32.79,36.1,35.35,49.67,52.99,50.99,53.76,39.08,50.75,51.33,41.55,55.37,45.01,29.23,44.1,35.0,41.87,46.68,51.07,52.6,53.73,46.12,53.58,54.48,44.07,45.71,45.91,45.09,45.79,43.29,47.79,47.48,782.87,151.5,418.94,271.11,456.65,826.13,593.52,276.47,81.07,1178.13,200.62,195.04,691.91,67.12,113.38,251.0,127.93,298.29,188.72,67.12,538.28,27.84,218.11,549.62,31.87,581.66,255.51,115.11,223.16,111.73,51.8,540.32,14.35,126.05,311.64,464.51,137.0,33.69,514.01,145.62,503.77,110.42,166.14,1.14,113.69,298.02,589.69,244.7,175.38,121.41,434.33,268.93,100.21,797.35,97.6,77.59,6.63,187.33,252.51,39.52,253.57,102.19,176.94,480.98,167.17,35.33,54.1,82.17,133.49,246.21,601.06,3.02,174.26,207.82,183.78,156.29,398.08,47.67,383.49,149.38,670.27,205.54,150.69,147.48,43.84,2.64
2026-10-06 18:45,27.69,32.85,36.15,35.72,49.87,53.23,51.32,54.09,39.08,51.11,51.68,41.77,55.6,45.39,29.63,44.41,35.38,42.21,46.89,51.21,52.82,54.0,46.42,53.86,54.84,44.38,46.08,46.23,45.36,46.11,43.43,48.12,47.73,707.45,276.11,347.68,257.51,538.13,709.54,254.41,168.65,66.09,486.58,419.62,41.05,815.38,51.83,52.88,0.0,52.83,99.8,202.32,69.01,462.28,22.89,223.04,472.47,82.17,482.72,59.88,118.36,157.03,194.32,63.06,126.62,6.69,409.1,289.77,431.9,222.18,61.4,0.0,246.15,468.4,64.33,363.62,1.06,105.71,248.95,609.55,144.6,452.17,93.76,755.38,59.08,68.62,815.7,316.76,47.33,4.05,160.89,217.3,294.22,193.47,186.24,333.92,109.66,35.18,73.89,0.0,258.39,114.87,49.33,422.65,22.51,0.0,169.43,107.97,66.99,265.68,104.33,396.4,281.9,773.76,191.91,136.82,135.81,43.92,2.65
2026-10-06 18:50,27.76,32.88,36.18,35.59,49.83,53.18,51.23,54.0,39.08,50.99,51.59,41.71,55.54,45.26,29.48,44.3,35.25,42.12,46.84,51.17,52.77,53.92,46.34,53.77,54.74,44.29,45.96,46.14,45.29,46.03,43.39,48.04,47.66,584.12,90.92,222.97,253.74,233.73,715.96,212.87,597.8,39.38,463.5,218.77,129.24,354.14,0.0,192.48,305.2,50.33,81.49,118.42,38.64,435.66,34.26,219.49,205.05,13.57,309.58,88.4,66.26,208.28,108.86,35.69,186.95,24.35,339.84,211.01,314.51,212.62,20.22,624.99,88.86,341.09,49.83,172.67,1.34,76.98,457.19,120.25,124.72,74.67,0.0,423.17,128.09,96.3,802.72,263.14,167.77,9.55,162.35,267.93,136.14,112.63,61.33,302.48,342.57,110.77,38.52,65.78,120.78,141.64,182.08,494.59,10.42,211.89,100.96,262.6,56.05,561.81,49.54,78.2,255.36,738.12,121.48,140.85,138.08,43.89,2.65
2026-10-06 18:55,27.73,32.87,36.17,35.74,49.82,53.18,51.31,54.08,39.09,51.18,51.67,41.76,55.56,45.4,29.64,44.39,35.4,42.22,46.83,51.18,52.77,53.94,46.4,53.82,54.83,44.4,46.11,46.24,45.33,46.09,43.42,48.11,47.72,670.21,129.23,177.06,273.72,123.66,618.83,494.68,374.13,153.75,1006.61,377.61,106.32,187.37,100.5,261.45,319.11,109.3,355.58,205.47,68.77,362.59,27.33,97.22,517.31,50.85,245.83,240.77,117.95,72.68,204.14,67.48,509.15,33.08,144.37,63.56,94.73,110.41,28.74,653.49,123.67,102.74,91.71,106.85,1.01,23.19,200.52,416.66,122.55,279.85,181.81,793.55,107.64,215.91,355.54,111.78,105.0,10.81,140.33,71.21,22.1,166.62,87.17,301.2,183.45,91.13,66.49,68.77,181.91,37.64,204.81,473.13,1.69,221.55,394.14,289.82,130.26,366.49,30.66,270.96,254.28,588.14,332.53,137.25,137.86,43.92,2.66
2026-10-06 19:00,27.77,32.89,36.19,35.57,49.79,53.15,51.17,53.94,39.08,50.99,51.53,41.67,55.49,45.24,29.47,44.27,35.23,42.07,46.8,51.14,52.72,53.88,46.29,53.73,54.68,44.25,45.93,46.1,45.24,45.97,43.36,47.98,47.63,489.89,284.25,358.09,234.78,225.76,329.5,731.4,428.98,88.25,538.56,404.16,126.4,342.07,38.2,41.25,114.26,58.48,112.16,197.6,72.84,399.12,44.04,74.5,59.83,91.52,497.18,179.49,124.92,5.19,142.13,45.31,379.57,5.22,494.55,83.14,123.91,185.06,63.21,233.98,252.9,134.39,61.64,258.17,1.26,30.33,224.97,360.8,235.25,503.62,69.11,552.5,257.96,135.13,272.46,382.93,120.39,8.27,74.72,137.9,307.21,234.52,191.74,230.27,283.57,108.34,71.17,24.62,104.46,72.9,133.09,574.98,23.5,79.32,226.23,64.33,192.6,364.0,74.08,234.64,194.39,378.76,194.34,143.14,141.19,43.88,2.67
2026-10-06 19:05,27.73,32.88,36.18,35.52,49.71,53.04,51.12,53.89,39.08,50.91,51.5,41.66,55.43,45.18,29.42,44.24,35.18,42.01,46.71,51.1,52.65,53.8,46.23,53.66,54.63,44.22,45.88,46.06,45.21,45.94,43.36,47.95,47.6,521.51,102.46,118.8,244.33,560.93,773.85,529.99,194.99,140.4,675.46,83.66,41.21,849.93,144.21,293.94,109.98,73.34,295.13,218.4,22.67,309.53,26.78,259.69,649.86,63.09,164.94,130.39,38.88,164.76,133.0,26.55,275.73,37.19,136.73,134.78,200.89,96.3,22.79,225.23,100.08,217.87,57.72,154.39,1.16,49.17,383.67,855.18,226.31,347.18,260.87,517.0,177.48,168.3,949.75,105.87,54.72,6.97,175.48,131.22,133.61,254.34,69.12,49.99,399.82,35.32,14.73,23.7,97.36,69.37,68.63,761.19,10.22,76.36,359.93,224.2,139.56,238.72,44.3,556.14,42.2,715.79,316.74,144.05,144.91,43.87,2.68
2026-10-06 19:10,27.77,32.91,36.21,35.95,49.98,53.37,51.53,54.3,39.08,51.33,51.82,41.86,55.74,45.6,29.87,44.59,35.61,42.43,46.98,51.28,52.94,54.14,46.61,54.01,55.06,44.56,46.28,46.38,45.45,46.23,43.47,48.25,47.82,435.8,48.04,294.61,291.23,364.03,535.87,24.17,368.45,151.94,524.27,0.0,86.43,551.58,110.29,275.75,106.94,56.93,235.82,110.08,53.73,279.42,17.19,79.18,487.46,58.94,409.04,174.99,92.15,31.71,90.1,64.16,370.05,34.89,330.85,365.53,544.82,192.06,10.68,218.98,61.09,590.87,10.04,358.8,1.17,133.34,175.72,744.77,92.28,324.34,199.51,350.26,138.2,145.04,289.59,256.17,103.41,7.65,121.51,216.37,255.86,67.67,32.4,320.41,268.9,74.08,0.0,23.05,120.37,114.38,114.13,185.64,19.57,74.24,389.5,237.07,6.37,267.66,102.95,484.34,270.5,443.8,229.92,130.2,129.08,43.96,2.68
2026-10-06 19:15,27.82,32.93,36.22,35.88,49.92,53.29,51.46,54.22,39.09,51.26,51.76,41.82,55.68,45.53,29.78,44.56,35.53,42.36,46.92,51.25,52.87,54.07,46.56,53.94,54.97,44.49,46.2,46.32,45.4,46.17,43.44,48.19,47.78,368.21,282.6,182.09,226.96,416.15,8.59,172.56,167.82,178.87,1032.96,267.35,161.8,630.55,163.7,198.45,118.7,112.16,130.76,149.85,72.69,285.48,37.07,15.0,414.67,20.9,252.82,158.75,124.67,253.88,150.23,55.73,335.7,25.11,475.08,187.95,280.14,119.96,62.85,243.08,245.29,303.82,23.14,215.05,1.17,68.56,399.3,234.48,85.99,115.04,296.13,583.99,236.97,114.56,54.86,367.85,47.1,7.76,1.95,32.6,104.73,142.3,190.63,133.44,259.33,138.68,47.08,25.58,72.42,17.24,132.67,684.25,8.01,82.41,458.54,161.94,45.44,230.66,61.7,152.48,112.65,13.6,178.46,133.37,131.98,43.94,2.69
2026-10-06 19:20,27.83,32.95,36.24,35.69,49.88,53.24,51.32,54.09,39.07,51.04,51.67,41.78,55.6,45.34,29.6,44.4,35.35,42.21,46.89,51.21,52.82,53.98,46.42,53.85,54.81,44.35,46.04,46.22,45.36,46.1,43.42,48.11,47.73,307.81,330.04,293.11,217.41,57.17,148.76,293.64,0.0,113.82,538.21,417.15,197.62,86.62,63.04,87.69,98.59,58.44,278.07,217.07,80.28,365.71,41.28,166.99,336.73,22.83,406.96,222.67,137.68,90.07,66.37,65.49,470.87,11.1,358.49,142.22,211.98,176.72,73.39,201.9,286.42,229.9,14.2,182.87,0.97,51.88,357.91,166.02,138.06,125.63,114.04,257.98,218.82,70.73,610.71,277.57,0.0,13.34,33.73,183.44,227.26,200.67,222.63,228.49,350.15,169.38,73.46,21.25,150.74,96.98,114.55,107.84,17.39,68.45,291.79,150.56,77.32,383.44,52.47,107.97,192.9,483.67,197.12,136.97,134.81,43.9,2.7
2026-10-06 19:25,27.81,32.94,36.23,35.73,49.9,53.29,51.34,54.11,39.08,51.12,51.67,41.75,55.63,45.38,29.64,44.44,35.39,42.23,46.91,51.23,52.85,54.05,46.45,53.91,54.84,44.38,46.07,46.23,45.34,46.1,43.41,48.12,47.73,302.76,209.34,122.19,223.78,304.35,217.04,513.19,0.0,88.52,867.16,501.73,142.03,461.15,57.07,260.78,133.43,94.16,141.49,195.48,48.41,285.11,52.93,151.51,283.36,34.54,169.64,279.77,83.01,135.94,84.35,97.88,591.63,33.0,513.23,63.66,94.89,56.44,46.55,273.24,188.75,102.91,61.58,60.7,0.92,23.22,288.35,774.5,1.55,190.06,103.24,327.89,175.1,169.83,554.11,397.39,0.0,10.71,49.22,122.37,391.32,110.75,141.21,191.93,453.18,121.74,88.35,28.76,68.56,64.69,196.85,304.03,29.94,92.63,226.93,62.26,135.14,408.43,17.42,503.68,162.03,402.23,105.61,137.89,133.64,43.91,2.71
2026-10-06 19:30,27.83,32.95,36.25,35.59,49.78,53.13,51.17,53.94,39.07,50.97,51.57,41.68,55.49,45.24,29.5,44.28,35.25,42.07,46.78,51.15,52.72,53.85,46.29,53.72,54.69,44.28,45.95,46.13,45.25,46.0,43.37,48.01,47.64,286.79,234.55,278.51,282.4,462.81,559.54,0.0,247.53,101.04,597.95,103.52,169.33,701.25,73.72,273.96,174.89,64.93,398.53,129.17,88.09,281.63,39.51,54.04,666.23,120.54,386.69,43.27,151.08,252.84,103.61,79.1,91.5,34.66,43.84,136.33,203.21,257.76,52.16,358.13,225.73,220.38,45.12,122.1,1.3,49.74,268.38,632.6,158.98,663.33,133.37,402.76,126.08,141.83,197.63,33.94,69.47,10.76,126.88,197.84,108.26,137.59,158.21,301.84,492.52,145.13,18.23,37.69,65.4,104.59,216.35,546.05,8.28,121.42,259.03,129.12,0.0,141.76,35.03,411.39,254.82,572.29,229.8,142.08,140.92,43.87,2.72
2026-10-06 19:35,27.87,32.98,36.27,35.75,49.9,53.25,51.34,54.1,39.08,51.15,51.77,41.83,55.63,45.4,29.65,44.47,35.41,42.25,46.91,51.23,52.84,53.98,46.47,53.86,54.85,44.43,46.13,46.31,45.43,46.2,43.46,48.22,47.81,213.01,235.02,293.42,254.03,139.27,180.82,538.94,456.49,75.78,439.86,222.02,48.14,211.03,27.85,283.15,166.93,47.76,132.11,196.07,38.7,300.17,48.47,110.82,600.37,54.87,407.39,203.02,66.38,231.92,195.5,69.39,429.32,35.83,320.01,111.15,165.67,110.88,52.26,341.85,207.37,179.67,111.79,179.51,0.91,40.55,265.46,76.82,176.38,301.96,50.38,759.94,152.68,61.31,405.3,247.78,128.11,11.98,41.0,141.49,0.0,228.71,158.53,171.96,392.13,41.26,39.1,35.98,150.95,74.8,109.48,334.43,0.0,115.89,194.26,168.04,141.92,374.42,51.51,49.96,145.17,368.43,105.67,133.05,133.47,43.91,2.73
2026-10-06 19:40,27.83,32.95,36.25,35.65,49.8,53.15,51.26,54.02,39.08,51.03,51.63,41.72,55.54,45.31,29.55,44.33,35.31,42.16,46.81,51.17,52.75,53.93,46.36,53.79,54.77,44.32,46.0,46.18,45.3,46.06,43.39,48.07,47.68,235.48,282.88,200.89,266.77,238.91,626.3,296.21,237.9,49.17,447.88,240.93,130.03,362.0,71.5,123.73,186.67,48.63,188.18,130.7,39.46,273.55,65.64,225.35,519.19,1.83,278.92,138.63,67.68,320.89,225.41,66.19,293.15,15.65,500.54,278.24,414.72,0.0,62.91,382.26,250.1,449.78,29.13,293.87,1.16,101.5,245.14,353.87,135.79,10.04,129.35,876.22,185.95,14.17,824.16,387.56,66.77,7.02,142.02,278.22,137.82,157.12,190.82,244.33,305.17,111.45,42.42,40.23,196.8,147.08,166.76,376.68,10.54,129.6,126.06,110.91,78.0,436.43,84.32,230.13,206.27,517.45,138.87,140.2,139.14,43.88,2.73
2026-10-06 19:45,27.87,32.98,36.27,35.68,49.87,53.25,51.28,54.05,39.08,51.06,51.62,41.72,55.58,45.34,29.59,44.38,35.34,42.17,46.88,51.19,52.81,53.98,46.38,53.85,54.8,44.34,46.02,46.17,45.3,46.05,43.4,48.06,47.7,183.85,234.01,155.93,270.1,421.98,254.84,203.72,684.45,92.9,645.39,318.46,0.0,639.39,62.2,108.69,155.15,70.08,243.2,111.71,88.25,247.66,39.58,288.93,460.24,77.28,216.5,116.85,151.35,2.29,113.05,31.58,247.11,13.75,498.45,215.36,320.99,185.33,52.04,317.72,218.78,348.12,41.01,206.54,1.2,78.56,320.27,154.74,221.88,425.29,112.52,439.45,0.0,108.29,1056.68,385.95,192.09,12.56,57.79,133.34,284.01,183.08,157.85,253.95,229.68,0.0,56.08,33.44,92.43,70.49,304.52,30.94,21.73,107.72,238.16,159.09,53.65,166.68,59.26,100.63,214.39,330.25,212.91,139.49,136.35,43.89,2.74
2026-10-06 19:50,27.88,32.99,36.28,35.96,49.95,53.33,51.5,54.26,39.09,51.35,51.85,41.87,55.71,45.6,29.88,44.62,35.62,42.42,46.97,51.27,52.91,54.11,46.6,53.97,55.02,44.56,46.29,46.4,45.48,46.27,43.48,48.29,47.85,173.06,245.64,219.96,244.33,201.09,384.14,129.94,230.0,0.0,681.34,337.92,181.03,304.69,110.82,199.77,179.96,73.98,125.57,131.53,95.0,244.72,62.12,102.14,96.32,43.03,305.39,199.24,162.93,203.64,98.55,49.84,421.33,25.28,548.77,227.78,339.5,298.37,54.62,368.53,220.45,368.2,49.25,88.98,1.19,83.09,80.22,439.79,79.65,236.81,200.47,383.07,140.39,142.38,373.56,424.91,64.55,6.02,87.11,143.56,108.88,120.66,165.69,172.89,199.2,155.16,59.5,38.79,200.81,75.89,85.94,592.89,8.33,124.94,0.0,325.56,34.22,175.81,25.53,286.01,145.95,466.82,379.33,129.63,129.65,43.95,2.75
2026-10-06 19:55,27.87,32.99,36.29,35.76,49.87,53.25,51.34,54.1,39.08,51.16,51.73,41.79,55.61,45.41,29.66,44.43,35.42,42.24,46.88,51.21,52.83,54.02,46.43,53.89,54.85,44.42,46.12,46.28,45.39,46.15,43.44,48.17,47.77,150.09,152.58,118.67,276.47,291.79,805.43,285.54,329.1,82.24,500.22,284.36,113.07,442.12,78.64,210.19,219.19,54.31,201.62,137.78,37.22,234.63,37.61,67.67,0.0,91.47,164.77,278.13,63.84,184.11,173.2,26.91,588.16,26.59,223.81,264.18,393.75,0.0,33.93,448.86,143.74,427.03,88.96,194.61,1.09,96.37,78.16,439.26,213.04,503.35,142.27,673.26,204.2,124.46,247.5,173.29,92.36,13.17,182.64,144.41,118.43,161.45,102.92,247.2,277.48,96.91,50.07,47.24,172.53,76.34,82.11,0.0,9.06,152.18,210.82,155.4,75.19,216.97,55.84,285.66,208.69,710.83,160.21,134.97,135.33,43.9,2.76
2026-10-06 20:00,27.88,32.98,36.29,35.72,49.88,53.26,51.32,54.08,39.08,51.11,51.7,41.77,55.6,45.38,29.63,44.41,35.38,42.22,46.89,51.21,52.83,54.0,46.42,53.86,54.83,44.39,46.08,46.25,45.36,46.13,43.42,48.15,47.74,112.03,97.14,196.98,239.56,628.88,854.53,446.62,641.27,79.78,630.68,125.57,41.89,952.89,36.75,174.53,200.25,68.48,173.87,112.34,1.86,250.6,29.17,79.04,257.73,35.3,273.49,205.82,3.19,46.84,207.49,81.59,435.24,22.08,425.73,146.51,218.37,68.3,21.6,410.07,94.71,236.82,65.58,184.81,1.05,53.45,68.3,553.19,295.45,194.26,66.48,806.56,112.67,116.14,289.06,329.64,179.98,4.15,193.77,137.04,387.82,125.86,65.53,307.97,197.91,35.91,22.11,43.16,1.52,72.45,151.3,81.32,29.67,139.03,204.51,337.93,117.61,420.51,53.03,359.75,259.99,698.86,119.64,136.45,135.34,43.89,2.77
2026-10-06 20:05,27.86,32.99,36.28,35.5,49.69,53.01,51.1,53.86,39.07,50.85,51.51,41.64,55.41,45.16,29.41,44.22,35.16,42.0,46.7,51.09,52.63,53.76,46.23,53.64,54.61,44.19,45.86,46.06,45.21,45.95,43.35,47.97,47.61,136.77,230.42,280.39,229.71,439.3,529.77,421.62,289.7,98.03,756.14,498.11,73.15,665.63,22.78,98.4,203.45,82.1,27.54,63.76,54.8,265.84,37.01,120.97,244.4,79.89,389.29,168.54,93.98,176.8,131.58,111.76,356.41,12.45,626.75,88.37,131.71,247.57,51.24,416.62,215.39,142.85,81.88,227.95,1.4,32.24,275.85,974.53,201.21,439.65,41.2,511.48,134.16,126.89,442.4,485.29,81.31,2.25,120.13,32.14,5.68,262.85,155.43,237.86,333.42,62.7,87.71,43.85,130.81,16.99,259.51,587.46,0.43,141.25,251.31,159.25,111.02,141.48,65.4,633.76,200.81,570.09,136.74,144.97,146.61,43.84,2.77
2026-10-06 20:10,27.91,33.01,36.31,35.74,49.89,53.25,51.34,54.1,39.09,51.11,51.64,41.75,55.63,45.37,29.67,44.46,35.4,42.23,46.9,51.22,52.83,53.98,46.46,53.86,54.83,44.37,46.07,46.21,45.32,46.07,43.41,48.08,47.7,111.96,148.58,347.43,279.07,127.22,347.39,428.8,813.57,49.48,923.07,127.69,179.82,192.77,146.4,108.87,2.96,100.23,89.33,250.17,18.01,268.77,30.32,0.0,388.61,72.95,482.37,233.12,30.9,201.19,186.34,36.01,492.98,13.78,262.48,102.19,152.31,256.06,33.04,6.05,140.12,165.19,18.49,337.41,1.37,37.28,204.83,366.58,89.81,401.44,264.84,724.36,174.99,199.19,0.0,203.24,228.33,4.97,78.77,74.8,299.13,182.28,100.22,199.21,463.15,154.13,22.48,0.64,166.93,39.54,301.66,343.77,22.89,2.05,126.84,103.87,112.92,228.23,96.81,238.4,168.18,512.92,103.18,137.86,134.35,43.89,2.78
2026-10-06 20:15,27.87,33.01,36.31,35.61,49.79,53.14,51.21,53.98,39.08,51.0,51.55,41.68,55.52,45.26,29.51,44.31,35.27,42.11,46.8,51.16,52.74,53.93,46.33,53.78,54.72,44.28,45.95,46.11,45.24,45.98,43.36,47.99,47.63,125.6,199.72,404.01,266.63,311.35,228.6,538.91,0.0,117.19,545.0,61.7,206.32,471.76,163.65,20.27,49.02,59.18,0.0,181.66,49.1,247.66,53.39,281.42,576.74,86.72,560.93,156.0,84.21,211.39,120.1,124.93,329.89,2.56,178.22,135.67,202.21,206.95,44.41,100.39,185.17,219.3,33.98,77.74,1.19,49.49,465.19,682.55,161.0,477.23,296.04,466.86,231.36,125.64,1029.2,137.99,0.0,9.22,51.84,255.31,215.83,219.6,134.72,217.78,423.48,176.84,10.86,10.56,145.58,134.97,159.1,218.12,16.51,34.03,300.43,124.32,141.91,393.71,22.31,443.88,183.86,331.72,41.67,142.5,139.85,43.86,2.79
2026-10-06 20:20,27.9,33.02,36.32,35.73,49.83,53.18,51.3,54.06,39.08,51.13,51.71,41.79,55.57,45.38,29.64,44.43,35.39,42.21,46.83,51.18,52.77,53.94,46.42,53.81,54.82,44.4,46.09,46.26,45.38,46.14,43.44,48.15,47.76,89.94,310.98,349.24,236.52,352.52,389.23,419.91,711.3,107.46,546.33,199.36,49.68,534.14,133.26,129.85,199.17,59.32,225.07,250.5,23.72,228.75,50.13,72.89,308.48,82.75,484.88,158.61,40.68,140.73,72.14,59.62,335.41,16.43,471.15,197.0,293.63,140.47,69.16,407.87,278.56,318.45,23.77,210.94,1.09,71.87,187.49,637.07,143.15,455.37,241.08,280.43,72.43,59.64,266.57,364.81,199.63,7.22,88.26,158.16,159.82,123.06,209.77,58.62,359.62,42.58,35.1,42.93,233.2,83.61,0.0,674.08,12.23,138.28,275.48,193.48,110.57,265.18,60.52,414.3,49.49,459.86,174.07,135.39,138.0,43.89,2.8
2026-10-06 20:25,27.91,33.01,36.32,35.74,49.8,53.15,51.29,54.06,39.07,51.11,51.68,41.74,55.54,45.39,29.66,44.41,35.4,42.2,46.81,51.17,52.75,53.91,46.39,53.79,54.81,44.38,46.07,46.23,45.33,46.11,43.41,48.13,47.74,97.45,82.15,141.48,238.11,638.31,36.71,352.81,928.07,79.13,419.38,388.79,87.38,967.17,86.45,293.35,189.84,45.54,128.09,155.48,57.81,214.25,25.78,223.24,0.0,73.86,196.44,300.66,99.14,181.01,159.11,15.48,635.79,37.12,786.72,21.43,31.94,0.0,18.27,388.75,89.02,34.64,27.71,146.99,1.09,7.82,147.35,674.1,186.12,406.46,156.38,618.48,132.64,121.35,816.43,609.16,260.47,10.52,8.32,155.22,269.17,50.35,55.41,57.53,53.89,74.9,68.46,40.91,178.07,82.06,220.87,193.51,20.59,131.8,202.86,172.07,92.9,28.3,42.18,438.38,48.57,212.32,270.74,138.16,139.04,43.89,2.81
2026-10-06 20:30,27.94,33.05,36.35,35.62,49.8,53.15,51.23,53.99,39.09,51.04,51.6,41.71,55.51,45.28,29.53,44.33,35.28,42.13,46.81,51.15,52.74,53.89,46.34,53.75,54.74,44.3,45.98,46.16,45.29,46.03,43.39,48.04,47.67,97.7,204.62,385.21,228.27,29.23,392.44,147.09,876.83,72.68,431.18,373.08,117.11,44.29,125.3,207.71,31.21,46.82,126.18,225.82,116.37,207.64,54.49,92.53,495.45,77.63,534.83,0.0,199.57,116.02,170.62,44.43,0.0,26.28,683.78,365.32,544.52,111.15,45.5,63.91,185.5,590.54,42.63,353.55,1.25,133.27,265.27,281.93,88.48,427.2,226.67,663.26,118.5,83.41,338.41,529.45,246.08,11.07,88.99,49.45,126.31,152.42,138.02,95.13,478.02,100.38,65.69,6.73,171.5,26.14,62.25,474.84,9.66,21.67,186.32,184.82,38.73,369.91,101.44,183.34,80.31,412.23,182.44,140.65,140.33,43.86,2.81
2026-10-06 20:35,27.94,33.05,36.36,35.75,49.86,53.25,51.37,54.14,39.08,51.15,51.7,41.77,55.62,45.42,29.66,44.43,35.42,42.25,46.87,51.21,52.82,54.01,46.46,53.89,54.88,44.4,46.1,46.24,45.36,46.12,43.43,48.15,47.75,82.49,223.44,334.8,199.9,517.62,256.0,543.34,711.74,22.02,276.61,215.6,96.01,784.31,139.05,301.75,115.41,30.04,155.61,60.42,115.39,170.74,7.07,29.1,20.98,41.74,464.85,98.71,197.89,114.52,0.0,113.75,208.73,38.18,393.06,323.37,481.98,298.18,49.69,236.34,191.54,522.72,102.8,95.49,1.03,117.97,469.22,699.37,147.47,229.69,251.54,0.0,208.8,114.64,106.41,304.35,199.75,10.35,58.05,175.86,287.39,128.7,150.72,264.64,306.46,82.29,37.96,24.87,50.28,92.97,69.11,113.53,21.99,80.13,56.46,164.69,143.08,333.47,27.4,454.81,223.41,363.76,100.98,136.49,135.34,43.89,2.82
2026-10-06 20:40,27.92,33.04,36.34,35.57,49.8,53.16,51.18,53.95,39.08,50.95,51.55,41.68,55.5,45.23,29.47,44.27,35.23,42.07,46.81,51.14,52.73,53.9,46.28,53.75,54.69,44.26,45.93,46.11,45.24,45.98,43.37,48.0,47.64,85.77,103.28,82.59,230.15,549.94,0.0,336.1,707.44,173.76,528.04,215.07,108.68,833.27,79.31,98.1,99.82,57.34,335.89,163.03,113.38,189.46,55.42,199.95,439.65,59.09,114.67,57.57,194.45,22.65,162.08,62.71,121.75,12.41,409.49,187.02,278.75,132.99,22.97,204.4,102.42,302.31,44.57,267.02,1.26,68.22,367.66,890.53,243.01,325.18,143.47,630.05,126.31,89.29,731.25,317.07,198.55,10.9,0.0,212.34,150.17,118.66,69.67,288.28,387.03,93.15,37.87,21.51,170.18,112.25,202.54,322.51,11.49,69.3,445.44,360.4,88.5,342.03,76.61,579.13,243.37,270.43,171.56,142.72,141.66,43.84,2.83
2026-10-06 20:45,27.93,33.06,36.36,35.78,49.86,53.21,51.4,54.17,39.08,51.19,51.69,41.78,55.62,45.46,29.68,44.45,35.45,42.3,46.87,51.21,52.82,54.01,46.48,53.89,54.92,44.44,46.14,46.25,45.35,46.11,43.42,48.13,47.73,68.92,161.51,435.2,239.85,314.56,573.1,127.09,266.62,49.07,278.14,47.58,183.93,476.63,70.32,94.99,121.67,30.2,325.43,200.99,38.16,194.42,20.0,336.1,665.25,92.45,604.23,195.04,65.45,227.05,89.98,70.05,412.46,12.02,298.22,182.14,271.48,55.43,35.92,249.16,161.88,294.43,13.56,155.05,0.92,66.45,349.86,247.93,282.28,508.72,127.21,349.78,49.52,138.53,1229.19,230.91,74.83,5.9,129.95,179.38,125.19,115.77,108.94,410.41,147.92,157.64,8.38,26.22,203.05,94.83,156.61,451.1,9.58,84.47,125.79,361.19,33.47,429.12,44.49,161.23,346.48,623.09,177.71,135.64,134.76,43.89,2.84
2026-10-06 20:50,27.93,33.06,36.36,35.56,49.79,53.15,51.17,53.93,39.08,50.93,51.51,41.66,55.5,45.21,29.48,44.27,35.22,42.05,46.8,51.15,52.72,53.87,46.3,53.74,54.67,44.23,45.91,46.07,45.21,45.94,43.36,47.95,47.6,83.25,351.58,212.81,277.19,475.91,392.16,158.39,326.71,54.6,578.14,503.32,81.54,721.1,134.8,303.43,20.76,62.78,371.9,230.13,109.9,174.78,59.0,183.42,886.27,65.53,295.46,244.94,188.49,101.13,83.9,87.45,517.97,38.39,132.33,88.76,132.29,182.31,78.18,42.5,309.61,143.47,19.52,130.97,1.0,32.38,381.82,724.06,121.13,360.64,243.85,326.13,80.92,122.45,670.82,102.46,91.69,8.6,88.93,99.0,246.48,196.89,237.15,284.44,211.29,69.89,88.63,4.47,157.72,52.34,127.01,276.44,18.86,14.41,139.96,163.64,41.71,290.05,37.58,470.87,240.13,395.49,23.0,144.37,141.05,43.84,2.85
2026-10-06 20:55,28.0,33.1,36.39,35.77,49.8,53.13,51.33,54.09,39.08,51.17,51.73,41.78,55.55,45.43,29.68,44.4,35.43,42.24,46.8,51.17,52.75,53.92,46.41,53.8,54.86,44.43,46.13,46.28,45.37,46.15,43.43,48.18,47.77,69.11,115.4,80.14,273.86,1.46,267.87,50.08,271.87,0.0,890.08,219.26,149.23,2.21,112.12,126.48,236.09,96.65,93.73,282.47,59.48,148.34,25.77,0.0,553.97,50.95,111.27,142.25,102.01,284.42,125.31,71.17,300.82,16.0,447.58,197.98,295.09,166.73,25.66,483.47,113.11,320.03,110.73,0.0,1.09,72.22,198.99,747.11,140.54,280.4,202.83,487.11,189.84,120.11,0.0,346.56,76.3,0.84,60.74,279.19,247.96,87.38,77.84,379.19,216.95,127.91,38.61,50.88,162.58,147.59,173.17,741.14,18.97,163.91,0.0,158.8,13.19,459.76,0.0,485.86,320.12,439.18,384.14,135.67,138.77,43.88,2.85
2026-10-06 21:00,28.0,33.09,36.39,35.63,49.8,53.12,51.23,54.0,39.08,51.03,51.61,41.71,55.53,45.28,29.53,44.32,35.29,42.12,46.81,51.16,52.73,53.86,46.34,53.76,54.75,44.31,45.99,46.16,45.3,46.04,43.39,48.05,47.68,67.72,292.83,354.43,287.03,373.08,196.98,535.74,678.28,111.27,963.31,0.0,175.67,565.3,0.0,144.14,235.31,104.6,212.92,204.64,67.64,164.5,58.59,159.53,884.09,90.35,492.1,105.56,116.01,156.65,212.26,53.13,223.23,18.24,230.19,63.43,94.54,213.0,65.12,481.88,260.81,102.54,100.4,319.66,0.97,23.14,402.48,0.0,58.9,497.21,0.0,825.12,81.27,2.97,583.44,178.23,190.36,0.24,44.67,148.71,294.96,159.94,197.52,118.11,388.05,150.57,0.0,50.71,145.22,78.62,164.44,339.15,22.57,163.37,285.26,0.0,141.08,398.42,91.72,0.0,99.71,305.22,263.57,139.72,139.2,43.85,2.86
2026-10-06 21:05,28.0,33.11,36.41,35.67,49.86,53.23,51.28,54.04,39.09,51.09,51.61,41.73,55.58,45.34,29.56,44.38,35.33,42.17,46.88,51.2,52.81,53.97,46.38,53.82,54.78,44.35,46.03,46.17,45.29,46.04,43.39,48.05,47.68,70.56,164.84,112.33,259.68,203.12,449.21,396.91,575.02,193.05,848.26,172.42,99.12,307.76,88.95,14.28,77.94,92.11,346.19,140.91,79.66,145.95,16.68,288.2,544.94,76.56,155.96,65.55,136.62,127.85,154.99,71.6,138.62,1.81,191.01,0.33,0.49,262.95,36.66,159.62,148.1,0.53,91.6,275.5,1.02,0.12,174.12,652.12,79.76,421.33,160.91,602.48,191.7,43.37,1054.0,147.9,161.38,11.28,101.86,103.21,245.38,75.44,111.19,131.2,377.08,84.95,30.36,16.8,78.76,54.56,61.77,220.13,18.77,54.11,494.88,293.82,104.52,452.59,79.05,424.09,110.76,624.87,208.67,139.0,136.69,43.86,2.87
2026-10-06 21:10,27.97,33.09,36.4,35.82,49.94,53.33,51.41,54.18,39.07,51.14,51.7,41.77,55.68,45.45,29.73,44.51,35.47,42.3,46.95,51.25,52.89,54.07,46.5,53.95,54.93,44.43,46.13,46.26,45.36,46.12,43.43,48.14,47.75,58.13,291.9,139.28,286.02,507.66,576.47,147.44,635.5,124.24,286.26,186.52,107.72,769.2,43.82,287.28,80.52,31.08,271.04,221.89,58.48,193.69,62.34,241.13,528.78,93.66,193.38,153.76,100.29,193.61,117.32,103.44,325.16,36.35,316.9,216.92,323.33,142.75,64.91,164.9,255.12,350.65,72.12,214.08,1.07,79.13,28.39,935.24,108.52,515.38,79.28,456.06,35.75,159.03,881.85,245.37,178.36,0.0,130.72,208.76,115.67,120.04,196.9,157.6,377.74,92.33,32.84,17.35,100.8,110.36,125.28,377.25,8.85,55.9,318.49,168.75,38.82,167.34,61.42,608.21,133.05,646.71,335.88,135.72,131.81,43.89,2.88
2026-10-06 21:15,28.0,33.12,36.41,35.59,49.82,53.18,51.2,53.97,39.08,51.01,51.6,41.71,55.52,45.25,29.49,44.29,35.25,42.09,46.83,51.16,52.75,53.87,46.3,53.74,54.71,44.3,45.97,46.16,45.28,46.03,43.38,48.05,47.67,71.57,38.73,291.66,260.26,181.53,423.82,543.62,211.69,49.37,458.19,99.97,127.62,275.05,32.14,187.78,179.56,49.75,141.96,140.97,22.52,163.76,52.99,174.17,742.03,64.96,404.94,174.35,38.62,124.52,143.47,73.03,368.7,23.76,89.26,162.2,241.77,51.28,8.61,367.71,42.92,262.2,11.73,253.79,0.82,59.17,345.68,712.82,240.61,357.47,58.13,557.7,292.42,86.49,636.98,69.11,59.41,8.03,96.1,103.34,246.23,165.85,26.13,354.54,450.17,109.39,17.6,38.7,109.57,54.63,117.95,578.76,18.84,124.66,126.56,26.39,143.15,321.62,72.82,463.56,299.31,310.42,314.16,140.51,139.42,43.84,2.89
2026-10-06 21:20,28.04,33.14,36.43,35.98,50.03,53.43,51.56,54.32,39.08,51.37,51.86,41.85,55.77,45.63,29.89,44.64,35.64,42.46,47.05,51.31,52.98,54.21,46.65,54.06,55.09,44.58,46.32,46.41,45.45,46.26,43.47,48.27,47.84,63.56,131.28,345.33,250.85,315.86,317.66,368.75,587.08,82.72,869.15,278.11,189.63,478.59,7.64,229.69,237.88,94.37,240.18,182.03,61.68,187.08,30.14,0.0,288.7,62.95,479.46,62.97,105.79,139.83,156.37,100.71,133.16,29.06,115.74,262.16,390.75,177.5,29.19,487.13,121.9,423.77,47.4,268.9,0.82,95.64,122.28,689.11,0.0,346.42,13.83,607.84,157.06,0.0,0.0,89.61,164.77,2.28,72.03,197.71,140.21,134.2,88.56,271.05,265.01,162.53,48.97,51.27,210.04,104.52,85.79,427.67,10.73,165.15,212.07,216.67,97.1,105.1,77.15,448.15,228.83,503.58,134.08,129.93,126.14,43.92,2.9
2026-10-06 21:25,27.98,33.1,36.4,35.58,49.72,53.05,51.16,53.92,39.08,50.95,51.53,41.68,55.45,45.21,29.49,44.26,35.23,42.05,46.73,51.12,52.66,53.81,46.27,53.69,54.67,44.25,45.91,46.09,45.24,45.97,43.37,47.98,47.63,74.03,80.26,310.06,257.07,254.96,548.02,435.1,727.27,25.61,881.71,66.55,105.01,386.32,77.07,236.63,180.84,95.74,218.4,150.51,85.2,161.56,38.64,184.04,859.41,19.78,430.49,299.43,146.12,260.95,130.35,88.63,633.21,29.94,353.26,137.9,205.54,98.34,17.85,370.32,88.15,222.92,28.02,216.99,0.92,50.31,333.22,713.39,16.98,108.87,139.43,506.72,132.9,133.58,673.08,273.53,204.11,8.4,124.27,204.72,241.34,191.84,54.14,339.57,600.02,90.01,11.72,38.97,103.38,108.22,52.77,423.78,18.46,125.55,65.66,203.82,114.57,87.59,62.26,463.94,286.67,588.44,207.67,142.79,143.82,43.83,2.9
2026-10-06 21:30,28.07,33.17,36.46,35.85,49.91,53.26,51.43,54.19,39.08,51.21,51.74,41.81,55.66,45.5,29.76,44.51,35.51,42.33,46.92,51.24,52.86,54.05,46.51,53.92,54.94,44.47,46.17,46.3,45.4,46.16,43.45,48.17,47.77,61.91,126.57,99.5,265.18,149.78,274.21,138.04,683.32,52.7,1059.77,124.67,164.65,226.95,67.35,180.22,78.03,115.07,292.85,179.47,6.6,173.68,14.7,149.67,565.01,54.15,138.15,73.64,11.32,212.65,96.02,35.38,155.72,22.8,464.8,27.58,41.1,122.94,28.15,159.78,121.53,44.58,55.95,202.32,1.17,10.06,311.41,558.28,147.36,298.0,121.83,373.27,119.56,131.16,547.39,359.89,191.78,14.7,62.18,202.89,187.71,152.91,85.37,244.52,287.34,141.12,21.95,16.82,73.21,107.26,107.44,356.96,14.36,54.17,135.09,351.32,36.35,389.45,58.05,363.06,206.43,373.04,155.7,133.46,132.97,43.89,2.91
2026-10-06 21:35,28.02,33.15,36.45,35.78,49.89,53.27,51.39,54.14,39.09,51.16,51.66,41.74,55.63,45.41,29.68,44.48,35.43,42.28,46.9,51.23,52.84,53.99,46.49,53.87,54.89,44.4,46.09,46.22,45.31,46.08,43.41,48.09,47.71,40.52,120.67,233.35,250.27,257.15,707.38,387.9,361.29,128.67,537.08,187.09,60.98,389.64,70.79,82.47,154.12,58.32,54.94,152.37,30.94,163.39,33.37,329.02,872.59,85.66,323.99,33.04,53.07,69.2,113.15,0.0,69.87,10.44,260.04,105.84,157.75,106.54,26.83,315.6,109.0,171.09,106.9,199.81,0.97,38.61,342.68,859.24,53.13,471.36,128.06,439.85,126.74,105.94,1203.29,201.35,101.4,10.05,160.4,76.82,236.1,176.96,81.4,242.5,589.05,52.27,32.94,33.21,13.62,40.61,127.57,671.97,18.06,107.0,329.85,167.53,102.14,187.13,57.33,558.78,204.73,740.69,161.27,137.46,134.31,43.87,2.92
2026-10-06 21:40,28.03,33.15,36.45,35.82,49.94,53.32,51.42,54.19,39.08,51.22,51.72,41.78,55.68,45.49,29.73,44.52,35.48,42.33,46.95,51.25,52.89,54.09,46.52,53.95,54.94,44.46,46.16,46.28,45.36,46.14,43.43,48.16,47.75,57.81,126.74,229.71,239.56,88.67,607.12,636.29,873.53,37.68,599.58,128.31,122.44,134.35,23.44,209.05,177.77,65.1,0.0,183.26,98.05,139.53,37.49,298.21,632.21,118.76,318.93,169.52,168.15,145.0,135.21,81.65,358.48,26.45,206.35,188.52,280.99,99.91,28.19,364.05,119.97,304.75,78.99,150.45,1.15,68.77,247.82,372.24,225.75,653.53,42.39,525.61,177.02,169.72,1090.63,159.78,245.16,6.66,137.67,125.18,0.0,167.67,85.49,241.92,236.93,104.94,22.59,38.31,258.28,66.18,170.58,568.95,0.0,123.42,96.59,66.74,167.55,263.36,43.17,242.08,204.23,535.62,169.08,135.05,131.11,43.88,2.93
2026-10-06 21:45,28.05,33.16,36.45,35.88,49.95,53.34,51.45,54.22,39.09,51.31,51.83,41.87,55.69,45.54,29.79,44.53,35.55,42.36,46.96,51.26,52.9,54.11,46.54,53.97,54.98,44.52,46.24,46.37,45.47,46.25,43.48,48.27,47.85,45.82,191.95,247.89,259.1,215.35,283.72,464.81,781.81,76.2,17.57,223.47,90.55,326.31,95.01,168.73,177.46,1.91,131.42,154.22,5.47,158.8,62.6,210.05,791.59,90.17,344.17,254.08,9.38,99.57,181.65,10.87,537.3,21.35,614.26,157.16,234.24,109.81,42.68,363.42,180.57,254.04,49.91,294.84,1.17,57.33,141.73,431.1,84.49,496.22,171.88,706.12,27.52,89.58,768.19,475.62,219.42,2.04,64.34,171.31,134.69,121.45,129.48,332.69,412.24,77.61,39.35,38.25,234.4,90.56,91.31,297.03,10.3,123.21,195.35,152.67,122.4,226.82,84.6,280.35,280.86,469.14,124.28,129.94,130.85,43.89,2.94
2026-10-06 21:50,28.08,33.19,36.48,36.04,50.03,53.42,51.62,54.4,39.09,51.45,51.9,41.91,55.81,45.71,29.95,44.69,35.71,42.53,47.03,51.33,52.99,54.24,46.7,54.11,55.16,44.64,46.37,46.45,45.52,46.31,43.5,48.33,47.88,46.83,151.25,237.51,244.04,94.51,421.05,250.74,474.36,126.9,577.47,275.22,103.67,143.2,48.97,191.03,222.33,62.7,156.66,286.79,9.05,178.82,24.99,221.7,532.66,71.17,329.76,152.9,15.52,182.91,104.37,100.29,323.33,24.17,455.25,277.33,413.36,224.29,33.64,455.3,139.17,448.29,63.14,314.78,1.08,101.17,118.7,280.25,103.2,391.67,88.59,405.72,32.42,190.04,810.81,352.49,133.13,3.22,95.48,83.62,320.76,72.81,102.03,274.2,104.04,88.86,48.46,47.92,104.6,44.21,73.17,420.77,24.54,154.36,325.3,71.95,66.03,270.95,90.32,182.25,231.48,406.69,210.22,126.84,124.71,43.92,2.94
2026-10-06 21:55,28.07,33.19,36.48,35.93,49.97,53.35,51.49,54.25,39.08,51.3,51.82,41.86,55.73,45.57,29.84,44.6,35.59,42.4,46.98,51.28,52.93,54.11,46.6,53.98,55.01,44.53,46.25,46.37,45.46,46.23,43.47,48.25,47.82,47.34,148.66,458.11,204.82,162.02,760.21,36.16,292.39,93.18,445.12,290.89,161.84,245.5,64.45,79.88,110.48,48.33,273.28,179.07,60.34,134.02,33.57,110.19,620.01,34.19,636.05,197.45,103.48,135.06,204.47,30.24,417.54,10.11,472.5,248.74,370.75,113.09,33.06,226.25,153.15,402.08,16.08,91.28,1.22,90.74,268.65,329.91,155.21,188.15,116.58,794.83,160.97,112.55,402.99,365.86,82.06,4.2,172.38,9.31,182.74,110.04,100.28,304.22,165.8,138.71,51.22,23.81,247.67,4.92,182.34,562.36,13.98,76.7,238.88,238.98,9.52,85.75,26.19,214.55,256.83,686.31,149.72,130.41,128.26,43.9,2.95
2026-10-06 22:00,28.11,33.21,36.5,35.9,49.93,53.28,51.47,54.23,39.08,51.28,51.81,41.84,55.69,45.54,29.82,44.57,35.56,42.37,46.95,51.26,52.89,54.07,46.56,53.96,54.99,44.51,46.23,46.35,45.43,46.22,43.46,48.24,47.82,44.18,105.47,275.46,234.2,292.46,689.84,464.59,597.06,115.82,429.85,319.78,143.48,443.14,42.6,11.2,93.61,46.67,212.38,142.85,53.66,181.57,37.79,103.31,419.36,29.29,382.45,75.65,92.03,292.54,53.86,120.74,159.97,1.42,461.1,209.97,312.96,197.99,23.45,191.69,101.86,339.41,54.24,140.54,1.19,76.6,29.11,502.17,44.3,161.16,77.06,209.36,162.27,99.63,377.82,357.03,167.57,8.31,156.43,128.8,113.94,161.39,71.14,86.77,328.66,122.98,56.31,20.17,137.55,68.09,176.94,381.3,8.72,64.99,296.9,181.82,122.34,250.11,40.32,326.57,73.26,638.51,307.92,131.55,130.96,43.89,2.96
2026-10-06 22:05,28.09,33.2,36.5,35.82,49.93,53.31,51.42,54.19,39.09,51.24,51.73,41.79,55.67,45.46,29.72,44.49,35.47,42.31,46.94,51.25,52.88,54.09,46.51,53.96,54.93,44.45,46.16,46.29,45.38,46.14,43.44,48.16,47.76,44.12,271.32,253.71,282.55,248.99,580.0,241.47,519.66,94.36,462.89,290.42,68.54,377.27,104.47,275.53,58.94,50.26,190.61,101.39,58.37,151.83,38.37,190.32,0.0,88.73,352.25,152.88,100.11,199.5,81.0,50.62,323.3,34.86,234.09,218.74,326.03,217.55,60.34,120.69,247.05,353.59,77.47,149.0,1.09,79.8,116.81,527.31,16.01,488.28,188.99,314.88,220.22,0.0,696.05,181.25,145.84,7.16,131.52,0.0,298.44,97.92,183.02,388.92,617.21,58.74,51.14,12.7,71.08,0.0,264.54,220.4,22.83,40.92,241.9,165.19,63.59,285.1,42.75,342.92,328.33,700.21,206.45,134.25,131.55,43.87,2.97
2026-10-06 22:10,28.17,33.26,36.55,36.15,50.08,53.48,51.71,54.47,39.08,51.48,51.93,41.94,55.88,45.77,30.08,44.8,35.8,42.62,47.09,51.37,53.06,54.3,46.8,54.18,55.23,44.68,46.42,46.49,45.54,46.34,43.51,48.36,47.9,46.07,137.11,57.56,263.15,275.87,469.91,488.1,481.48,63.85,520.9,89.95,141.07,418.01,60.09,39.33,63.62,56.56,0.0,128.46,66.63,166.52,33.92,136.53,439.94,0.0,79.91,111.93,114.28,162.86,142.65,75.43,236.7,4.98,360.93,141.54,210.96,134.34,30.49,130.29,115.15,228.79,59.95,273.24,1.0,51.63,205.44,87.44,142.12,0.0,108.7,554.5,124.01,223.13,499.31,279.47,135.13,6.98,106.56,4.9,85.19,146.29,92.49,138.33,129.75,120.91,15.84,13.71,112.01,2.59,160.9,267.33,6.52,44.17,163.68,124.14,128.53,130.23,78.4,56.87,116.78,447.73,58.38,124.29,120.55,43.94,2.98
2026-10-06 22:15,28.12,33.22,36.52,35.73,49.9,53.27,51.35,54.11,39.07,51.09,51.64,41.75,55.63,45.38,29.64,44.43,35.39,42.25,46.91,51.22,52.84,54.03,46.44,53.88,54.85,44.37,46.06,46.2,45.32,46.07,43.4,48.08,47.69,49.8,144.28,278.14,244.91,319.75,565.2,347.56,530.94,142.51,228.2,276.28,150.48,484.49,10.91,96.51,193.02,24.78,135.71,174.97,25.11,173.68,40.29,178.63,652.87,44.3,386.17,131.91,43.07,87.81,139.04,97.15,278.95,12.21,539.68,94.83,141.34,163.94,32.09,395.27,130.67,153.29,68.93,92.65,1.18,34.59,193.16,173.98,161.2,243.8,19.74,540.49,204.02,119.24,653.27,417.87,149.01,8.0,128.16,0.0,211.89,168.75,97.32,293.49,474.62,128.97,48.65,41.6,135.58,0.0,150.38,673.57,16.21,134.01,365.33,249.42,91.52,312.88,26.58,113.14,247.77,508.48,266.41,138.3,133.59,43.84,2.99
2026-10-06 22:20,28.16,33.27,36.55,36.1,50.04,53.43,51.66,54.42,39.09,51.5,51.98,41.95,55.82,45.73,30.01,44.75,35.76,42.57,47.05,51.34,53.01,54.22,46.75,54.12,55.18,44.68,46.42,46.52,45.57,46.39,43.53,48.41,47.95,43.93,116.93,352.85,210.75,19.51,546.14,573.49,479.44,112.62,401.15,251.6,170.35,29.56,70.43,0.0,198.57,43.56,107.92,212.77,24.52,150.91,34.47,112.62,298.61,56.57,489.91,165.65,42.05,152.54,32.68,31.73,350.3,0.0,167.08,185.09,275.88,164.58,26.0,406.63,111.98,299.2,56.06,271.57,1.25,67.52,108.8,457.67,194.07,311.29,127.42,127.05,44.97,142.2,411.87,129.37,134.56,2.43,123.84,152.4,205.76,103.78,78.87,82.23,361.04,146.01,44.3,42.8,83.8,80.57,126.14,0.0,15.74,137.86,288.7,127.2,151.01,151.63,77.92,297.64,69.42,585.87,89.58,122.81,123.75,43.92,3.0
2026-10-06 22:25,28.19,33.29,36.57,36.06,50.05,53.46,51.64,54.41,39.08,51.41,51.93,41.93,55.82,45.69,29.98,44.71,35.72,42.55,47.07,51.34,53.02,54.23,46.71,54.1,55.16,44.63,46.37,46.47,45.54,46.34,43.52,48.36,47.91,36.1,0.0,27.34,261.85,133.2,134.96,309.27,411.62,85.55,66.64,301.16,59.45,201.82,113.54,94.1,70.1,7.24,226.81,171.14,73.44,161.93,47.33,224.07,663.11,0.0,37.96,2.54,125.96,61.79,105.91,76.89,5.38,11.91,549.17,210.9,314.35,82.46,0.0,143.55,12.18,340.91,52.19,2.51,1.19,76.94,158.51,505.0,19.82,0.0,205.4,411.68,88.25,166.52,819.48,425.22,115.52,8.08,30.6,85.7,152.37,128.77,0.0,277.48,562.63,50.96,53.03,15.11,154.16,45.31,158.29,510.16,11.66,48.67,219.31,236.33,81.44,299.83,0.72,328.41,234.25,326.79,189.4,125.49,122.75,43.91,3.01
2026-10-06 22:30,28.18,33.27,36.56,35.78,49.91,53.28,51.38,54.15,39.07,51.14,51.72,41.79,55.64,45.44,29.69,44.46,35.44,42.28,46.92,51.23,52.85,54.05,46.48,53.92,54.9,44.43,46.12,46.27,45.37,46.14,43.44,48.16,47.76,45.38,180.63,76.88,252.3,357.14,482.55,140.79,589.04,75.61,1026.01,357.45,61.51,541.14,0.0,46.78,195.14,111.41,298.51,144.51,63.31,172.76,33.74,16.9,286.15,74.31,106.73,64.14,108.58,161.86,78.7,88.94,135.63,5.92,502.55,151.51,225.82,30.25,40.17,399.62,162.15,244.91,97.44,170.26,1.18,55.27,116.9,442.13,169.3,408.92,0.0,305.92,0.0,115.3,61.8,389.12,165.31,6.76,109.42,131.38,187.23,125.83,121.84,343.83,394.22,52.72,62.94,42.06,134.63,69.46,189.55,196.89,14.32,135.48,193.83,209.33,37.07,372.74,48.85,287.53,290.27,543.19,211.1,135.01,133.09,43.85,3.02
2026-10-06 22:35,28.18,33.27,36.57,35.98,50.0,53.38,51.56,54.32,39.08,51.35,51.82,41.87,55.77,45.63,29.89,44.64,35.64,42.47,47.01,51.31,52.97,54.15,46.65,54.03,55.08,44.57,46.29,46.38,45.47,46.24,43.48,48.26,47.83,34.9,212.65,91.12,308.6,364.17,349.36,281.84,499.61,100.57,345.95,152.35,52.42,551.79,12.71,110.48,135.11,37.56,116.27,187.71,74.56,172.21,7.83,283.3,543.95,61.08,126.51,200.65,127.87,183.06,151.92,101.28,424.32,13.98,344.57,51.82,77.23,136.36,47.29,276.67,201.86,83.76,88.05,59.33,1.66,18.9,260.73,69.68,144.71,336.1,22.99,590.55,78.25,213.74,1036.08,266.8,140.22,10.39,79.22,164.0,290.79,128.37,143.44,285.74,253.92,44.93,26.83,29.12,97.81,86.7,67.56,355.49,22.25,93.8,257.81,165.55,74.22,339.31,17.02,45.32,241.23,294.3,157.51,129.32,125.86,43.89,3.03
2026-10-06 22:40,28.17,33.27,36.57,36.1,50.08,53.49,51.68,54.44,39.09,51.5,51.92,41.93,55.86,45.74,30.0,44.76,35.75,42.58,47.1,51.36,53.05,54.27,46.76,54.13,55.19,44.67,46.41,46.47,45.54,46.33,43.51,48.35,47.91,37.43,230.76,181.59,225.23,541.45,110.45,203.66,537.1,115.07,299.49,304.3,139.51,820.41,46.96,202.58,87.83,32.52,197.74,212.49,90.8,140.63,24.06,238.77,26.72,87.68,252.13,131.85,155.72,231.72,39.33,41.06,278.82,25.63,271.81,133.52,199.02,181.46,51.32,179.86,215.97,215.84,88.48,155.99,1.46,48.71,165.71,542.9,135.51,482.5,84.95,152.9,187.2,102.42,873.24,210.46,150.74,3.33,25.04,74.68,124.91,105.05,155.66,252.87,245.57,119.57,53.58,18.93,19.32,39.48,121.27,790.22,9.56,60.98,294.99,230.92,53.63,309.4,44.76,353.06,213.48,173.46,105.72,124.69,121.35,43.92,3.03
2026-10-06 22:45,28.2,33.32,36.6,36.04,50.0,53.38,51.59,54.35,39.08,51.39,51.95,41.94,55.77,45.66,29.96,44.69,35.69,42.51,47.01,51.31,52.96,54.15,46.69,54.04,55.11,44.63,46.36,46.49,45.55,46.35,43.52,48.38,47.91,40.65,93.97,42.86,268.22,67.17,661.32,389.98,103.78,120.12,738.58,266.74,40.63,101.77,91.82,111.83,101.23,80.2,199.03,80.38,24.01,179.55,32.63,46.02,179.2,2.74,59.5,167.19,41.17,205.57,71.57,82.83,353.56,14.15,226.38,222.38,331.45,0.0,20.9,207.29,101.81,359.46,31.81,276.94,1.24,81.12,318.98,631.61,76.6,15.07,166.11,278.23,139.72,94.77,168.31,175.29,29.13,3.29,149.96,79.49,122.55,150.51,63.39,140.74,387.25,34.83,46.97,21.82,184.86,42.02,95.47,575.48,9.38,70.28,307.93,129.06,102.69,165.64,79.46,410.75,118.81,770.63,246.06,124.55,127.08,43.9,3.04
2026-10-06 22:50,28.22,33.33,36.62,36.16,50.1,53.52,51.75,54.52,39.09,51.54,51.96,41.94,55.89,45.81,30.08,44.81,35.82,42.66,47.11,51.38,53.07,54.31,46.82,54.19,55.27,44.71,46.46,46.51,45.55,46.36,43.52,48.38,47.92,30.04,124.31,180.6,206.84,186.45,323.6,166.23,141.01,43.65,288.46,171.98,115.89,282.5,55.59,136.72,244.42,31.32,240.22,25.62,68.11,140.45,44.08,270.44,367.8,47.83,250.74,145.0,116.81,1.13,7.64,77.06,306.63,17.3,505.83,180.62,269.21,118.0,27.64,500.53,120.1,291.97,8.66,64.85,1.27,65.89,357.27,327.29,154.89,263.23,100.56,29.69,96.97,190.66,989.05,391.66,39.58,2.02,73.38,176.85,160.52,94.28,83.85,251.46,212.23,99.33,30.28,52.68,149.28,93.49,126.32,566.77,12.28,169.69,111.89,190.48,43.77,245.87,18.61,212.84,212.29,461.93,34.46,123.81,119.41,43.93,3.05
2026-10-06 22:55,28.26,33.35,36.64,36.04,50.02,53.41,51.61,54.37,39.08,51.41,51.94,41.94,55.79,45.68,29.97,44.7,35.7,42.52,47.03,51.32,52.98,54.19,46.69,54.07,55.13,44.64,46.37,46.48,45.54,46.35,43.52,48.37,47.92,42.16,181.48,139.32,233.77,331.88,0.0,469.68,277.34,22.41,176.17,54.75,56.64,502.87,19.06,94.21,198.77,19.13,236.19,117.54,18.09,142.47,36.07,55.69,679.12,19.25,193.43,107.46,31.03,156.38,14.76,66.21,227.23,11.92,305.79,103.9,154.86,204.5,40.36,407.05,169.15,167.95,61.01,195.93,1.33,37.9,365.51,558.07,71.22,105.92,34.47,57.38,188.31,131.43,203.67,236.77,77.84,9.5,0.0,44.74,130.99,140.85,122.42,65.01,346.6,48.55,9.64,42.84,142.27,23.65,93.31,105.9,10.02,138.0,57.46,191.93,123.68,325.53,56.22,362.93,54.89,137.06,297.88,124.52,125.4,43.9,3.06
2026-10-06 23:00,28.27,33.37,36.66,36.36,50.18,53.6,51.9,54.65,39.08,51.7,52.15,42.05,55.99,45.97,30.3,44.97,36.02,42.81,47.2,51.44,53.16,54.4,46.96,54.3,55.42,44.87,46.64,46.68,45.68,46.53,43.58,48.56,48.05,30.36,158.73,0.0,256.06,305.54,296.88,152.79,413.44,0.0,932.62,63.87,87.0,462.95,82.24,40.69,106.13,101.27,131.11,101.52,0.0,157.89,56.31,202.53,0.0,35.54,0.0,55.23,0.0,218.93,79.81,80.23,116.8,5.15,28.03,87.28,130.09,88.5,35.3,217.33,147.4,141.09,88.75,201.32,1.38,31.84,213.5,652.2,143.31,195.57,148.78,310.24,72.3,108.87,740.71,21.71,116.03,4.54,67.32,67.11,293.08,151.45,107.07,198.12,184.92,74.57,11.25,22.87,9.6,35.48,104.35,117.41,22.42,73.68,0.0,97.68,40.23,13.69,57.76,424.14,167.25,508.34,189.95,114.83,113.6,43.97,3.07
2026-10-06 23:05,28.23,33.34,36.63,36.06,50.05,53.44,51.66,54.43,39.08,51.39,51.94,41.94,55.85,45.69,29.97,44.75,35.71,42.57,47.06,51.35,53.02,54.24,46.76,54.14,55.17,44.64,46.37,46.48,45.54,46.34,43.52,48.37,47.91,37.87,130.48,234.81,252.58,427.47,299.69,191.67,256.51,126.45,887.73,67.52,64.39,647.7,98.6,55.64,182.49,96.39,191.13,66.29,21.01,116.4,33.41,151.96,728.46,49.2,326.01,162.18,36.03,304.63,110.05,76.36,342.96,7.04,222.02,210.05,313.07,72.95,29.02,373.7,125.22,339.53,41.9,198.09,1.44,76.63,279.24,519.6,139.88,270.76,178.37,427.81,117.18,92.19,555.74,171.91,71.99,8.95,67.96,6.93,69.84,132.3,88.02,115.43,570.62,55.19,11.89,39.33,56.18,3.67,130.64,104.19,5.34,126.7,324.15,79.63,50.47,279.37,56.84,337.91,97.45,460.47,105.74,124.44,122.71,43.9,3.08
2026-10-06 23:10,28.26,33.35,36.64,36.21,50.13,53.54,51.78,54.54,39.09,51.58,52.04,41.99,55.92,45.84,30.14,44.85,35.87,42.69,47.15,51.4,53.11,54.35,46.85,54.22,55.3,44.76,46.51,46.58,45.61,46.44,43.55,48.47,47.99,30.36,108.13,91.12,294.71,420.34,0.0,178.1,285.75,62.44,807.46,312.79,116.26,636.89,18.75,52.14,174.52,87.68,23.45,249.32,48.67,167.43,31.97,130.65,296.07,47.02,126.51,146.02,83.47,193.99,177.42,89.34,308.78,6.6,232.4,158.34,236.0,218.02,24.05,357.39,94.48,255.95,23.62,179.26,1.37,57.76,299.04,343.65,109.49,258.76,33.92,689.67,97.3,185.93,477.82,179.95,80.2,2.22,0.0,156.24,137.63,136.03,72.94,181.15,428.69,99.65,55.08,37.61,159.03,82.6,214.73,538.05,10.53,121.16,160.07,106.45,46.9,221.07,51.43,223.49,152.93,88.19,100.0,120.37,117.32,43.93,3.09
2026-10-06 23:15,28.28,33.37,36.67,36.16,50.12,53.53,51.73,54.48,39.07,51.48,51.96,41.93,55.9,45.78,30.09,44.82,35.82,42.64,47.13,51.39,53.09,54.32,46.81,54.19,55.24,44.7,46.44,46.51,45.54,46.36,43.51,48.38,47.91,36.92,65.4,293.92,235.36,158.73,495.99,319.74,788.53,40.96,241.53,0.0,132.76,240.5,51.82,111.31,62.04,26.23,165.54,140.27,52.44,257.39,12.44,135.98,215.14,51.6,408.09,103.7,89.94,108.65,136.19,73.78,219.3,14.08,237.99,141.16,210.4,87.9,14.54,127.04,64.01,228.19,42.16,280.52,1.39,51.5,138.0,398.16,51.85,283.95,93.75,529.41,173.48,54.2,497.31,184.27,221.3,5.97,112.47,82.34,145.57,251.06,44.11,132.33,215.0,113.79,0.0,13.37,90.26,43.53,167.4,569.65,11.14,43.07,105.01,119.36,84.2,57.73,80.49,258.93,111.71,460.0,158.89,123.96,118.58,43.92,3.1
2026-10-06 23:20,28.3,33.4,36.69,36.05,50.02,53.4,51.6,54.35,39.08,51.43,51.98,41.96,55.78,45.69,29.96,44.7,35.71,42.52,47.03,51.32,52.98,54.15,46.69,54.04,55.12,44.66,46.39,46.52,45.57,46.39,43.54,48.42,47.95,33.51,35.11,245.22,287.9,327.42,423.78,167.05,256.21,123.82,523.76,197.64,12.03,496.11,77.89,0.0,161.46,56.87,80.56,172.5,58.2,339.82,13.89,21.22,240.19,56.69,340.47,78.81,99.82,174.57,22.03,76.8,166.67,0.0,237.89,142.5,212.4,46.54,7.81,330.65,54.25,230.35,75.72,141.69,1.42,51.98,170.65,671.11,123.85,311.95,140.9,85.63,57.3,56.26,77.61,184.2,71.91,3.75,96.09,114.1,140.95,90.24,23.68,81.51,254.89,10.31,34.8,34.8,145.83,60.32,206.25,625.83,10.78,112.1,317.42,205.7,43.99,294.24,40.65,436.44,68.81,396.43,71.03,122.77,125.96,43.89,3.11
2026-10-06 23:25,28.32,33.41,36.69,36.27,50.14,53.56,51.82,54.58,39.08,51.59,52.09,42.03,55.94,45.9,30.2,44.91,35.93,42.74,47.15,51.41,53.12,54.35,46.9,54.24,55.35,44.8,46.56,46.63,45.65,46.48,43.57,48.5,48.01,32.06,110.3,252.19,244.77,182.99,338.92,271.84,411.06,66.0,438.02,307.11,73.1,277.26,41.57,142.55,125.54,47.56,209.13,116.17,26.64,408.67,27.62,37.64,686.45,22.75,350.14,135.92,45.69,85.43,118.78,116.15,287.42,18.04,176.43,143.79,214.32,112.92,24.53,257.09,115.03,232.43,45.15,150.15,1.41,52.45,230.28,133.25,153.27,125.22,75.2,461.74,95.94,0.0,137.67,136.61,115.36,4.12,76.85,94.93,189.66,105.76,74.4,17.08,104.65,62.65,54.08,27.06,38.07,50.18,179.89,612.24,14.51,87.16,169.19,121.2,71.58,43.0,43.08,86.66,14.42,449.99,129.52,117.53,116.02,43.94,3.12
2026-10-06 23:30,28.31,33.4,36.69,36.19,50.11,53.5,51.76,54.52,39.09,51.57,52.02,41.99,55.9,45.81,30.11,44.84,35.85,42.67,47.12,51.38,53.08,54.27,46.83,54.18,55.27,44.74,46.49,46.57,45.6,46.42,43.54,48.44,47.97,30.86,269.52,0.0,241.29,179.48,436.89,293.55,626.87,77.75,507.47,85.83,5.89,271.94,66.32,84.14,115.16,55.1,105.88,150.15,34.85,538.83,28.67,185.72,432.54,34.52,0.0,95.07,59.76,152.72,86.52,16.99,201.04,10.65,364.3,213.04,317.54,87.71,59.94,235.82,235.6,344.38,58.18,113.52,1.39,77.72,235.3,323.06,56.4,189.98,119.97,336.33,120.67,116.07,679.23,282.08,175.93,6.57,99.07,98.4,139.54,202.27,181.81,168.76,388.02,5.05,15.11,24.82,82.83,52.02,31.61,353.54,10.68,79.95,199.31,112.07,77.3,263.38,32.57,210.1,142.47,495.97,250.16,120.58,118.69,43.92,3.13
2026-10-06 23:35,28.32,33.41,36.7,36.16,50.1,53.49,51.71,54.47,39.09,51.53,52.02,41.99,55.88,45.78,30.09,44.82,35.82,42.63,47.12,51.37,53.07,54.29,46.81,54.17,55.23,44.72,46.47,46.56,45.61,46.42,43.54,48.45,47.97,35.22,167.16,247.01,249.83,206.74,446.2,503.63,290.53,60.06,334.41,253.09,81.47,313.25,29.58,102.68,50.65,36.31,166.21,8.68,26.92,834.96,9.32,100.81,510.12,16.2,342.96,150.48,46.17,142.37,101.64,76.83,318.22,12.99,480.6,164.29,244.87,49.2,37.17,103.71,151.95,265.56,9.99,120.38,1.46,59.93,98.24,115.17,183.63,89.16,53.51,395.12,182.33,85.08,368.67,372.13,81.54,9.22,101.18,149.06,231.73,111.57,112.76,199.47,472.39,69.83,44.57,10.92,135.26,78.8,99.75,329.04,17.73,35.16,153.96,115.43,132.62,154.32,34.54,74.9,168.4,505.6,63.22,121.02,119.79,43.91,3.14
2026-10-06 23:40,28.32,33.42,36.71,36.25,50.17,53.6,51.81,54.57,39.09,51.61,52.1,42.02,55.96,45.86,30.18,44.91,35.91,42.72,47.18,51.42,53.15,54.37,46.9,54.26,55.32,44.78,46.55,46.63,45.65,46.49,43.57,48.52,48.02,35.03,248.92,156.04,240.57,347.82,244.4,235.02,374.35,15.74,302.24,325.37,101.87,527.02,91.51,136.95,121.62,32.82,41.48,135.57,53.55,748.68,6.1,104.87,540.22,51.98,216.65,158.72,91.84,166.15,159.15,49.99,335.65,17.33,114.61,69.46,103.52,119.13,55.35,249.05,218.2,112.27,46.38,6.22,1.52,25.34,240.46,395.29,110.76,286.02,165.55,618.64,139.75,113.16,383.54,88.74,105.06,2.42,55.42,187.74,138.57,172.5,167.91,90.55,551.8,87.32,57.29,26.21,125.03,99.25,36.91,294.02,10.6,84.44,40.35,72.6,61.89,288.05,1.79,257.07,76.44,285.97,134.5,118.01,114.37,43.92,3.15
2026-10-06 23:45,28.38,33.46,36.74,36.3,50.17,53.58,51.84,54.6,39.08,51.64,52.11,42.03,55.97,45.92,30.23,44.93,35.96,42.76,47.18,51.42,53.14,54.37,46.92,54.27,55.37,44.82,46.59,46.65,45.66,46.5,43.57,48.52,48.03,31.24,173.58,224.22,268.8,293.89,416.47,401.34,192.17,47.56,404.62,166.85,14.35,445.31,66.19,48.78,53.41,43.94,211.4,110.59,58.82,1048.11,55.39,0.0,413.87,16.43,311.31,114.78,100.88,134.12,71.52,83.11,242.73,6.17,221.62,131.96,196.68,36.75,38.6,109.38,159.28,213.3,33.04,235.93,1.52,48.14,68.32,57.83,145.44,90.39,119.73,278.03,14.47,27.2,0.0,171.6,53.93,4.87,94.44,81.21,189.87,148.93,117.08,179.2,132.11,12.3,29.38,11.51,93.49,42.93,102.38,166.26,14.53,37.08,121.92,117.3,105.68,52.85,67.69,37.61,151.29,504.85,134.45,116.73,114.76,43.93,3.16
2026-10-06 23:50,28.42,33.49,36.77,36.47,50.26,53.68,52.01,54.76,39.08,51.81,52.25,42.12,56.09,46.09,30.41,45.08,36.13,42.93,47.28,51.5,53.25,54.51,47.07,54.4,55.54,44.97,46.76,46.79,45.77,46.63,43.62,48.66,48.13,29.85,35.22,75.67,258.23,109.12,200.84,157.44,199.58,63.38,130.82,67.89,48.93,165.34,56.55,129.42,198.77,14.21,90.46,65.94,12.97,1170.75,27.75,9.8,0.0,36.75,105.06,93.9,22.24,133.39,136.82,94.98,198.56,16.38,164.53,103.07,153.63,49.16,7.83,407.05,50.42,166.62,48.07,17.38,1.37,37.6,47.79,102.41,60.89,202.23,102.3,531.85,91.16,118.57,35.84,127.4,56.01,3.45,45.54,181.43,146.16,174.71,23.76,124.16,193.21,41.94,11.95,42.84,166.56,95.92,11.46,542.4,11.18,138.0,162.47,31.82,41.46,265.13,4.99,66.6,104.82,147.1,93.28,109.92,106.69,43.97,3.17
2026-10-06 23:55,28.37,33.47,36.76,36.46,50.27,53.7,51.99,54.74,39.09,51.82,52.25,42.12,56.09,46.07,30.4,45.08,36.12,42.91,47.28,51.5,53.26,54.52,47.07,54.42,55.52,44.95,46.75,46.78,45.76,46.62,43.62,48.66,48.12,26.19,145.85,295.88,234.93,124.04,372.54,404.03,206.01,39.04,370.72,113.34,134.95,187.94,34.23,154.13,126.87,40.25,83.06,173.35,0.98,1140.82,55.0,119.47,430.32,36.76,410.8,137.38,1.68,25.69,70.62,42.81,290.52,19.5,44.96,91.96,137.06,151.66,32.43,259.81,127.71,148.65,33.3,186.95,1.48,33.55,176.52,635.59,103.18,202.29,61.92,274.51,67.57,73.8,436.93,34.81,57.82,7.87,84.48,155.17,86.53,183.32,98.38,64.24,321.46,115.67,19.96,27.34,49.12,82.03,69.29,192.14,6.62,88.08,100.07,106.3,106.39,67.35,53.64,413.34,54.23,578.86,63.69,109.8,107.47,43.96,3.18
2026-10-07 00:00,28.39,33.48,36.76,36.24,50.15,53.57,51.79,54.54,39.08,51.59,52.06,42.02,55.95,45.85,30.17,44.88,35.89,42.7,47.17,51.41,53.13,54.35,46.88,54.24,55.31,44.78,46.53,46.61,45.65,46.46,43.57,48.49,48.0,30.48,158.93,63.96,206.84,273.01,442.55,214.99,417.26,62.47,244.95,153.29,116.91,413.67,69.3,137.71,39.74,26.6,212.35,153.82,20.08,1212.42,33.9,90.72,254.21,44.53,88.81,125.44,34.43,27.68,42.94,52.78,265.26,17.42,176.27,163.37,243.5,73.55,35.34,81.38,149.3,264.08,40.32,56.7,1.34,59.6,139.64,309.74,152.49,245.05,125.36,166.91,79.05,164.78,331.79,136.48,117.11,2.58,100.35,174.98,122.93,146.87,107.2,167.31,471.01,100.21,26.99,8.56,110.03,92.51,94.13,447.79,9.41,27.59,160.14,18.5,56.61,242.72,16.27,201.43,141.24,560.35,120.23,118.09,115.61,43.91,3.19
2026-10-07 00:05,28.42,33.5,36.79,36.47,50.26,53.7,52.0,54.76,39.09,51.84,52.22,42.12,56.07,46.08,30.4,45.08,36.12,42.93,47.28,51.49,53.25,54.49,47.07,54.39,55.53,44.96,46.75,46.77,45.75,46.6,43.62,48.62,48.1,21.84,129.23,224.78,223.2,0.0,473.76,97.26,380.25,49.28,490.87,259.59,129.88,0.0,31.78,75.17,44.27,53.3,139.08,77.5,53.72,1271.36,37.6,134.0,102.23,23.03,312.09,81.45,92.14,122.48,89.98,55.02,172.23,9.51,205.16,180.47,268.98,173.31,28.74,90.65,123.65,291.72,27.83,126.17,1.18,65.83,100.8,91.38,101.45,126.72,57.49,349.78,85.86,16.63,490.06,158.85,106.72,7.69,107.43,45.55,160.87,82.95,87.17,171.21,171.55,111.32,45.71,9.54,53.25,24.08,56.14,433.86,12.31,30.73,126.34,213.82,25.61,122.55,36.2,59.43,144.54,574.18,39.54,110.16,107.58,43.96,3.2
2026-10-07 00:10,28.42,33.51,36.79,36.49,50.25,53.67,52.02,54.78,39.09,51.85,52.24,42.11,56.08,46.11,30.42,45.09,36.14,42.94,47.26,51.49,53.23,54.46,47.08,54.39,55.55,44.97,46.76,46.78,45.74,46.61,43.61,48.64,48.11,31.3,28.61,0.0,248.68,198.74,99.25,186.32,324.67,40.8,501.24,124.48,107.96,301.13,54.7,64.12,167.17,54.43,118.45,201.09,40.28,1536.46,27.35,123.37,333.17,57.13,0.0,130.59,69.09,139.51,23.61,16.24,276.16,8.11,176.7,171.37,255.42,37.69,6.36,342.34,39.83,277.01,44.67,51.37,1.5,62.51,112.42,445.33,111.05,314.4,98.96,91.8,54.19,82.38,451.17,136.82,91.12,7.17,22.51,54.86,84.54,130.07,19.3,112.76,52.29,92.53,21.92,36.03,45.27,29.0,54.58,457.83,6.47,116.06,104.6,161.69,49.06,131.96,14.74,289.61,95.19,177.16,42.15,110.43,107.79,43.96,3.22
2026-10-07 00:15,28.44,33.52,36.8,36.49,50.31,53.75,52.03,54.78,39.09,51.84,52.24,42.11,56.13,46.11,30.42,45.12,36.15,42.95,47.32,51.52,53.29,54.55,47.11,54.44,55.56,44.97,46.76,46.78,45.75,46.62,43.62,48.65,48.11,24.68,116.69,156.16,271.84,260.99,295.6,15.95,552.72,85.04,244.18,101.46,74.07,395.45,52.31,101.93,73.65,26.51,90.26,147.94,39.82,1395.28,54.58,82.5,504.75,67.82,216.82,96.4,68.3,88.59,30.65,57.76,203.86,12.9,437.3,56.41,84.08,66.36,25.95,150.81,113.72,91.19,41.45,191.89,1.05,20.58,117.64,183.91,94.23,373.22,94.62,119.13,57.54,83.19,301.73,338.6,155.12,4.26,67.03,12.04,197.07,118.9,78.71,35.41,257.78,63.49,17.86,15.87,38.3,6.36,108.01,444.71,15.08,51.13,218.01,0.0,4.2,187.89,55.06,119.6,29.89,324.68,117.66,109.83,104.49,43.96,3.23
2026-10-07 00:20,28.44,33.54,36.82,36.59,50.35,53.79,52.14,54.9,39.09,51.98,52.33,42.18,56.18,46.21,30.52,45.2,36.25,43.07,47.37,51.55,53.34,54.61,47.2,54.51,55.67,45.06,46.87,46.87,45.82,46.7,43.65,48.73,48.18,20.89,112.42,231.33,230.73,224.73,531.17,366.03,145.09,59.19,173.97,188.43,39.98,340.51,17.88,27.5,115.82,18.89,40.1,141.34,0.6,1093.64,27.78,74.93,351.25,15.7,321.19,116.23,1.03,99.68,1.68,15.75,245.79,3.48,249.29,184.55,275.07,61.65,25.0,237.17,100.31,298.32,37.8,123.26,1.57,67.32,102.26,371.91,32.13,86.38,32.34,6.52,76.77,70.25,274.04,193.03,40.72,5.8,120.45,91.14,68.5,179.89,75.83,105.99,362.61,34.27,33.18,24.96,101.02,48.18,60.72,587.77,5.24,80.41,151.74,83.19,96.39,277.37,35.37,241.86,89.48,420.89,108.37,104.64,100.64,43.98,3.24
2026-10-07 00:25,28.45,33.54,36.82,36.48,50.31,53.75,52.03,54.78,39.09,51.84,52.27,42.14,56.11,46.1,30.41,45.1,36.14,42.95,47.33,51.52,53.29,54.53,47.09,54.43,55.55,44.97,46.76,46.8,45.79,46.65,43.64,48.68,48.15,23.86,160.95,97.11,235.79,213.95,261.74,227.01,331.27,41.19,479.48,170.25,85.57,324.18,4.49,46.61,143.7,52.06,34.41,162.92,51.25,1169.65,16.91,137.07,49.66,28.76,134.83,159.26,87.89,23.57,26.49,105.1,336.78,5.9,245.33,152.31,227.02,155.98,35.79,294.28,146.38,246.21,59.61,175.49,1.43,55.56,231.92,211.3,113.55,158.27,8.13,102.96,106.55,67.02,501.3,189.95,92.97,2.15,59.35,83.82,94.08,128.59,108.57,163.8,167.66,73.34,29.98,30.97,76.83,44.31,33.49,381.3,7.2,99.77,105.6,54.29,59.78,186.51,50.35,137.42,138.28,391.36,143.35,108.05,104.39,43.95,3.25
2026-10-07 00:30,28.48,33.57,36.85,36.47,50.26,53.68,52.0,54.76,39.09,51.82,52.26,42.14,56.08,46.07,30.41,45.08,36.13,42.92,47.27,51.49,53.24,54.49,47.07,54.4,55.53,44.96,46.75,46.79,45.78,46.64,43.63,48.68,48.15,26.51,0.0,56.98,237.39,109.01,71.29,307.5,244.01,54.7,143.54,212.71,64.04,165.18,61.5,75.93,71.38,15.59,108.15,130.96,34.64,973.94,31.11,59.61,738.29,23.06,79.11,82.49,59.41,50.14,63.84,58.08,174.44,9.61,249.59,186.29,277.66,66.31,0.0,146.16,16.24,301.13,27.76,94.84,1.23,67.96,74.18,452.79,126.65,126.88,111.25,248.18,86.56,104.62,218.02,193.26,68.48,6.03,16.17,92.51,102.35,155.59,0.0,141.81,452.34,54.89,37.46,15.38,86.28,48.9,79.82,293.28,7.83,49.55,140.22,0.0,80.97,164.01,27.21,294.46,119.72,248.04,108.49,108.79,107.88,43.95,3.26
2026-10-07 00:35,28.5,33.59,36.87,36.69,50.39,53.85,52.2,54.95,39.09,52.03,52.39,42.21,56.24,46.29,30.63,45.29,36.34,43.13,47.4,51.59,53.39,54.66,47.27,54.56,55.73,45.12,46.94,46.93,45.87,46.76,43.68,48.79,48.23,22.22,99.97,144.68,231.31,114.85,179.01,68.75,0.0,53.77,532.33,31.4,0.0,174.02,30.22,109.72,72.68,57.8,55.61,151.12,30.19,856.26,8.84,78.13,185.34,35.66,200.88,128.58,51.77,43.4,54.13,53.64,271.91,13.88,259.81,0.0,0.0,113.51,22.23,148.83,85.14,0.0,22.61,152.53,1.11,0.0,171.46,523.38,0.0,196.26,54.68,210.4,62.38,113.3,285.75,201.17,0.0,7.49,40.59,73.15,180.58,72.65,67.43,101.31,212.91,0.0,5.53,15.66,97.28,38.67,87.45,432.72,13.82,50.46,137.85,92.91,18.1,41.21,43.76,340.36,85.53,349.31,151.75,101.2,97.34,44.0,3.27
2026-10-07 00:40,28.52,33.6,36.88,36.72,50.38,53.83,52.23,54.99,39.08,52.05,52.43,42.23,56.23,46.32,30.65,45.29,36.37,43.17,47.4,51.58,53.38,54.68,47.28,54.59,55.77,45.15,46.97,46.96,45.89,46.79,43.68,48.83,48.25,25.06,151.66,123.97,232.75,154.51,240.63,246.47,365.02,71.55,616.54,218.28,46.48,234.12,29.3,59.87,128.97,66.95,147.79,60.7,28.25,708.65,31.51,113.41,390.24,0.0,172.13,85.9,48.45,113.83,89.85,76.62,181.65,7.58,43.74,43.28,64.5,46.79,33.73,264.1,129.13,69.96,19.92,16.12,1.19,15.79,163.19,87.73,134.58,0.0,53.01,349.26,83.26,68.24,414.76,33.86,102.45,3.21,54.57,73.65,74.09,81.21,102.3,118.39,124.17,39.84,38.44,27.79,105.95,38.94,64.66,349.46,5.67,89.54,183.42,103.11,64.9,145.81,4.63,57.05,99.95,268.73,131.98,99.74,96.99,44.0,3.28
2026-10-07 00:45,28.53,33.62,36.9,36.76,50.4,53.84,52.27,55.03,39.09,52.11,52.48,42.26,56.26,46.37,30.71,45.34,36.42,43.2,47.42,51.6,53.4,54.7,47.32,54.62,55.81,45.19,47.02,47.0,45.92,46.83,43.7,48.88,48.28,28.02,98.81,117.86,235.79,62.3,335.71,155.57,349.01,7.77,91.25,156.29,37.98,94.4,37.28,139.68,100.38,9.91,126.65,35.62,22.35,590.24,35.77,67.75,418.85,24.49,163.64,77.22,38.33,152.39,102.63,81.95,163.31,17.67,182.09,71.79,107.0,46.81,21.97,205.56,90.99,116.04,16.43,178.79,0.96,26.19,52.16,445.65,29.04,134.8,67.44,398.96,31.59,106.2,247.76,140.99,97.95,1.26,76.13,58.79,30.21,57.0,66.65,116.92,217.8,32.55,27.52,21.63,56.65,31.08,82.73,236.0,2.31,69.69,19.91,23.35,40.97,144.77,51.3,289.82,98.71,412.35,119.35,97.48,96.08,44.01,3.29
2026-10-07 00:50,28.53,33.62,36.9,36.76,50.45,53.92,52.29,55.05,39.09,52.1,52.46,42.27,56.31,46.35,30.69,45.37,36.41,43.22,47.47,51.63,53.46,54.76,47.35,54.67,55.82,45.18,47.0,46.99,45.92,46.82,43.71,48.86,48.28,26.51,165.41,172.28,262.14,146.7,243.2,260.17,128.25,31.51,435.72,91.04,25.97,222.29,27.81,0.0,26.92,47.31,119.93,169.33,19.62,388.84,26.39,88.44,457.33,14.3,239.19,56.54,33.64,146.09,20.03,86.55,119.57,0.0,334.19,137.1,204.34,45.05,36.78,55.13,160.26,221.61,22.09,154.72,1.45,50.01,188.0,467.11,56.84,78.68,50.31,77.87,50.47,104.71,323.43,258.76,36.0,4.49,55.15,98.81,109.55,59.02,111.58,58.49,458.14,22.26,16.03,5.8,82.89,52.24,39.73,112.06,8.38,18.69,80.77,139.56,68.51,181.82,44.39,303.77,49.38,371.52,59.11,96.99,91.98,44.0,3.3
2026-10-07 00:55,28.56,33.65,36.92,36.7,50.38,53.82,52.22,54.98,39.09,52.05,52.43,42.23,56.24,46.3,30.64,45.28,36.36,43.15,47.4,51.58,53.38,54.66,47.27,54.58,55.75,45.14,46.96,46.95,45.9,46.79,43.69,48.83,48.25,24.68,101.17,78.54,249.26,90.67,164.81,118.39,251.87,40.46,173.92,123.38,42.84,137.38,75.39,56.4,51.09,18.88,84.04,146.35,37.83,328.99,32.38,75.17,155.2,51.36,109.04,98.31,64.87,241.28,55.19,67.21,207.9,7.14,85.26,61.27,91.33,13.98,22.5,104.62,99.11,99.05,42.26,155.16,1.2,22.35,105.23,307.89,51.03,282.61,136.39,214.52,13.56,73.13,274.93,66.01,70.69,4.12,37.37,82.29,110.56,60.08,68.25,153.86,317.64,36.72,21.72,11.01,101.72,43.5,74.36,391.58,8.46,35.47,103.73,89.59,31.18,142.43,44.52,200.23,129.89,329.21,77.47,99.4,97.33,43.99,3.32
2026-10-07 01:00,28.59,33.67,36.94,36.82,50.46,53.91,52.34,55.09,39.09,52.17,52.51,42.28,56.32,46.42,30.76,45.41,36.48,43.27,47.48,51.64,53.46,54.74,47.39,54.67,55.87,45.24,47.07,47.04,45.95,46.86,43.71,48.9,48.31,26.7,86.98,150.65,298.04,135.84,157.91,179.65,176.2,38.86,196.75,123.86,34.06,205.83,0.0,66.44,119.27,21.36,54.92,102.83,24.03,317.61,22.07,94.44,124.42,24.96,209.17,55.01,41.21,152.71,33.02,32.23,116.32,8.41,92.83,65.96,98.32,32.1,19.34,244.24,90.66,106.63,35.41,65.23,1.17,24.06,28.09,407.35,43.52,137.36,0.0,128.37,54.63,121.74,345.4,71.88,49.45,1.9,35.81,75.13,38.09,129.91,58.67,69.94,148.75,29.19,21.81,25.7,1.72,39.72,20.13,231.81,2.91,82.8,99.61,98.38,47.31,175.79,18.72,264.91,59.04,202.09,96.02,94.87,90.69,44.01,3.33
2026-10-07 01:05,28.6,33.68,36.95,36.74,50.42,53.88,52.26,55.01,39.09,52.06,52.46,42.26,56.27,46.34,30.68,45.34,36.4,43.19,47.44,51.61,53.42,54.71,47.32,54.62,55.79,45.17,46.98,46.98,45.93,46.82,43.71,48.86,48.28,25.12,89.58,109.75,247.23,208.57,0.0,227.23,190.47,13.88,20.58,107.64,50.91,316.03,26.71,1.84,33.96,2.23,69.02,106.06,17.93,293.01,28.86,142.55,591.99,32.24,152.38,30.04,30.74,70.6,57.61,26.71,63.53,0.23,168.4,47.89,71.38,56.47,19.92,69.55,89.41,77.41,24.37,71.76,1.13,17.47,116.26,345.62,34.73,177.4,48.31,223.93,52.59,32.95,521.32,130.39,53.46,1.85,0.0,49.67,57.3,134.3,60.43,116.28,252.29,43.63,18.95,7.32,24.59,26.26,36.61,326.43,4.38,23.58,35.58,131.35,59.84,161.82,20.59,224.77,98.17,127.43,89.93,97.04,94.5,43.99,3.34
2026-10-07 01:10,28.61,33.69,36.97,36.87,50.46,53.93,52.38,55.13,39.09,52.2,52.53,42.3,56.35,46.46,30.81,45.44,36.52,43.31,47.48,51.65,53.47,54.79,47.42,54.71,55.91,45.26,47.1,47.06,45.97,46.88,43.73,48.92,48.32,24.24,112.38,166.23,162.12,178.26,204.61,18.26,161.92,2.45,195.47,90.95,35.31,270.1,37.77,86.59,102.14,21.22,106.31,144.02,0.0,258.49,26.77,58.09,351.47,16.84,230.79,96.91,0.0,124.55,29.28,64.16,204.94,10.96,184.7,106.52,158.77,64.32,24.99,209.16,97.45,172.19,28.53,96.43,1.29,38.86,34.01,335.98,62.42,92.66,68.33,113.8,72.21,40.05,212.45,143.01,45.44,1.76,46.4,93.82,60.96,117.94,75.8,147.79,113.59,30.27,16.02,22.01,53.96,49.6,40.42,23.44,4.66,70.91,6.29,28.47,4.81,43.92,27.67,218.5,124.77,204.22,24.75,93.16,89.83,44.02,3.35
2026-10-07 01:15,28.64,33.71,36.99,36.84,50.46,53.92,52.34,55.1,39.09,52.18,52.53,42.3,56.32,46.44,30.78,45.41,36.5,43.28,47.47,51.64,53.47,54.77,47.39,54.68,55.88,45.25,47.09,47.06,45.97,46.88,43.73,48.92,48.32,25.75,124.0,17.78,257.8,236.91,146.39,258.97,242.71,12.46,334.72,138.34,38.85,358.97,49.72,62.79,40.28,36.34,50.7,50.27,12.96,305.13,31.69,25.92,320.97,35.3,24.68,25.6,22.23,193.82,18.28,46.04,54.14,7.95,51.08,52.45,78.18,47.39,27.58,82.48,118.98,84.79,29.51,98.37,1.02,19.14,134.44,81.0,40.97,194.26,89.95,71.07,36.98,39.25,94.8,39.55,68.12,4.86,33.2,0.0,100.38,67.09,83.64,112.1,200.92,33.3,24.36,8.68,77.27,0.0,62.37,204.96,7.68,27.96,31.95,72.04,68.19,84.12,28.22,52.68,94.63,266.34,86.72,93.24,90.64,44.01,3.37
2026-10-07 01:20,28.66,33.73,37.0,36.9,50.49,53.97,52.4,55.15,39.1,52.25,52.58,42.33,56.37,46.49,30.85,45.48,36.56,43.34,47.51,51.67,53.5,54.8,47.45,54.73,55.94,45.3,47.15,47.1,46.0,46.92,43.74,48.96,48.35,25.88,79.93,108.86,247.66,132.38,125.49,155.89,72.76,25.63,373.27,14.63,54.26,200.59,16.95,104.34,43.12,40.53,85.49,57.68,30.82,317.79,10.73,38.38,0.0,30.11,151.14,57.46,52.86,69.58,36.73,54.68,121.51,13.2,120.13,69.86,104.13,79.52,17.77,88.31,74.49,112.93,11.38,96.88,0.98,25.49,12.4,161.02,34.96,165.69,30.66,142.78,58.61,50.47,140.35,93.02,20.42,1.96,28.46,16.04,57.48,59.3,53.92,54.61,282.66,46.51,2.58,9.29,93.53,8.48,30.07,138.4,4.4,29.94,65.7,78.43,41.05,96.52,27.8,104.72,46.1,225.89,48.44,90.31,87.3,44.02,3.38
2026-10-07 01:25,28.66,33.74,37.01,36.92,50.5,53.97,52.42,55.17,39.09,52.27,52.61,42.35,56.38,46.52,30.86,45.49,36.58,43.36,47.52,51.67,53.51,54.82,47.46,54.74,55.96,45.32,47.17,47.13,46.03,46.96,43.76,49.0,48.38,25.94,40.53,168.51,278.49,12.1,54.6,157.34,223.36,34.54,408.35,91.27,51.61,18.34,24.01,50.45,41.81,44.34,11.76,105.37,0.01,235.18,31.86,106.48,292.87,28.51,233.97,14.36,0.02,69.41,28.73,75.45,30.36,6.38,188.9,63.04,93.97,37.8,9.01,85.61,44.47,101.91,16.48,55.55,1.14,23.0,118.45,229.55,67.81,156.87,43.44,111.68,40.98,49.77,389.43,146.26,62.69,2.98,12.38,58.99,99.54,86.84,27.34,92.37,92.44,44.24,16.07,9.01,65.91,31.19,23.25,228.93,7.62,29.03,88.53,72.93,41.43,166.65,15.94,149.28,77.98,181.32,76.98,88.46,86.7,44.02,3.39
2026-10-07 01:30,28.69,33.76,37.03,37.02,50.55,54.02,52.51,55.26,39.09,52.34,52.65,42.38,56.44,46.6,30.96,45.57,36.67,43.45,47.56,51.7,53.56,54.89,47.55,54.81,56.05,45.38,47.24,47.17,46.06,46.99,43.77,49.03,48.41,25.18,45.35,51.47,252.3,79.3,194.1,70.3,293.61,0.0,267.67,67.35,47.66,120.15,18.39,37.52,59.97,29.06,71.0,101.65,25.65,289.15,37.87,52.83,455.63,15.08,71.45,19.45,43.98,113.33,40.8,63.73,41.12,4.75,80.17,78.91,117.62,91.81,10.08,122.81,56.41,127.56,31.27,48.29,1.24,28.79,38.99,255.88,49.33,82.99,33.27,158.58,21.97,52.76,193.22,62.07,82.4,2.85,44.01,6.75,82.7,10.03,30.59,86.19,185.13,40.85,11.86,12.92,57.5,3.57,43.14,154.37,6.33,41.63,0.0,70.4,18.51,65.62,13.86,166.41,72.76,246.26,0.0,85.45,82.05,44.04,3.41
2026-10-07 01:35,28.68,33.77,37.04,36.96,50.52,53.99,52.45,55.2,39.1,52.31,52.61,42.34,56.4,46.54,30.9,45.52,36.61,43.39,47.54,51.69,53.53,54.85,47.49,54.77,55.99,45.33,47.19,47.13,46.02,46.95,43.75,48.99,48.37,27.39,86.69,81.33,223.49,98.88,205.21,155.35,216.98,13.41,366.94,38.76,51.87,149.83,23.9,69.34,46.37,39.84,22.72,107.79,30.33,270.79,30.67,74.84,0.0,28.84,112.91,47.91,52.02,83.83,36.02,44.66,101.31,8.77,208.33,92.42,137.75,39.96,19.28,94.97,84.02,149.4,12.38,118.02,1.18,33.72,116.85,327.37,40.24,158.7,43.23,140.01,33.82,80.16,273.72,161.31,60.9,3.21,46.53,30.69,100.24,125.93,58.48,42.14,314.59,44.46,6.82,9.99,20.0,16.22,15.98,99.57,7.67,32.2,34.36,18.83,40.91,14.38,33.86,212.9,35.58,150.3,103.26,88.74,84.7,44.02,3.42
2026-10-07 01:40,28.7,33.78,37.05,36.91,50.47,53.93,52.41,55.15,39.09,52.24,52.58,42.33,56.35,46.5,30.85,45.47,36.56,43.35,47.49,51.65,53.48,54.78,47.44,54.72,55.95,45.3,47.15,47.11,46.0,46.93,43.74,48.97,48.36,21.96,97.84,100.52,230.29,108.72,132.63,151.87,247.66,56.4,293.15,51.56,31.77,164.73,7.25,22.89,93.78,31.83,67.64,56.45,21.48,305.31,15.93,22.0,584.04,35.64,139.56,4.44,36.84,157.36,40.35,32.66,9.39,2.9,184.04,47.45,70.73,30.98,21.76,192.05,89.1,76.71,26.53,40.75,1.23,17.31,103.71,317.36,47.75,196.12,13.11,156.86,16.95,51.06,80.45,142.5,69.51,2.0,30.08,32.47,23.91,125.34,66.0,96.79,231.16,27.23,9.08,20.21,50.4,17.17,64.66,165.86,1.83,65.11,144.58,39.83,39.99,81.22,11.69,206.39,81.71,251.69,57.3,90.31,88.83,44.01,3.43
2026-10-07 01:45,28.72,33.8,37.07,36.95,50.52,54.0,52.44,55.19,39.1,52.3,52.62,42.36,56.4,46.54,30.89,45.51,36.61,43.38,47.54,51.68,53.53,54.84,47.48,54.76,55.98,45.34,47.19,47.14,46.03,46.96,43.76,49.0,48.39,21.65,109.04,64.38,235.79,86.48,95.16,152.47,318.73,37.75,137.56,69.05,14.64,131.04,26.98,36.93,28.06,14.94,54.36,59.58,4.37,320.0,42.16,59.66,391.47,17.82,89.38,27.05,7.5,1.34,4.16,36.18,57.21,4.67,169.82,71.18,106.09,1.56,24.25,57.47,91.57,115.06,33.73,103.05,1.1,25.97,62.67,224.22,48.75,98.06,48.81,16.17,62.61,36.67,218.18,131.49,89.45,3.78,21.58,65.83,50.57,93.94,73.55,60.23,175.21,12.55,12.16,6.05,64.71,34.8,61.99,285.61,3.87,19.48,96.76,47.71,40.15,104.21,29.57,145.82,50.84,205.69,100.43,87.72,85.33,44.02,3.45
2026-10-07 01:50,28.74,33.81,37.08,36.96,50.53,54.01,52.46,55.22,39.1,52.3,52.6,42.34,56.41,46.54,30.9,45.52,36.61,43.4,47.56,51.69,53.54,54.85,47.5,54.77,56.0,45.33,47.18,47.13,46.01,46.94,43.75,48.98,48.37,23.23,68.79,79.79,213.79,24.59,178.05,49.48,73.67,38.48,72.56,114.23,54.45,37.25,16.91,56.74,16.03,7.88,24.95,87.83,18.16,312.47,29.99,82.16,182.29,31.81,110.78,21.79,31.15,37.59,47.7,33.12,46.07,7.18,135.64,96.37,143.63,28.18,15.3,32.82,65.46,155.77,20.96,54.78,1.32,35.15,50.98,198.88,5.77,175.05,30.59,185.43,53.26,34.17,300.47,105.02,20.68,1.86,40.37,32.44,120.86,105.96,46.4,75.8,287.2,46.67,20.11,3.45,41.11,17.15,40.83,322.98,9.25,11.13,98.63,48.83,13.03,111.87,15.72,129.33,63.99,262.25,102.15,89.47,83.38,44.01,3.46
2026-10-07 01:55,28.76,33.83,37.1,37.04,50.55,54.03,52.54,55.28,39.09,52.38,52.68,42.4,56.45,46.63,30.98,45.59,36.69,43.48,47.57,51.71,53.57,54.88,47.57,54.82,56.08,45.41,47.27,47.2,46.08,47.02,43.78,49.06,48.43,20.01,77.84,84.47,254.61,122.79,134.16,80.21,212.43,14.35,202.41,68.12,3.32,186.06,18.38,47.96,58.17,21.98,65.06,77.32,19.8,243.81,28.57,34.63,442.41,5.74,117.27,23.22,33.95,146.56,39.58,30.69,49.11,6.07,99.18,100.19,149.33,21.37,17.31,119.12,73.29,161.95,0.85,72.36,0.92,36.55,74.67,55.33,43.09,31.6,33.25,153.86,45.36,50.31,126.64,76.79,59.62,4.33,30.42,24.59,42.68,76.6,52.51,41.33,58.02,2.85,11.99,12.54,28.31,13.0,43.46,157.22,3.27,40.39,36.78,80.19,21.12,130.16,20.76,35.98,34.89,305.75,57.6,83.69,81.22,44.03,3.47
2026-10-07 02:00,28.76,33.84,37.11,37.01,50.54,54.01,52.48,55.23,39.1,52.36,52.64,42.37,56.42,46.59,30.95,45.56,36.66,43.43,47.56,51.7,53.55,54.87,47.53,54.79,56.03,45.38,47.24,47.17,46.05,46.98,43.77,49.02,48.4,24.74,87.07,101.14,237.24,63.14,155.54,134.43,39.4,52.02,362.86,101.99,51.02,95.67,38.86,53.12,28.27,39.4,58.39,152.63,24.28,229.3,0.94,58.11,137.2,30.33,140.43,57.78,41.64,99.12,41.56,33.71,122.18,6.72,29.72,45.67,68.07,29.3,19.36,57.88,80.36,73.82,17.16,25.17,1.04,16.66,43.32,110.29,11.77,166.92,70.29,161.54,42.8,49.25,212.5,23.01,11.06,3.59,35.27,78.46,70.32,58.38,58.73,43.14,250.33,43.73,17.96,6.09,69.96,41.48,28.36,262.85,5.38,19.62,133.35,100.24,35.4,25.29,7.22,71.72,36.42,288.45,72.26,86.17,82.82,44.02,3.49
2026-10-07 02:05,28.79,33.86,37.13,37.07,50.59,54.09,52.56,55.31,39.09,52.4,52.71,42.41,56.49,46.65,31.02,45.63,36.72,43.5,47.61,51.74,53.61,54.94,47.6,54.86,56.1,45.43,47.3,47.23,46.1,47.05,43.79,49.09,48.45,29.16,49.02,10.4,230.44,109.69,133.84,64.92,213.73,22.61,49.33,76.37,30.08,166.2,42.72,64.24,60.84,5.36,58.82,55.42,13.83,289.89,16.59,13.87,302.96,20.34,14.44,48.63,23.72,4.04,39.42,44.88,102.85,8.13,99.04,24.94,37.17,32.06,10.9,124.6,48.57,40.31,16.5,57.42,1.25,9.1,53.48,50.69,69.72,111.92,77.28,153.22,27.14,9.69,50.71,76.69,59.98,1.59,30.35,54.93,65.37,120.58,33.07,49.23,215.86,25.78,13.45,13.11,21.75,29.04,48.53,137.9,5.0,42.24,57.96,77.24,17.1,102.39,16.48,32.97,41.56,196.5,58.3,81.96,77.38,44.03,3.5
2026-10-07 02:10,28.81,33.88,37.15,37.12,50.61,54.09,52.61,55.36,39.09,52.45,52.74,42.42,56.51,46.7,31.07,45.67,36.78,43.56,47.63,51.75,53.63,54.96,47.65,54.89,56.15,45.46,47.34,47.26,46.11,47.07,43.8,49.11,48.46,21.84,0.0,105.03,255.77,41.15,136.73,28.06,165.53,0.0,115.86,54.17,20.92,62.35,31.54,34.01,24.11,12.58,61.19,46.12,5.63,322.75,24.34,9.04,494.44,17.76,145.83,42.4,9.65,0.59,15.66,38.17,89.67,4.3,112.03,52.55,78.32,18.04,0.0,49.38,8.11,84.94,24.08,0.0,1.2,19.17,60.16,108.07,55.66,97.71,57.05,60.86,0.21,63.72,33.05,86.75,46.46,0.5,31.0,9.01,74.16,68.98,0.0,51.4,211.26,17.93,9.54,5.2,34.03,4.76,30.53,351.77,5.67,16.74,0.0,41.97,7.39,70.5,0.0,70.28,43.39,243.62,41.24,80.33,75.52,44.04,3.51
2026-10-07 02:15,28.81,33.89,37.16,37.1,50.59,54.07,52.59,55.34,39.09,52.43,52.73,42.42,56.5,46.68,31.05,45.65,36.75,43.53,47.61,51.74,53.61,54.93,47.62,54.87,56.13,45.45,47.32,47.24,46.11,47.06,43.79,49.1,48.46,26.89,46.18,130.5,220.88,123.63,147.28,77.33,67.21,6.74,92.73,56.89,57.76,187.33,20.29,48.0,52.2,10.07,28.6,77.14,10.12,394.9,16.27,85.52,235.26,4.45,181.19,27.61,17.36,160.54,38.25,62.68,58.39,6.07,64.89,43.76,65.22,6.3,10.27,106.91,46.48,70.73,6.22,6.31,1.17,15.96,48.56,146.66,11.47,24.48,36.7,148.7,38.11,0.0,312.76,50.25,18.86,1.53,33.4,64.98,30.94,81.38,31.15,14.16,244.57,49.51,10.02,11.25,43.85,34.35,17.2,346.75,2.37,36.24,17.28,24.81,20.36,83.59,1.81,95.38,11.95,149.61,64.64,81.06,76.86,44.03,3.53
2026-10-07 02:20,28.83,33.9,37.17,37.15,50.62,54.11,52.63,55.37,39.1,52.48,52.75,42.43,56.52,46.72,31.09,45.69,36.8,43.57,47.64,51.76,53.64,54.98,47.66,54.9,56.17,45.48,47.36,47.27,46.13,47.08,43.8,49.13,48.47,20.26,37.82,72.36,265.76,78.67,157.07,0.0,110.34,22.73,254.7,73.16,27.27,119.21,28.23,30.86,57.36,27.66,49.55,76.55,13.71,550.95,17.9,47.82,159.45,11.55,100.47,21.77,23.51,39.82,32.44,33.79,46.04,3.9,67.08,49.3,73.48,30.36,8.41,117.47,39.28,79.69,10.25,52.29,0.98,17.99,50.17,116.31,30.98,63.56,51.07,126.09,28.04,58.2,174.88,51.94,30.97,3.0,35.62,2.02,81.41,65.88,25.51,33.53,246.53,23.37,12.88,12.36,35.67,1.07,33.05,341.73,6.23,39.83,58.26,69.59,0.0,27.17,15.0,75.64,28.3,154.17,15.64,79.07,74.52,44.04,3.54
2026-10-07 02:25,28.84,33.92,37.18,37.14,50.61,54.09,52.62,55.36,39.1,52.49,52.76,42.43,56.51,46.72,31.08,45.68,36.79,43.56,47.63,51.75,53.63,54.95,47.65,54.89,56.16,45.49,47.36,47.27,46.13,47.09,43.8,49.13,48.48,23.79,26.63,70.62,273.14,49.06,43.65,87.48,105.09,20.76,73.12,40.91,40.74,74.34,23.09,42.11,77.78,7.94,80.74,11.04,8.58,702.78,7.61,31.19,474.39,10.65,98.04,23.8,14.71,104.4,26.53,57.26,50.32,5.33,69.09,55.33,82.46,21.28,5.92,159.29,31.58,89.43,11.0,68.56,1.0,20.18,61.59,225.99,44.36,58.62,41.76,103.12,34.41,70.17,114.08,53.5,29.49,1.29,9.9,10.05,67.18,36.54,17.96,73.31,54.84,34.92,7.2,16.76,39.14,5.31,24.1,336.64,5.14,54.0,53.21,43.51,23.04,71.56,19.67,146.96,61.89,157.72,0.0,79.07,75.97,44.03,3.56
2026-10-07 02:30,28.86,33.93,37.2,37.06,50.57,54.05,52.53,55.28,39.1,52.4,52.69,42.4,56.46,46.63,31.0,45.6,36.71,43.48,47.59,51.72,53.58,54.89,47.57,54.82,56.07,45.41,47.28,47.21,46.09,47.03,43.78,49.07,48.43,22.47,54.06,56.83,242.31,88.97,119.75,82.8,65.82,17.33,195.32,101.05,41.2,134.8,26.01,41.76,36.16,21.21,10.18,67.94,8.65,794.02,28.5,66.27,107.03,12.4,78.9,37.79,14.84,59.34,26.92,32.51,79.9,5.28,73.09,27.62,41.17,5.55,12.02,74.06,54.37,44.65,15.29,39.61,0.89,10.08,45.81,130.96,56.55,68.23,47.06,104.64,37.05,29.05,242.35,56.59,18.47,1.24,27.16,19.77,89.63,96.96,36.47,48.67,247.05,35.32,17.79,7.79,21.2,10.45,19.32,354.41,6.86,25.11,44.42,41.96,21.8,52.81,11.36,85.16,41.09,122.0,14.83,83.09,80.01,44.01,3.57
2026-10-07 02:35,28.88,33.94,37.21,37.19,50.64,54.13,52.66,55.41,39.1,52.52,52.78,42.45,56.55,46.76,31.13,45.73,36.84,43.61,47.66,51.77,53.66,54.99,47.7,54.92,56.21,45.51,47.39,47.3,46.15,47.11,43.81,49.16,48.5,21.21,81.4,33.12,253.6,80.24,100.66,23.63,110.94,3.81,158.35,75.96,45.76,121.58,12.99,21.83,25.2,17.19,35.05,150.12,12.89,1104.11,22.23,0.0,139.96,5.68,45.99,16.83,22.11,49.12,36.11,27.88,35.58,2.76,126.08,43.04,64.16,36.55,18.1,51.61,75.12,69.58,23.66,59.21,0.84,15.7,67.08,161.72,32.78,31.25,23.49,140.38,5.52,46.08,0.0,97.63,31.14,1.17,22.83,27.11,44.55,102.64,54.91,29.98,248.72,39.22,13.38,5.43,45.17,14.33,40.35,486.49,3.41,17.5,9.77,69.81,6.22,30.3,16.99,105.17,25.31,173.99,40.42,77.25,72.2,44.04,3.58
2026-10-07 02:40,28.89,33.96,37.23,37.18,50.63,54.13,52.65,55.4,39.1,52.52,52.79,42.46,56.54,46.75,31.12,45.71,36.83,43.6,47.65,51.77,53.66,55.0,47.68,54.93,56.2,45.51,47.39,47.3,46.15,47.11,43.82,49.16,48.5,21.84,27.91,77.23,266.05,96.02,64.95,91.63,63.69,9.04,184.54,57.3,21.52,145.49,0.39,44.01,17.37,20.04,43.95,102.1,8.36,1351.03,22.38,67.21,135.93,9.42,107.23,33.92,14.34,98.34,21.06,30.69,71.73,5.57,92.96,26.41,39.37,7.07,6.21,35.57,38.51,42.7,12.0,19.03,0.86,9.64,65.36,104.75,26.24,51.83,0.71,81.87,24.31,8.06,245.82,71.98,17.88,2.08,14.73,18.78,43.52,57.24,18.82,22.78,174.93,18.44,10.09,3.74,12.03,9.93,19.08,25.75,3.33,12.06,23.18,14.73,24.13,40.89,5.46,68.12,19.23,242.39,53.69,76.63,72.69,44.03,3.6
2026-10-07 02:45,28.9,33.97,37.24,37.16,50.63,54.12,52.63,55.38,39.1,52.49,52.78,42.46,56.53,46.73,31.1,45.69,36.81,43.58,47.65,51.76,53.65,54.98,47.66,54.91,56.18,45.5,47.37,47.3,46.15,47.11,43.82,49.16,48.5,16.91,32.35,19.3,291.09,72.16,70.21,54.64,140.66,18.35,106.36,85.06,20.91,109.34,18.18,40.55,12.88,11.55,2.68,63.73,11.01,1369.76,19.79,33.71,150.23,11.56,26.79,13.24,18.89,61.58,10.17,17.13,28.0,5.13,96.23,41.89,62.44,9.55,7.19,26.38,27.95,67.72,8.44,17.85,0.67,15.28,50.69,206.09,19.21,63.62,32.89,39.54,29.7,40.31,123.28,74.51,39.48,2.47,15.92,27.97,48.71,96.07,21.82,64.66,346.14,17.92,14.98,2.78,19.54,14.79,17.96,170.85,3.73,8.94,47.05,9.05,14.39,63.99,5.12,134.03,54.58,170.92,33.73,77.03,73.58,44.02,3.61
2026-10-07 02:50,28.92,33.98,37.25,37.2,50.64,54.13,52.68,55.42,39.1,52.55,52.8,42.47,56.56,46.78,31.15,45.74,36.86,43.62,47.66,51.78,53.67,55.0,47.7,54.94,56.22,45.53,47.42,47.32,46.16,47.13,43.82,49.18,48.51,21.77,46.26,30.55,239.99,113.12,50.87,100.45,110.73,21.07,105.24,10.69,14.75,171.4,22.3,53.15,9.03,11.43,53.54,70.72,8.97,1955.22,5.78,45.63,141.48,10.84,42.41,17.5,15.39,161.09,15.05,8.62,37.01,6.72,39.47,39.8,59.32,15.03,10.29,18.49,49.67,64.33,18.76,24.0,0.66,14.52,18.31,37.61,0.4,59.63,40.34,58.5,0.0,27.0,166.89,30.56,31.08,1.54,11.54,24.95,42.98,65.76,31.2,54.62,251.43,12.64,1.88,1.95,33.25,13.19,11.98,181.26,3.29,6.27,54.02,44.25,26.45,48.5,6.89,24.46,46.12,180.72,59.51,75.59,71.67,44.03,3.62
2026-10-07 02:55,28.93,34.0,37.27,37.2,50.65,54.15,52.67,55.42,39.1,52.54,52.8,42.46,56.56,46.77,31.14,45.74,36.85,43.63,47.67,51.78,53.68,55.01,47.71,54.94,56.22,45.52,47.41,47.31,46.16,47.12,43.82,49.17,48.5,22.09,55.35,4.85,224.07,24.42,71.69,66.6,60.61,12.3,109.02,86.13,47.03,37.01,11.86,48.64,55.0,11.84,17.16,69.97,15.76,1624.95,23.13,39.1,429.63,8.42,6.73,14.56,27.03,1.07,16.87,30.26,30.79,6.15,15.83,35.22,52.49,5.81,12.31,112.63,54.85,56.93,16.78,35.14,0.56,12.85,44.51,86.21,32.2,46.34,21.46,65.59,34.99,18.52,142.98,12.26,17.01,1.06,16.26,8.19,7.2,79.8,37.34,14.65,219.73,40.31,15.17,11.85,48.53,4.33,22.19,355.12,0.55,38.18,31.54,45.63,17.54,46.27,10.08,56.06,12.37,176.35,28.29,76.23,70.9,44.03,3.64
2026-10-07 03:00,28.94,34.01,37.28,37.23,50.66,54.16,52.7,55.44,39.1,52.57,52.82,42.48,56.58,46.8,31.18,45.76,36.88,43.65,47.68,51.79,53.69,55.03,47.73,54.97,56.24,45.55,47.44,47.34,46.18,47.14,43.83,49.19,48.52,22.85,39.04,39.38,274.73,70.7,28.08,28.85,29.98,28.47,12.0,14.22,27.86,107.13,30.54,21.04,7.99,1.3,21.05,109.39,7.29,1895.93,4.65,52.79,242.92,0.79,54.68,33.64,12.51,93.73,45.12,14.15,71.14,2.66,97.19,38.98,58.09,7.77,8.68,16.37,46.77,63.0,6.59,12.73,0.66,14.22,40.23,185.09,38.88,4.34,55.25,175.39,0.68,50.83,193.06,75.25,8.41,1.87,6.37,34.02,46.58,84.49,26.34,36.41,248.94,23.88,2.5,1.72,16.2,17.99,6.39,93.91,3.56,5.55,73.0,62.43,7.6,44.15,3.65,120.37,30.74,149.94,36.91,74.0,69.77,44.03,3.65
2026-10-07 03:05,28.96,34.03,37.3,37.25,50.67,54.17,52.72,55.47,39.1,52.59,52.82,42.48,56.59,46.82,31.19,45.78,36.9,43.67,47.69,51.8,53.7,55.04,47.74,54.98,56.27,45.56,47.45,47.34,46.17,47.14,43.83,49.19,48.52,21.4,47.97,51.51,259.53,31.15,64.35,118.05,109.38,15.99,198.99,23.28,33.01,47.2,9.64,26.93,6.01,21.61,58.22,47.65,14.68,1996.9,13.61,13.0,328.85,5.98,71.51,18.15,25.17,4.5,8.99,23.49,38.38,3.41,34.05,47.56,70.89,5.45,10.67,12.3,48.3,76.88,10.32,40.65,0.63,17.35,22.91,118.28,32.21,32.91,17.44,34.93,18.57,10.24,47.56,26.36,30.7,1.46,14.59,29.11,37.94,89.73,32.36,47.2,263.87,28.29,4.1,1.29,35.51,15.39,18.55,283.44,2.9,4.17,41.0,44.02,31.08,51.93,11.66,76.92,39.84,87.43,44.93,74.27,68.45,44.03,3.67
2026-10-07 03:10,28.98,34.05,37.31,37.24,50.66,54.16,52.71,55.45,39.09,52.56,52.83,42.48,56.58,46.82,31.19,45.77,36.9,43.66,47.68,51.79,53.69,55.03,47.74,54.97,56.25,45.56,47.45,47.35,46.18,47.15,43.83,49.2,48.53,19.63,21.77,10.58,299.92,51.77,87.34,55.68,86.69,11.85,228.66,8.31,21.36,78.43,3.45,31.37,9.52,24.83,35.84,34.48,6.72,1846.72,15.01,35.14,343.04,5.0,14.7,6.66,11.53,35.06,0.0,28.58,14.09,3.97,61.09,43.37,64.64,28.96,4.84,19.51,24.48,70.11,13.54,24.79,0.57,15.82,36.01,52.74,31.79,27.51,6.24,0.0,15.81,30.44,128.53,47.3,24.33,2.83,19.8,12.97,35.75,59.5,14.68,21.14,5.42,18.31,1.46,2.05,18.19,6.86,19.22,282.7,2.73,6.61,30.38,31.23,14.66,33.66,7.11,34.3,17.84,202.44,41.14,73.52,69.38,44.03,3.68
2026-10-07 03:15,28.99,34.06,37.32,37.25,50.67,54.17,52.72,55.47,39.1,52.58,52.83,42.49,56.59,46.82,31.2,45.78,36.91,43.67,47.69,51.8,53.7,55.04,47.75,54.98,56.27,45.57,47.45,47.35,46.18,47.15,43.83,49.2,48.53,19.63,46.67,28.51,248.82,30.64,69.41,69.57,37.14,19.43,135.73,16.01,13.1,46.42,12.84,9.45,31.56,14.74,46.09,119.88,8.82,1943.66,20.15,24.18,271.6,11.78,39.58,10.67,15.12,148.45,28.1,47.67,22.56,1.2,142.25,28.99,43.21,8.83,10.38,64.62,42.51,46.86,4.31,30.19,0.85,10.58,12.2,76.0,0.0,64.82,23.24,109.24,13.49,38.47,88.44,110.14,10.42,1.46,15.74,25.55,15.87,77.3,31.48,18.61,161.88,11.23,2.82,6.8,38.74,13.51,16.81,451.4,1.21,21.91,49.82,19.3,18.32,22.96,8.66,49.42,15.71,147.05,35.56,73.28,68.54,44.03,3.69
2026-10-07 03:20,29.01,34.07,37.34,37.26,50.67,54.16,52.72,55.47,39.1,52.59,52.83,42.48,56.59,46.83,31.21,45.79,36.91,43.67,47.69,51.8,53.7,55.04,47.75,54.98,56.27,45.57,47.46,47.35,46.18,47.15,43.83,49.2,48.53,19.94,23.55,39.32,289.35,39.15,44.53,40.34,98.58,16.86,95.49,35.38,23.39,59.32,16.9,29.06,27.22,10.37,41.3,82.35,13.19,1661.85,10.81,22.31,165.01,8.49,54.59,18.54,22.62,145.25,36.13,39.62,39.21,3.68,71.7,43.76,65.22,29.44,5.24,55.74,29.52,70.73,5.33,14.65,0.87,15.96,32.43,73.29,25.32,46.7,30.58,140.46,4.97,45.37,81.61,55.52,27.67,2.42,10.1,30.99,30.99,55.2,15.88,28.09,164.39,20.05,6.23,5.87,2.28,16.38,25.34,220.46,2.37,18.9,43.22,24.32,10.62,0.0,4.2,47.66,23.72,71.1,37.08,73.46,68.41,44.03,3.71
2026-10-07 03:25,29.01,34.08,37.35,37.24,50.66,54.16,52.7,55.45,39.1,52.58,52.82,42.48,56.58,46.81,31.18,45.77,36.89,43.65,47.69,51.79,53.69,55.03,47.73,54.96,56.25,45.56,47.44,47.34,46.18,47.14,43.83,49.19,48.52,19.82,32.63,89.87,270.82,39.85,93.88,53.28,99.75,1.89,98.45,38.74,7.57,60.38,2.75,28.71,43.22,10.69,45.65,49.62,6.26,1691.59,11.6,42.21,160.25,9.97,124.78,24.11,10.73,60.62,3.82,48.31,50.99,3.63,101.82,54.72,81.56,1.78,7.26,88.5,35.54,88.45,15.06,16.58,1.14,19.96,28.32,108.24,8.03,54.88,4.98,14.85,32.32,14.91,154.38,78.84,27.99,2.62,21.29,43.67,38.9,34.46,22.01,54.59,192.43,6.49,6.82,9.31,6.83,23.09,4.14,302.19,2.98,30.0,4.85,42.94,14.03,15.6,4.76,70.39,46.08,108.29,36.1,73.85,69.55,44.02,3.72
2026-10-07 03:30,29.04,34.11,37.37,37.28,50.67,54.17,52.74,55.48,39.1,52.61,52.85,42.49,56.59,46.85,31.23,45.8,36.93,43.69,47.69,51.8,53.7,55.05,47.76,54.99,56.29,45.58,47.48,47.37,46.2,47.17,43.84,49.22,48.54,16.6,33.02,1.93,206.55,60.03,24.59,46.35,20.44,3.79,155.9,17.22,30.89,90.96,16.75,14.58,37.95,16.93,25.33,80.77,5.27,1436.77,12.81,20.03,266.4,5.56,2.68,24.63,9.03,89.7,38.26,2.52,52.1,1.84,130.94,1.6,2.38,19.82,7.34,77.72,36.68,2.59,4.52,42.15,1.25,0.58,23.28,96.67,19.72,30.59,30.3,148.74,21.25,39.52,73.25,101.39,5.74,0.82,5.58,25.26,33.39,72.91,22.27,18.7,159.12,26.47,3.03,8.18,5.74,13.35,11.16,65.82,2.55,26.35,9.73,31.88,12.21,9.64,12.09,62.87,15.79,46.73,45.51,72.32,68.3,44.02,3.74
2026-10-07 03:35,29.05,34.12,37.39,37.26,50.67,54.17,52.73,55.47,39.1,52.6,52.84,42.49,56.59,46.83,31.21,45.78,36.91,43.68,47.7,51.8,53.7,55.04,47.75,54.98,56.28,45.58,47.47,47.36,46.19,47.16,43.83,49.21,48.54,18.56,0.0,69.2,213.36,44.44,66.2,65.4,51.63,21.81,7.25,42.01,18.51,67.34,16.32,17.65,48.99,0.79,22.87,62.08,13.26,1222.52,30.81,27.37,243.75,4.71,96.08,17.3,22.74,65.99,0.0,6.71,36.58,2.23,89.36,54.52,81.26,5.33,0.0,100.33,10.01,88.13,8.07,23.75,1.41,19.89,33.84,60.5,25.23,25.9,29.53,0.0,6.09,31.83,100.1,69.19,14.49,0.71,15.01,19.2,61.68,48.9,0.0,38.07,143.34,15.86,7.4,10.56,18.89,10.15,6.29,125.18,4.72,34.01,55.91,2.79,17.22,28.46,6.81,39.34,32.14,72.48,46.3,72.81,68.18,44.02,3.75
2026-10-07 03:40,29.07,34.14,37.4,37.29,50.68,54.19,52.76,55.5,39.1,52.62,52.87,42.51,56.61,46.86,31.24,45.81,36.95,43.71,47.71,51.81,53.72,55.06,47.78,55.01,56.31,45.6,47.49,47.38,46.21,47.19,43.85,49.24,48.56,18.87,29.64,40.36,262.72,32.74,58.61,25.6,63.09,17.07,49.17,26.17,11.66,49.62,12.54,28.47,51.86,5.34,23.0,98.34,8.4,941.81,32.01,32.87,144.82,4.87,56.04,18.56,14.4,73.89,23.09,51.5,39.24,3.6,125.69,30.93,46.1,16.73,6.59,106.19,32.27,50.0,12.45,10.1,1.64,11.28,16.31,60.5,21.29,26.8,22.69,89.76,14.99,7.77,120.23,97.32,17.71,2.46,13.29,6.98,37.71,66.34,19.99,30.4,98.74,9.99,4.61,11.18,24.54,3.69,0.0,155.95,2.88,36.0,43.77,26.98,6.74,2.69,2.9,39.34,25.66,125.71,33.17,70.57,66.86,44.02,3.76
2026-10-07 03:45,29.08,34.15,37.42,37.26,50.67,54.16,52.73,55.48,39.1,52.6,52.83,42.49,56.59,46.83,31.21,45.79,36.92,43.68,47.69,51.8,53.7,55.04,47.75,54.98,56.28,45.57,47.46,47.35,46.18,47.15,43.83,49.2,48.53,17.86,45.12,13.7,249.69,26.04,60.78,69.19,23.56,12.56,189.9,50.86,16.43,39.46,10.01,12.43,53.29,20.62,24.7,58.52,3.79,727.2,10.73,17.5,244.15,4.78,19.03,2.71,6.51,79.12,11.3,5.22,5.73,1.57,91.01,56.88,84.78,10.83,10.03,109.13,48.27,91.94,15.94,6.92,1.64,20.75,26.13,130.71,21.17,26.28,18.11,43.94,10.71,21.75,64.0,70.47,6.61,1.13,13.78,8.78,6.76,46.24,30.43,49.65,225.91,14.08,8.95,11.49,32.92,4.64,12.61,192.54,0.52,37.0,32.19,48.37,18.22,5.91,1.99,85.0,41.91,166.94,21.72,73.25,68.59,44.01,3.78
2026-10-07 03:50,29.11,34.17,37.44,37.29,50.7,54.2,52.76,55.5,39.1,52.62,52.87,42.51,56.62,46.86,31.24,45.82,36.95,43.71,47.72,51.81,53.73,55.08,47.78,55.01,56.3,45.6,47.49,47.38,46.21,47.19,43.84,49.24,48.56,19.69,28.93,42.67,250.7,48.25,21.46,29.42,36.06,10.88,112.08,24.26,10.91,73.11,13.01,22.18,29.72,12.17,30.33,46.7,6.64,614.29,14.56,30.14,194.45,5.75,59.24,18.02,11.39,55.39,7.62,50.9,38.11,2.81,16.86,12.61,18.79,11.86,6.43,60.85,29.04,20.38,8.16,12.34,1.62,4.6,34.67,8.41,20.75,31.63,23.54,29.61,15.62,22.74,110.24,13.05,10.12,1.07,4.87,6.27,25.72,12.22,19.52,7.47,133.12,9.35,4.27,6.4,21.0,3.32,15.98,149.08,1.97,20.63,27.9,26.26,7.75,7.59,3.54,5.47,6.3,152.31,24.81,70.43,65.54,44.01,3.79
2026-10-07 03:55,29.12,34.19,37.45,37.31,50.69,54.19,52.76,55.5,39.1,52.64,52.88,42.51,56.61,46.88,31.26,45.82,36.96,43.71,47.71,51.81,53.72,55.07,47.79,55.01,56.31,45.61,47.51,47.39,46.22,47.19,43.85,49.24,48.56,17.04,16.28,17.63,288.48,39.88,63.59,62.49,53.67,15.89,111.37,0.0,21.95,60.42,16.26,23.98,7.5,12.09,32.81,56.48,7.78,416.93,14.24,42.44,274.17,1.93,24.48,18.85,13.35,125.35,16.83,19.33,39.86,3.03,53.69,21.79,32.47,9.89,3.62,15.35,20.09,35.22,10.73,14.05,1.49,7.95,19.98,79.48,26.53,10.62,29.41,65.43,17.49,33.82,155.23,41.57,15.06,1.16,14.42,18.25,5.26,12.15,10.98,32.88,131.73,18.81,0.0,1.62,21.06,9.65,20.46,162.71,0.4,5.2,40.74,42.05,16.45,12.08,4.03,51.69,27.76,56.2,3.66,69.8,66.1,44.01,3.81
2026-10-07 04:00,29.13,34.2,37.47,37.26,50.67,54.17,52.72,55.47,39.1,52.59,52.84,42.49,56.59,46.83,31.21,45.78,36.91,43.68,47.69,51.8,53.7,55.04,47.75,54.98,56.27,45.57,47.46,47.36,46.19,47.16,43.83,49.21,48.54,21.96,21.13,47.39,245.49,12.59,59.38,92.48,22.95,14.78,116.99,0.0,34.16,19.08,8.9,6.67,26.91,12.7,4.03,111.01,5.17,366.99,11.32,22.21,269.93,11.31,65.8,10.16,8.86,94.95,22.67,37.89,21.49,0.84,56.7,49.24,73.39,7.96,4.7,55.1,28.81,79.59,8.92,0.0,1.7,17.96,11.67,84.49,11.05,62.23,16.1,88.11,17.58,32.4,81.24,43.9,6.44,1.82,13.46,16.28,35.13,54.29,14.25,34.36,191.14,29.28,0.0,5.8,28.68,8.61,18.55,110.38,2.69,18.68,37.89,12.29,24.35,23.38,0.0,54.94,29.0,84.84,23.21,72.82,68.41,44.0,3.82
2026-10-07 04:05,29.15,34.22,37.48,37.28,50.68,54.19,52.74,55.49,39.1,52.61,52.86,42.5,56.6,46.85,31.23,45.8,36.93,43.69,47.71,51.81,53.71,55.05,47.77,55.0,56.29,45.59,47.48,47.37,46.2,47.18,43.84,49.23,48.55,16.22,31.84,27.49,283.13,0.0,33.46,99.25,102.57,16.55,109.43,33.36,30.95,0.0,10.08,1.16,13.64,11.88,22.85,3.42,2.45,331.01,31.66,11.39,101.15,6.39,38.17,22.05,4.2,13.46,16.08,44.96,46.64,0.15,11.21,28.56,42.56,14.71,7.08,27.92,33.31,46.16,10.48,21.36,1.93,10.42,42.21,16.94,16.63,35.18,18.23,62.5,0.0,10.12,41.67,8.68,28.79,1.22,7.59,31.19,19.05,78.36,21.48,54.57,206.47,26.52,5.87,2.94,20.82,16.49,3.02,132.81,1.46,9.47,42.44,46.85,26.14,23.31,6.13,11.02,46.07,131.79,10.67,71.3,67.05,44.0,3.84
2026-10-07 04:10,29.17,34.23,37.5,37.33,50.71,54.22,52.79,55.54,39.1,52.66,52.88,42.52,56.64,46.89,31.28,45.85,36.98,43.74,47.73,51.83,53.74,55.09,47.81,55.03,56.34,45.62,47.52,47.4,46.22,47.2,43.85,49.25,48.56,19.0,13.93,37.74,258.81,4.7,32.74,8.1,4.3,18.51,108.71,11.4,21.45,7.12,13.83,23.59,27.47,11.8,0.0,89.8,0.0,280.71,16.17,5.6,0.0,1.3,52.4,25.74,0.0,58.43,7.82,42.08,54.44,2.99,76.79,37.13,55.34,0.16,3.1,56.26,21.5,60.02,2.32,26.86,1.58,13.54,17.72,63.2,25.54,7.18,25.01,30.41,30.44,25.46,20.49,59.46,1.21,1.64,7.42,12.53,32.75,67.75,9.4,15.5,229.5,18.38,2.01,5.92,12.41,6.63,21.64,367.87,2.51,19.07,47.44,0.41,2.13,23.45,7.71,41.1,13.08,107.46,10.32,69.49,63.81,44.01,3.85
2026-10-07 04:15,29.18,34.25,37.51,37.25,50.65,54.14,52.71,55.45,39.1,52.58,52.84,42.49,56.57,46.82,31.19,45.77,36.9,43.66,47.68,51.79,53.68,55.01,47.73,54.96,56.25,45.56,47.45,47.36,46.19,47.17,43.84,49.22,48.54,17.99,35.86,47.99,250.99,40.09,53.04,54.04,65.3,4.1,89.11,24.73,11.67,60.75,9.22,15.48,18.34,9.68,19.37,82.9,6.15,366.81,14.46,26.65,277.33,5.17,66.63,22.61,10.54,66.19,10.67,28.91,47.82,1.96,0.0,28.63,42.68,6.36,7.97,37.55,36.88,46.29,9.82,21.69,1.6,10.45,37.82,60.09,5.23,28.47,16.69,41.5,20.35,22.57,97.48,0.0,18.33,0.0,12.03,34.14,14.03,93.73,24.19,29.02,217.66,10.0,4.35,3.95,8.85,18.05,3.51,64.01,1.07,12.73,10.51,45.6,14.23,16.91,6.22,39.07,24.5,198.98,21.68,72.65,70.39,43.99,3.87
2026-10-07 04:20,29.2,34.26,37.53,37.32,50.7,54.2,52.78,55.53,39.1,52.65,52.9,42.52,56.62,46.89,31.27,45.84,36.97,43.74,47.72,51.82,53.73,55.08,47.8,55.02,56.33,45.62,47.52,47.41,46.23,47.21,43.85,49.26,48.58,17.36,20.77,48.3,247.66,56.06,27.36,36.48,13.88,22.04,50.4,18.35,9.26,84.94,9.55,29.49,25.32,5.47,20.16,36.97,3.43,289.7,27.27,24.74,297.92,4.5,67.07,13.24,5.88,72.49,20.59,34.61,28.0,3.73,68.0,6.37,9.49,0.0,4.62,51.86,21.69,10.29,9.74,31.25,1.8,2.32,28.39,0.0,25.22,24.75,17.28,80.03,9.06,11.47,90.49,52.65,3.9,0.9,6.2,24.02,29.59,80.26,14.01,20.72,62.0,7.94,3.23,5.46,3.7,12.7,19.26,0.0,2.26,17.58,56.5,25.37,9.61,29.61,8.96,0.0,17.49,146.72,33.73,68.81,65.16,44.0,3.88
2026-10-07 04:25,29.21,34.27,37.54,37.26,50.66,54.16,52.73,55.47,39.1,52.59,52.84,42.49,56.58,46.83,31.21,45.78,36.91,43.68,47.68,51.79,53.69,55.03,47.75,54.97,56.28,45.57,47.46,47.36,46.19,47.16,43.84,49.21,48.54,18.81,9.75,69.58,255.33,62.27,40.76,41.7,46.77,12.6,69.39,40.71,11.51,94.36,13.26,10.36,22.77,7.54,24.75,69.27,5.93,310.63,31.58,13.64,227.81,8.94,96.6,4.72,10.17,94.05,5.48,28.41,9.98,1.31,69.22,30.42,45.34,17.53,2.17,46.63,19.56,49.17,10.21,26.61,1.77,11.1,28.45,63.04,23.48,49.21,23.98,21.29,12.93,28.76,49.87,53.6,13.13,0.0,9.24,14.16,34.61,69.26,6.58,26.45,269.26,9.86,7.17,4.91,25.54,7.49,16.74,394.62,2.65,15.81,32.3,24.35,10.98,29.04,7.64,41.0,22.33,118.36,26.83,72.37,69.09,43.98,3.9
2026-10-07 04:30,29.21,34.28,37.54,38.03,50.84,54.36,53.13,55.86,39.1,53.07,53.1,42.65,56.83,47.34,31.86,46.22,37.56,44.13,47.86,51.93,53.89,55.28,48.14,55.25,56.71,45.95,47.86,47.63,46.37,47.39,43.92,49.44,48.7,19.82,4.25,64.5,277.48,27.23,63.99,25.12,61.09,17.1,145.38,11.23,30.27,41.26,10.91,36.04,25.26,15.79,16.7,80.86,10.9,411.61,17.01,37.17,0.0,6.76,89.56,19.9,18.7,72.33,6.88,27.37,42.09,4.56,43.9,4.92,7.34,15.97,0.94,51.72,9.38,7.96,3.82,22.65,1.79,1.8,24.07,54.22,16.39,37.2,19.74,26.73,0.42,24.74,135.94,33.99,17.15,0.9,14.51,9.71,23.06,56.03,2.86,32.32,112.67,25.94,1.98,5.44,19.18,5.13,16.06,0.0,1.76,17.53,43.83,22.94,6.62,29.98,6.5,35.26,27.28,167.0,0.0,48.78,43.82,0.0,3.9
2026-10-07 04:35,29.2,34.27,37.53,38.05,50.85,54.37,53.14,55.88,39.1,53.09,53.1,42.65,56.84,47.36,31.88,46.24,37.57,44.14,47.87,51.94,53.9,55.28,48.15,55.26,56.72,45.96,47.87,47.63,46.37,47.39,43.92,49.44,48.7,20.01,16.54,36.49,305.27,76.27,23.79,88.08,63.74,7.4,152.63,25.11,13.06,115.56,4.42,30.87,28.6,16.57,10.97,80.85,10.39,310.27,16.35,19.74,115.59,6.38,50.67,27.48,17.82,49.29,0.0,35.54,58.12,3.91,88.7,11.97,17.84,10.0,3.68,58.57,14.58,19.35,9.86,14.28,1.53,4.37,19.76,66.52,26.69,35.1,8.0,0.0,19.81,34.1,72.2,68.68,17.89,2.41,5.39,26.99,30.16,86.14,11.16,9.8,183.46,11.19,4.42,6.16,14.91,14.27,8.51,244.4,2.31,19.86,18.98,28.38,23.19,48.96,4.1,43.26,8.28,115.43,37.64,48.12,42.53,0.0,3.89
2026-10-07 04:40,29.2,34.27,37.53,38.05,50.84,54.35,53.14,55.87,39.1,53.09,53.11,42.66,56.83,47.36,31.88,46.23,37.57,44.14,47.86,51.93,53.89,55.27,48.14,55.25,56.72,45.97,47.88,47.64,46.38,47.4,43.92,49.45,48.71,19.25,22.32,16.7,256.2,14.32,44.85,2.06,77.1,7.91,88.08,0.0,13.62,21.7,10.89,38.39,25.55,9.56,15.91,28.22,7.9,363.69,10.46,28.33,313.93,12.92,23.18,9.04,13.55,119.87,14.76,22.61,19.12,4.86,51.24,21.94,32.7,19.36,4.96,52.33,24.68,35.47,11.43,35.9,1.65,8.0,15.76,44.58,24.75,71.1,19.71,57.38,6.81,29.48,103.62,39.68,21.64,0.38,10.17,21.16,32.38,26.19,15.06,25.21,84.92,11.68,0.0,5.51,6.25,11.18,9.24,58.62,2.48,17.74,20.28,23.4,0.54,36.29,10.3,28.99,21.28,156.18,15.04,47.47,43.77,0.0,3.89
2026-10-07 04:45,29.19,34.26,37.52,38.02,50.83,54.35,53.11,55.84,39.1,53.06,53.08,42.64,56.81,47.33,31.85,46.21,37.54,44.11,47.85,51.93,53.88,55.26,48.12,55.23,56.69,45.94,47.85,47.61,46.35,47.37,43.91,49.42,48.69,17.67,31.43,52.21,258.09,36.37,52.11,64.86,62.35,29.81,114.38,33.61,25.11,55.1,8.81,30.1,22.11,12.42,28.23,40.55,4.54,348.27,17.3,31.93,348.24,6.92,72.49,17.96,7.78,88.53,11.93,23.82,37.98,3.81,63.93,14.16,21.11,22.18,6.99,45.28,38.34,22.89,7.79,23.02,1.82,5.17,29.56,39.25,26.53,38.1,15.95,46.38,19.14,19.66,116.76,49.5,17.5,1.28,11.82,33.45,38.46,29.54,21.2,40.12,32.58,21.53,5.92,4.77,19.78,17.69,28.74,224.81,2.94,15.35,76.41,29.65,17.08,17.9,6.6,25.53,33.87,76.74,18.37,50.55,45.56,0.0,3.88
2026-10-07 04:50,29.19,34.25,37.52,38.03,50.84,54.36,53.12,55.86,39.1,53.07,53.09,42.65,56.82,47.34,31.86,46.22,37.55,44.13,47.86,51.93,53.89,55.27,48.13,55.24,56.7,45.95,47.86,47.62,46.36,47.38,43.92,49.43,48.7,18.87,14.39,2.77,233.62,47.01,57.81,56.6,100.05,13.74,167.84,31.17,19.39,71.23,14.57,7.2,28.64,18.23,18.4,77.56,10.88,339.46,14.85,45.73,184.54,8.46,3.84,18.9,18.67,49.34,6.25,39.08,39.97,0.91,0.0,10.39,15.48,14.54,3.2,58.65,23.73,16.79,13.74,21.24,2.01,3.79,15.03,21.57,19.87,46.53,26.36,24.29,12.02,32.59,167.26,0.0,28.08,0.4,13.11,12.83,6.73,38.47,9.7,30.04,237.94,16.62,5.49,6.17,19.04,6.78,9.84,281.6,0.51,19.88,35.21,0.0,14.9,10.98,6.09,14.03,25.36,142.82,47.26,49.07,43.96,0.0,3.88
2026-10-07 04:55,29.18,34.25,37.51,38.02,50.83,54.34,53.11,55.84,39.1,53.07,53.08,42.64,56.81,47.33,31.85,46.21,37.54,44.11,47.85,51.92,53.88,55.25,48.12,55.23,56.69,45.94,47.85,47.62,46.36,47.37,43.92,49.42,48.69,22.34,35.27,41.55,256.93,43.42,29.97,76.69,84.39,12.51,147.78,68.46,17.71,65.79,10.64,28.22,14.64,16.05,44.85,7.59,3.76,277.95,6.87,17.67,209.52,3.25,57.68,28.03,6.44,75.61,18.05,0.0,59.28,3.57,5.95,31.52,46.98,15.32,7.84,29.99,40.97,50.95,12.43,15.67,2.03,11.5,20.62,33.8,16.83,17.9,19.26,70.15,25.8,21.5,64.63,4.61,23.68,2.73,6.8,13.81,15.86,36.22,23.79,26.61,116.89,15.18,12.05,3.16,16.72,7.3,14.19,275.64,1.21,10.17,32.06,20.49,20.2,22.43,4.5,21.98,22.46,154.5,24.51,50.03,45.99,0.0,3.87
2026-10-07 05:00,29.17,34.24,37.51,37.99,50.82,54.33,53.09,55.82,39.1,53.04,53.07,42.63,56.8,47.3,31.83,46.19,37.52,44.09,47.84,51.92,53.87,55.24,48.1,55.22,56.67,45.92,47.83,47.6,46.35,47.36,43.91,49.41,48.68,26.7,33.95,45.14,227.25,78.62,88.14,83.84,21.61,27.27,111.83,0.0,32.27,119.13,8.3,23.43,26.63,12.14,18.18,80.39,2.91,319.45,18.76,21.72,315.67,4.68,62.68,10.37,4.99,26.51,38.72,58.91,21.92,2.96,79.57,51.57,76.86,10.37,7.55,54.53,33.27,83.36,1.85,28.3,1.9,18.81,18.53,48.15,19.33,25.74,15.02,150.5,17.89,32.43,79.45,61.61,6.06,1.79,19.99,38.76,18.99,35.57,22.9,45.99,300.6,27.66,0.0,5.74,17.01,20.49,20.57,37.36,1.45,18.49,69.91,62.04,22.08,34.35,8.12,31.31,38.82,183.17,20.47,51.89,47.26,0.0,3.87
2026-10-07 05:05,29.17,34.24,37.5,38.02,50.83,54.34,53.12,55.85,39.1,53.06,53.1,42.65,56.81,47.33,31.85,46.21,37.54,44.12,47.85,51.92,53.88,55.25,48.12,55.23,56.69,45.94,47.86,47.63,46.36,47.38,43.92,49.43,48.7,25.12,42.14,56.93,239.7,27.15,66.8,52.65,113.81,21.7,85.63,75.77,36.51,41.14,5.65,45.58,17.02,9.3,15.97,96.42,3.46,357.63,8.12,19.48,82.99,10.57,79.05,22.03,5.93,92.72,0.0,30.47,46.58,5.77,65.16,33.66,50.18,20.43,9.37,34.86,42.6,54.42,7.52,26.13,1.94,12.28,0.13,127.22,27.89,58.16,10.21,0.0,39.8,17.09,71.25,50.45,31.94,0.25,15.15,27.82,9.14,69.73,28.43,16.84,135.47,31.29,13.34,3.67,31.03,14.71,9.32,61.97,0.7,11.82,55.63,50.29,13.86,40.96,7.5,82.74,14.22,152.6,23.36,49.49,45.92,0.0,3.86
2026-10-07 05:10,29.17,34.23,37.5,38.03,50.84,54.37,53.12,55.85,39.1,53.06,53.08,42.64,56.83,47.33,31.86,46.22,37.55,44.12,47.86,51.93,53.9,55.28,48.13,55.25,56.7,45.94,47.85,47.62,46.36,47.37,43.92,49.42,48.69,29.85,32.15,33.79,281.39,22.86,39.28,51.54,35.97,16.21,140.22,41.37,32.03,34.63,9.62,12.37,25.28,15.23,29.41,90.59,6.58,310.63,15.33,19.48,364.68,13.61,46.91,6.21,11.29,34.4,24.75,36.44,13.12,1.56,75.54,0.0,0.0,10.63,7.15,51.77,34.21,0.0,4.78,8.75,1.6,0.0,35.88,125.79,5.08,74.92,17.41,96.2,20.75,33.13,71.25,58.49,10.09,2.15,8.91,23.54,34.41,61.63,21.69,28.53,192.83,27.46,7.29,5.45,14.83,12.45,18.75,221.53,2.63,17.55,41.55,17.69,13.57,10.03,2.51,81.8,24.08,28.77,15.36,49.98,43.4,0.0,3.86
2026-10-07 05:15,29.15,34.22,37.49,37.98,50.8,54.32,53.07,55.8,39.1,53.01,53.05,42.62,56.78,47.29,31.81,46.17,37.5,44.07,47.82,51.91,53.85,55.22,48.08,55.2,56.65,45.91,47.81,47.59,46.33,47.35,43.9,49.4,48.67,36.54,31.19,36.99,222.19,81.3,0.0,99.41,67.47,22.72,77.26,98.61,24.55,123.18,17.18,34.56,46.4,8.39,23.11,80.48,9.93,352.31,16.83,50.69,136.22,17.62,51.36,10.56,17.03,0.3,39.17,34.63,22.32,4.37,84.73,32.08,47.82,25.39,6.94,95.02,31.95,51.86,8.69,39.99,1.89,11.7,40.38,84.24,50.82,96.94,31.09,152.26,21.56,32.12,185.39,65.6,18.94,0.0,0.0,21.62,24.19,94.48,21.04,44.18,102.5,21.04,17.36,10.0,20.89,11.43,19.47,178.45,1.85,32.21,58.24,24.42,26.18,35.41,11.47,54.78,37.3,115.68,46.46,53.45,49.67,0.0,3.85
2026-10-07 05:20,29.14,34.22,37.48,38.0,50.82,54.33,53.1,55.83,39.1,53.04,53.05,42.62,56.8,47.31,31.83,46.19,37.53,44.1,47.84,51.92,53.87,55.25,48.11,55.22,56.68,45.93,47.82,47.59,46.34,47.35,43.9,49.39,48.67,30.99,53.66,33.67,208.58,94.88,63.39,67.58,96.89,12.88,256.64,38.29,32.54,143.77,9.7,21.85,11.97,27.87,28.28,78.76,6.84,433.64,18.47,36.77,269.96,4.71,46.74,13.82,11.74,108.17,45.61,22.08,29.23,2.77,136.53,39.88,59.43,26.29,11.93,24.51,52.79,64.46,14.45,44.76,1.9,14.55,46.51,189.81,31.79,25.9,17.54,177.31,45.3,28.88,134.47,105.72,27.19,0.85,14.37,10.96,23.39,74.79,36.19,45.4,54.2,27.89,6.74,2.58,30.74,5.8,31.4,125.95,1.79,8.31,33.02,30.78,17.8,32.21,12.84,123.44,38.33,119.07,15.74,52.71,47.6,0.0,3.85
2026-10-07 05:25,29.14,34.21,37.48,37.98,50.81,54.32,53.07,55.81,39.1,53.02,53.05,42.62,56.78,47.29,31.81,46.17,37.5,44.07,47.83,51.91,53.85,55.22,48.09,55.2,56.65,45.91,47.81,47.59,46.33,47.34,43.91,49.39,48.67,42.35,10.91,72.63,245.2,53.66,30.81,128.68,58.66,21.01,258.79,57.57,41.08,81.3,25.84,25.36,49.21,28.1,41.08,66.87,16.97,458.61,5.28,45.69,94.68,7.75,100.85,19.22,29.1,54.99,0.0,34.5,40.64,3.21,165.56,72.39,107.9,23.85,2.43,100.77,17.12,117.02,10.36,24.92,1.87,26.41,56.67,121.56,27.04,42.63,46.74,0.0,20.72,37.02,167.1,128.19,16.46,1.44,6.99,41.22,23.22,48.56,7.36,46.33,91.46,35.21,10.14,10.61,17.01,21.79,34.05,281.13,1.78,34.16,53.87,15.35,33.88,44.41,7.15,79.06,39.11,122.09,38.39,53.36,49.2,0.0,3.84
2026-10-07 05:30,29.13,34.2,37.47,37.93,50.78,54.29,53.03,55.76,39.1,52.96,53.03,42.6,56.75,47.24,31.76,46.13,37.45,44.02,47.8,51.89,53.83,55.19,48.04,55.16,56.6,45.87,47.77,47.56,46.31,47.32,43.89,49.37,48.65,47.71,61.64,16.14,229.71,100.4,76.35,174.65,0.0,30.89,184.64,79.9,0.0,152.12,11.75,47.07,32.08,20.05,17.84,39.46,28.05,478.07,15.86,54.58,206.28,12.86,22.4,11.5,48.11,139.27,28.37,34.23,24.31,5.96,106.61,47.17,70.31,15.76,13.71,65.7,61.18,76.26,17.87,78.92,1.58,17.21,22.89,145.39,14.96,70.8,21.26,110.28,64.8,19.76,199.63,82.55,0.0,4.35,17.31,2.69,57.35,74.25,41.58,57.49,64.5,0.0,14.07,6.91,30.51,1.42,37.46,33.01,4.39,22.27,79.18,56.49,45.99,57.59,22.64,94.55,48.53,164.71,69.76,56.55,53.07,0.0,3.84
2026-10-07 05:35,29.11,34.19,37.46,37.91,50.77,54.27,53.01,55.75,39.1,52.96,52.99,42.58,56.74,47.22,31.74,46.11,37.43,44.01,47.79,51.88,53.81,55.17,48.02,55.14,56.59,45.85,47.74,47.52,46.29,47.28,43.88,49.33,48.62,57.06,62.52,42.61,241.73,166.18,266.15,188.54,51.37,20.56,18.89,79.43,0.52,251.8,27.74,33.36,24.87,2.05,53.84,81.46,17.61,459.52,5.12,69.28,221.5,17.31,59.16,30.98,30.2,89.1,15.24,23.93,65.52,4.22,84.33,22.97,34.23,0.0,13.9,50.92,59.76,37.12,13.9,112.64,1.65,8.38,27.37,315.48,23.32,95.25,50.18,59.22,35.9,25.12,253.38,65.3,14.42,2.01,60.35,33.56,59.71,76.32,42.17,94.54,242.31,0.45,13.99,5.36,1.45,17.74,41.45,341.36,4.57,17.26,52.71,91.58,49.65,23.95,32.32,205.16,79.81,279.19,87.43,59.13,55.07,0.0,3.83
2026-10-07 05:40,29.09,34.17,37.44,37.81,50.7,54.2,52.91,55.65,39.09,52.84,52.91,42.53,56.67,47.12,31.63,46.02,37.33,43.91,47.72,51.84,53.74,55.1,47.94,55.07,56.48,45.77,47.65,47.45,46.23,47.22,43.85,49.26,48.57,65.01,24.46,130.19,228.12,60.73,124.01,192.81,102.35,79.05,11.13,108.9,10.8,92.03,28.72,50.11,84.76,1.21,99.56,88.38,18.6,483.76,20.28,96.18,227.38,34.11,180.76,64.11,31.9,108.9,40.73,33.13,135.58,6.34,176.9,31.29,46.64,28.65,5.44,173.56,30.75,50.58,43.46,80.37,1.6,11.41,30.62,225.12,49.28,187.71,51.95,158.34,97.39,57.57,351.75,136.97,28.73,4.54,28.12,47.67,54.62,55.74,16.5,0.0,139.78,9.25,19.18,18.27,82.92,25.2,27.12,218.45,4.18,58.84,202.64,95.18,50.77,146.22,23.06,146.4,0.0,265.66,87.83,65.89,62.99,0.0,3.83
2026-10-07 05:45,29.07,34.15,37.43,37.8,50.7,54.2,52.91,55.64,39.1,52.84,52.88,42.52,56.66,47.11,31.62,46.01,37.32,43.9,47.72,51.83,53.74,55.1,47.92,55.06,56.48,45.76,47.63,47.43,46.21,47.19,43.85,49.23,48.55,80.53,84.31,63.98,234.06,257.5,205.01,58.41,209.78,0.0,413.41,182.01,71.9,390.17,23.85,29.66,25.48,44.89,111.33,119.92,0.0,490.55,25.19,65.29,458.93,20.92,88.84,59.71,0.0,133.59,42.67,36.5,126.27,3.75,112.73,66.55,99.2,99.01,18.75,52.19,74.25,107.58,30.77,82.68,1.55,24.28,104.86,132.56,68.53,115.12,43.15,165.87,45.96,57.74,238.78,87.29,58.88,2.01,46.49,24.45,48.37,59.71,56.87,103.91,118.18,61.63,32.05,5.49,110.91,12.93,40.8,300.71,3.7,17.69,0.0,138.87,15.38,170.31,23.72,86.2,87.73,284.9,161.01,67.3,63.25,0.0,3.82
2026-10-07 05:50,29.06,34.15,37.42,37.87,50.75,54.25,52.98,55.71,39.1,52.91,52.92,42.55,56.71,47.18,31.69,46.08,37.39,43.97,47.77,51.86,53.79,55.15,47.99,55.12,56.55,45.81,47.68,47.47,46.24,47.23,43.86,49.27,48.58,104.14,76.34,85.01,267.49,83.54,287.73,26.83,145.65,58.16,177.65,100.5,63.76,126.58,34.69,38.46,14.62,19.29,73.52,129.94,32.48,635.59,29.98,125.13,117.23,24.97,118.02,101.67,55.71,65.22,72.47,48.55,215.0,4.87,10.71,0.0,0.0,51.61,16.98,29.93,69.62,0.0,46.08,116.95,1.35,0.0,85.42,406.61,81.98,137.42,62.76,281.71,74.25,89.43,457.64,8.29,40.88,3.25,65.25,48.76,47.35,48.59,51.49,29.91,50.35,54.65,17.7,3.15,85.2,25.78,0.0,214.6,3.62,10.15,149.1,114.48,7.07,140.63,33.56,264.43,25.25,349.01,89.43,63.6,58.07,0.0,3.81
2026-10-07 05:55,29.04,34.13,37.41,37.73,50.66,54.15,52.84,55.57,39.1,52.78,52.82,42.48,56.61,47.04,31.55,45.94,37.25,43.83,47.68,51.8,53.7,55.04,47.86,55.0,56.41,45.7,47.56,47.37,46.17,47.13,43.82,49.17,48.51,206.38,117.06,190.58,214.52,31.02,109.2,180.47,160.32,21.75,219.88,141.85,92.53,47.0,26.87,71.23,32.15,23.88,173.26,33.38,32.51,734.17,11.51,145.0,293.67,48.52,264.6,25.37,55.76,136.3,17.77,61.89,53.66,9.01,308.73,155.06,231.12,59.22,26.03,65.83,98.31,250.65,51.88,189.28,1.2,56.57,95.58,183.37,62.47,267.02,48.6,69.07,43.99,40.36,530.31,239.05,44.99,5.56,24.76,91.37,136.01,71.99,78.96,163.03,91.63,79.31,24.98,6.93,63.65,48.3,55.64,379.42,10.41,22.32,55.76,132.05,47.52,147.07,54.31,119.25,137.63,99.56,155.65,72.33,68.33,0.0,3.8
2026-10-07 06:00,28.99,34.1,37.38,37.63,50.62,54.11,52.74,55.48,39.1,52.66,52.77,42.44,56.55,46.94,31.44,45.86,37.15,43.73,47.64,51.77,53.65,54.98,47.78,54.94,56.31,45.62,47.48,47.31,46.13,47.09,43.8,49.13,48.47,370.29,166.29,161.36,239.12,195.01,241.03,330.98,254.73,57.55,354.17,206.84,28.76,295.48,38.9,116.62,52.93,38.46,56.98,60.35,37.03,698.74,18.19,99.43,404.15,67.57,224.04,62.1,63.51,33.45,108.34,29.82,131.33,14.76,0.0,0.0,0.0,55.96,36.98,108.39,145.75,0.0,17.35,36.08,1.45,0.0,238.48,503.07,171.93,371.85,70.37,421.13,158.24,108.43,363.63,0.0,71.49,4.36,54.66,91.22,85.49,102.4,112.17,186.26,221.88,24.65,36.42,11.41,61.65,48.22,121.68,343.67,6.54,36.75,147.54,36.4,87.15,302.84,10.35,327.16,157.24,256.57,105.52,76.84,73.35,0.0,3.8
2026-10-07 06:05,28.93,34.06,37.35,37.53,50.56,54.03,52.66,55.4,39.09,52.56,52.66,42.38,56.49,46.85,31.34,45.77,37.05,43.64,47.58,51.73,53.59,54.92,47.69,54.87,56.22,45.53,47.37,47.21,46.05,46.98,43.76,49.02,48.4,517.66,111.35,178.31,217.99,322.37,559.42,388.09,615.98,70.03,354.43,186.9,69.1,488.46,96.52,125.45,106.41,38.49,66.36,76.91,57.06,718.75,6.98,128.81,266.55,35.15,247.57,20.43,97.87,165.55,0.0,38.52,43.19,15.87,164.33,141.33,210.66,51.21,24.76,217.91,98.57,228.46,10.83,168.85,2.0,51.56,242.31,601.1,71.19,193.45,174.61,0.0,109.68,124.43,471.09,127.24,172.88,7.5,126.85,61.96,125.23,122.53,75.11,157.09,285.75,59.23,32.91,22.93,131.09,32.75,95.81,246.38,9.58,73.88,179.53,84.03,102.19,329.35,48.45,390.91,132.62,548.01,205.94,83.92,79.67,0.0,3.79
2026-10-07 06:10,28.96,34.07,37.36,37.68,50.65,54.14,52.79,55.52,39.1,52.73,52.79,42.46,56.59,46.99,31.49,45.9,37.2,43.78,47.67,51.79,53.68,55.03,47.82,54.99,56.36,45.66,47.52,47.34,46.14,47.11,43.81,49.15,48.49,636.95,102.04,275.71,225.37,183.02,291.02,328.86,224.06,31.17,339.93,87.89,26.99,277.31,91.86,121.25,61.23,36.91,105.07,83.07,63.39,574.08,19.21,37.63,478.28,55.02,382.8,201.0,108.72,88.97,95.76,15.04,425.05,15.34,212.07,106.04,158.05,118.63,22.69,125.39,93.85,171.41,14.14,171.16,1.46,38.68,47.72,54.3,111.74,302.75,166.18,372.23,92.51,53.32,137.62,164.2,62.88,7.04,65.99,74.91,160.34,90.7,68.83,285.7,337.81,23.13,15.48,13.2,26.21,39.6,122.74,0.0,12.27,42.51,79.92,166.49,86.6,86.58,49.11,35.31,241.19,249.94,34.33,75.09,70.22,0.0,3.78
2026-10-07 06:15,28.93,34.06,37.35,37.66,50.63,54.11,52.78,55.52,39.1,52.7,52.77,42.45,56.57,46.98,31.47,45.89,37.18,43.77,47.65,51.78,53.66,55.01,47.81,54.96,56.34,45.64,47.5,47.32,46.13,47.08,43.8,49.12,48.47,1087.27,150.23,46.2,194.83,313.97,299.05,209.48,512.67,96.32,402.33,315.23,21.03,475.73,19.12,40.9,166.15,43.69,182.15,83.63,14.61,596.11,10.3,115.87,507.9,57.52,64.15,52.31,25.06,147.28,40.71,31.6,110.62,5.18,77.75,82.06,122.32,170.88,33.41,340.25,133.8,132.66,43.67,221.02,1.54,29.94,228.17,257.32,125.9,316.51,34.59,158.26,155.66,95.11,423.74,60.2,143.88,2.73,67.81,11.94,46.05,71.55,101.33,128.54,44.02,18.02,55.51,35.81,32.82,6.31,96.79,145.74,3.52,115.35,246.93,75.63,55.16,92.7,63.42,167.34,108.52,382.06,70.01,76.48,72.19,0.0,3.77
2026-10-07 06:20,28.85,34.01,37.31,37.33,50.45,53.91,52.46,55.2,39.1,52.38,52.5,42.29,56.35,46.65,31.13,45.59,36.86,43.45,47.47,51.65,53.46,54.77,47.51,54.71,56.02,45.38,47.19,47.06,45.94,46.84,43.71,48.87,48.29,1268.97,43.53,277.87,233.62,145.41,329.98,441.52,576.41,155.34,389.51,254.06,30.16,220.32,46.69,44.6,64.5,42.29,36.39,132.73,65.27,591.34,29.98,76.98,358.22,46.11,385.8,175.42,111.93,72.45,80.74,38.55,370.96,5.64,344.96,148.04,220.66,107.26,9.68,132.08,41.86,239.31,19.72,113.92,1.51,54.01,214.54,408.05,109.82,253.73,84.46,313.84,109.98,120.32,281.55,267.1,161.77,10.46,74.83,91.07,160.92,153.11,29.36,83.72,394.12,25.85,44.74,13.9,129.05,48.14,113.75,196.06,12.31,44.78,398.23,144.26,116.26,392.99,32.69,265.36,70.68,326.09,244.76,93.18,90.25,0.0,3.76
2026-10-07 06:25,28.85,34.02,37.3,37.46,50.53,54.0,52.59,55.32,39.1,52.51,52.58,42.33,56.44,46.78,31.26,45.71,36.98,43.57,47.54,51.7,53.55,54.87,47.62,54.81,56.15,45.47,47.29,47.14,46.0,46.91,43.73,48.94,48.33,1251.87,289.89,242.48,240.86,42.12,598.13,282.92,265.01,153.47,279.83,262.08,137.46,63.82,122.04,149.6,171.46,30.38,41.55,69.42,31.84,644.03,10.99,175.88,457.88,49.14,336.66,72.77,54.61,58.92,46.14,42.24,153.89,18.93,62.81,85.57,127.55,130.59,64.46,351.12,244.69,138.33,65.74,257.37,1.82,31.22,168.01,275.9,132.51,270.44,220.77,179.35,104.49,130.84,643.24,48.63,74.38,6.53,135.63,137.79,205.71,121.39,195.54,0.0,258.27,117.82,46.15,36.95,141.92,72.84,73.6,186.75,15.74,119.04,393.42,202.33,74.5,239.04,73.85,179.42,0.0,614.55,223.68,88.63,83.5,0.0,3.75
2026-10-07 06:30,28.84,34.01,37.3,37.48,50.54,54.01,52.6,55.34,39.1,52.54,52.61,42.35,56.45,46.8,31.29,45.72,37.01,43.59,47.56,51.71,53.56,54.88,47.64,54.82,56.17,45.5,47.33,47.17,46.01,46.94,43.74,48.97,48.36,1538.85,134.83,168.12,188.46,87.94,540.04,157.12,371.31,158.08,62.4,196.21,126.34,133.25,62.28,29.07,34.31,6.78,209.71,84.47,59.09,506.52,29.34,85.29,189.55,73.25,233.42,155.71,101.35,154.21,131.85,51.3,329.27,3.68,165.89,136.71,203.76,149.85,29.98,70.26,122.52,220.98,23.61,225.56,1.68,49.87,61.04,73.99,197.52,403.08,112.66,512.52,167.45,157.02,311.92,128.45,104.21,3.96,122.46,186.51,195.83,58.38,90.95,126.2,324.25,108.29,34.55,7.39,156.99,98.6,73.88,267.33,14.98,23.82,405.24,36.59,41.37,272.26,64.72,48.12,106.54,452.75,140.12,87.1,81.83,0.0,3.74
2026-10-07 06:35,28.73,33.96,37.26,37.35,50.46,53.93,52.48,55.22,39.09,52.39,52.54,42.3,56.36,46.67,31.16,45.61,36.88,43.46,47.48,51.66,53.48,54.78,47.53,54.72,56.04,45.4,47.22,47.09,45.95,46.88,43.72,48.91,48.32,2374.6,159.99,245.06,198.3,205.36,190.4,249.63,765.58,84.07,262.62,276.88,59.67,311.16,87.85,150.18,173.22,28.52,253.58,96.2,40.18,620.53,13.27,68.94,227.85,67.5,340.24,118.07,68.9,66.62,88.93,38.97,249.69,19.0,235.97,89.69,133.68,173.23,35.58,354.72,141.35,144.98,20.08,50.65,1.55,32.72,244.91,726.6,140.75,371.44,158.92,345.7,92.49,0.0,252.12,182.71,214.86,1.86,43.18,174.25,102.32,66.27,107.92,181.96,200.86,51.14,48.75,37.33,101.65,92.12,230.78,483.71,7.83,120.26,215.5,98.86,65.73,157.31,14.53,472.52,153.61,256.67,104.71,92.19,89.48,0.0,3.73
2026-10-07 06:40,28.72,33.96,37.25,37.46,50.51,53.99,52.57,55.31,39.1,52.51,52.6,42.33,56.42,46.77,31.26,45.7,36.98,43.56,47.53,51.69,53.53,54.85,47.61,54.79,56.13,45.47,47.3,47.15,46.0,46.93,43.74,48.97,48.35,2470.16,134.32,418.4,208.0,232.54,637.81,625.92,232.91,45.63,809.91,204.74,83.02,352.34,76.95,0.0,159.42,87.94,170.19,114.98,38.61,489.82,15.23,97.65,261.72,37.77,580.91,97.62,66.21,86.03,116.04,25.23,206.44,0.0,367.97,80.61,120.14,164.87,29.87,326.47,129.36,130.3,73.86,11.94,1.46,29.4,64.4,474.12,161.57,207.83,139.21,451.06,102.19,69.16,357.11,284.92,65.37,3.72,144.63,62.17,184.7,89.33,90.61,46.61,147.44,71.16,36.05,34.36,114.5,32.87,99.56,319.09,14.13,110.68,116.98,275.59,164.82,128.87,3.43,308.33,39.35,549.92,328.87,88.27,84.08,0.0,3.72
2026-10-07 06:45,28.71,33.94,37.24,37.29,50.42,53.87,52.43,55.17,39.1,52.34,52.45,42.24,56.32,46.61,31.09,45.55,36.81,43.4,47.43,51.63,53.44,54.74,47.48,54.68,55.98,45.34,47.12,47.0,45.89,46.79,43.69,48.82,48.25,2186.08,208.96,115.99,225.08,279.47,367.89,87.13,394.48,20.82,175.5,234.97,56.92,423.45,78.64,153.9,83.35,19.06,193.42,170.34,78.49,517.17,26.65,241.77,475.56,69.76,161.04,83.84,134.6,143.56,113.26,63.52,177.29,19.47,484.83,0.0,0.0,257.98,46.47,170.68,177.35,0.0,3.94,358.11,2.0,0.0,303.09,765.19,100.42,383.86,142.25,440.25,112.04,228.95,884.22,375.4,110.71,6.74,83.42,188.58,166.48,53.61,140.95,138.38,237.47,48.79,41.38,17.96,246.94,99.69,106.68,233.89,12.74,57.86,53.36,168.87,22.94,489.01,102.75,497.62,116.82,320.56,79.6,96.97,93.4,0.0,3.71
2026-10-07 06:50,28.64,33.9,37.21,37.23,50.4,53.86,52.37,55.12,39.09,52.26,52.39,42.22,56.29,46.55,31.01,45.51,36.75,43.35,47.42,51.61,53.41,54.73,47.43,54.66,55.93,45.28,47.06,46.95,45.85,46.74,43.67,48.77,48.21,2720.03,236.44,303.22,217.41,221.84,218.65,316.39,818.04,120.66,540.61,227.59,69.67,336.13,85.84,23.33,113.77,58.7,0.0,111.93,82.49,416.2,26.73,277.23,137.12,50.02,420.99,78.66,141.48,98.77,93.5,60.91,166.34,2.95,587.65,277.53,413.66,72.95,52.58,232.99,208.05,448.62,66.17,295.74,1.77,101.24,261.05,361.08,177.01,275.27,155.29,363.46,118.9,181.0,1013.91,455.01,229.59,5.79,49.58,16.7,95.86,89.59,159.49,53.29,293.13,59.72,40.08,24.52,78.34,8.83,203.89,106.77,7.33,78.99,309.31,125.34,83.31,275.39,84.85,234.82,44.99,347.52,246.89,99.89,94.88,0.0,3.7
2026-10-07 06:55,28.55,33.83,37.14,37.07,50.31,53.75,52.21,54.95,39.09,52.11,52.24,42.12,56.17,46.39,30.86,45.35,36.59,43.18,47.33,51.54,53.31,54.59,47.28,54.5,55.76,45.14,46.92,46.82,45.75,46.6,43.61,48.63,48.1,2829.85,241.77,0.0,202.5,448.24,613.9,666.29,868.19,44.14,794.34,350.25,115.68,679.18,46.88,276.06,169.79,86.25,168.5,187.05,90.47,489.82,19.9,301.82,441.43,62.06,0.0,255.66,155.15,171.81,88.96,26.04,540.64,34.93,265.82,87.52,130.44,124.71,53.76,347.71,214.08,141.47,67.95,205.42,1.49,31.93,226.97,721.72,102.76,341.5,84.81,345.82,219.61,80.92,1103.81,205.82,243.66,12.11,139.21,129.23,378.24,201.23,163.08,88.28,166.24,99.15,61.67,36.59,68.57,68.32,0.0,579.26,28.94,117.88,113.15,243.89,175.45,274.68,58.94,469.35,74.53,547.51,172.97,108.0,102.68,0.0,3.69
2026-10-07 07:00,28.55,33.84,37.15,37.04,50.27,53.69,52.18,54.92,39.09,52.08,52.24,42.11,56.14,46.36,30.82,45.32,36.56,43.15,47.28,51.52,53.27,54.55,47.25,54.47,55.73,45.13,46.9,46.81,45.73,46.6,43.61,48.62,48.1,2988.77,183.91,204.84,292.68,294.14,290.9,538.69,553.46,50.41,857.5,279.66,102.44,445.68,80.41,265.7,157.46,93.11,134.14,69.16,31.86,383.89,38.52,171.73,400.33,29.6,284.41,94.27,54.64,103.34,179.38,48.91,199.34,33.62,197.99,191.54,285.48,252.29,40.9,322.45,159.8,309.61,49.14,143.4,1.66,69.87,237.03,978.18,293.22,162.88,145.47,697.31,229.64,201.88,628.05,153.3,155.33,10.99,65.96,247.75,194.81,128.37,124.06,189.37,319.87,87.8,49.24,33.94,52.11,130.97,291.21,17.91,14.9,109.32,129.23,200.68,141.85,365.86,41.14,636.13,159.87,376.71,115.87,109.04,105.72,0.0,3.67
2026-10-07 07:05,28.48,33.79,37.12,36.97,50.25,53.68,52.12,54.86,39.09,52.0,52.19,42.08,56.11,46.29,30.76,45.27,36.49,43.09,47.26,51.5,53.25,54.51,47.19,54.43,55.66,45.07,46.84,46.75,45.71,46.55,43.59,48.57,48.07,3481.82,205.53,307.58,245.06,645.25,440.3,399.03,569.99,84.93,801.69,472.47,164.08,977.69,109.85,238.88,132.8,87.05,377.66,163.88,37.66,501.57,26.7,122.68,319.05,70.89,427.06,212.19,64.59,95.15,172.58,53.9,448.71,30.23,313.53,71.07,105.93,221.05,45.71,271.94,182.31,114.88,59.55,141.62,1.73,25.93,381.88,221.23,179.02,390.08,198.72,670.86,234.31,161.79,448.65,242.76,159.97,15.23,99.84,220.63,27.84,162.21,138.64,117.4,448.5,140.63,83.2,28.62,155.02,116.64,138.39,365.76,2.13,92.2,217.72,86.96,105.08,333.47,40.63,143.87,99.11,591.46,157.1,111.97,107.05,0.0,3.66
2026-10-07 07:10,28.55,33.82,37.14,37.06,50.29,53.73,52.19,54.93,39.09,52.1,52.27,42.12,56.16,46.38,30.84,45.33,36.58,43.17,47.31,51.53,53.29,54.57,47.25,54.49,55.75,45.15,46.92,46.83,45.75,46.62,43.62,48.65,48.12,3162.84,63.21,247.7,257.8,260.69,146.47,322.09,893.84,26.58,672.76,247.64,189.34,395.0,56.92,113.97,235.66,73.05,276.43,85.65,112.12,508.17,39.91,71.9,391.26,45.58,343.91,167.99,192.28,89.69,199.6,67.35,355.25,14.42,419.08,193.71,288.73,111.0,14.06,482.59,66.37,313.13,46.87,60.17,1.93,70.67,199.35,472.15,169.96,250.84,102.96,775.9,59.94,116.83,262.95,324.49,250.86,14.22,33.21,252.74,324.63,105.3,42.64,288.32,270.28,162.29,43.61,50.79,116.18,133.61,117.54,238.11,24.84,163.61,68.14,174.55,84.81,262.46,17.26,307.05,243.41,259.15,155.58,107.85,103.9,0.0,3.64
2026-10-07 07:15,28.5,33.78,37.1,37.08,50.29,53.72,52.21,54.95,39.09,52.12,52.25,42.12,56.15,46.4,30.87,45.34,36.6,43.19,47.3,51.53,53.28,54.57,47.26,54.49,55.77,45.16,46.93,46.82,45.74,46.6,43.61,48.62,48.09,3103.76,281.05,264.35,266.48,170.4,495.11,262.26,880.56,100.68,840.45,344.25,95.41,258.19,57.07,311.47,164.3,91.26,19.92,22.28,79.96,509.83,28.66,295.54,234.93,15.26,367.03,282.06,137.14,147.8,224.9,51.93,596.47,39.41,0.0,328.4,489.48,230.31,62.5,336.45,247.19,530.85,8.51,216.14,1.76,119.8,56.03,144.29,115.48,83.98,103.24,874.22,244.62,30.89,1080.85,0.0,247.13,10.78,112.27,201.33,195.63,80.91,189.58,392.75,252.07,81.78,60.62,35.41,125.27,106.43,162.94,285.35,14.97,114.07,258.1,102.64,69.06,89.04,62.02,93.83,331.56,433.3,242.72,108.29,104.28,0.0,3.63
2026-10-07 07:20,28.36,33.75,37.07,36.8,50.17,53.59,51.97,54.72,39.09,51.84,52.05,42.0,56.0,46.13,30.55,45.11,36.32,42.93,47.18,51.44,53.16,54.42,47.05,54.32,55.51,44.94,46.69,46.62,45.6,46.42,43.54,48.44,47.96,3989.38,205.5,381.09,256.93,590.19,961.53,479.05,319.73,155.87,0.0,480.81,137.8,894.26,110.09,137.01,154.26,0.0,307.01,97.07,52.44,499.91,57.31,127.46,489.68,55.79,529.11,186.66,89.94,177.03,60.87,18.39,394.73,17.34,361.92,124.97,186.27,242.37,45.7,315.9,182.77,202.01,77.02,219.64,1.68,45.59,293.38,493.07,242.38,307.01,199.16,236.61,147.08,179.42,466.15,280.23,89.73,10.95,218.03,97.11,207.25,68.37,138.62,165.67,330.88,118.11,84.66,33.25,215.19,51.34,72.26,221.07,15.86,107.1,399.58,230.12,126.15,543.93,63.02,320.65,139.86,841.16,47.28,118.94,113.74,0.0,3.62
2026-10-07 07:25,28.35,33.7,37.03,36.97,50.26,53.69,52.13,54.87,39.09,51.98,52.13,42.05,56.12,46.29,30.75,45.27,36.49,43.09,47.28,51.51,53.26,54.53,47.2,54.44,55.67,45.06,46.82,46.71,45.66,46.5,43.57,48.52,48.02,3670.84,238.73,155.79,225.95,477.42,862.96,162.97,1155.6,147.75,419.33,164.37,100.75,723.39,118.29,105.7,245.49,45.53,333.52,73.25,34.21,740.6,30.0,225.84,213.76,115.98,216.3,248.04,58.68,165.17,92.88,48.48,524.53,13.37,331.08,412.14,614.3,0.0,53.09,502.73,213.7,666.22,50.6,143.63,1.45,150.35,240.09,132.8,176.85,638.22,213.99,361.06,349.35,226.57,825.94,256.35,324.32,9.49,195.68,154.24,230.68,83.33,161.03,68.75,239.58,86.35,28.94,52.91,51.93,81.54,253.53,417.72,17.65,170.44,378.78,417.14,42.92,184.95,41.21,86.36,58.04,646.87,399.4,113.63,106.09,0.0,3.6
2026-10-07 07:30,28.28,33.71,37.04,36.95,50.22,53.64,52.1,54.85,39.09,51.99,52.18,42.08,56.08,46.28,30.72,45.23,36.47,43.08,47.23,51.48,53.21,54.47,47.17,54.39,55.65,45.06,46.82,46.74,45.69,46.54,43.59,48.57,48.07,4836.75,244.38,405.73,250.12,352.58,12.32,4.05,725.88,30.23,641.81,445.39,53.14,534.23,113.58,0.0,257.92,69.69,228.56,169.06,73.75,727.93,37.65,156.43,269.82,60.88,563.33,143.29,126.47,161.19,6.71,51.02,303.02,0.0,769.3,151.07,225.17,334.82,54.34,528.18,221.45,244.2,66.23,112.94,1.28,55.11,52.71,805.02,284.75,335.04,205.46,26.09,240.4,141.06,572.09,595.67,203.72,11.65,2.79,199.64,160.14,66.52,164.84,437.6,184.88,45.55,78.43,55.59,180.8,105.54,196.39,432.45,12.25,179.07,77.5,258.31,1.07,387.79,32.4,523.52,369.43,195.02,50.21,112.44,109.45,0.0,3.59
2026-10-07 07:35,28.33,33.72,37.04,36.91,50.2,53.61,52.05,54.79,39.08,51.92,52.13,42.05,56.05,46.23,30.7,45.21,36.44,43.03,47.21,51.47,53.18,54.44,47.13,54.36,55.6,45.02,46.78,46.7,45.66,46.5,43.58,48.52,48.03,4453.52,89.79,252.0,261.85,332.47,316.14,713.68,581.31,121.01,857.25,124.52,122.55,503.77,68.85,158.71,36.57,93.08,217.32,155.76,72.11,776.58,24.29,112.22,20.84,8.76,349.88,312.94,123.68,185.87,191.04,46.93,661.77,20.08,277.43,143.0,213.14,68.71,19.97,74.88,90.03,231.15,88.45,263.21,1.39,52.17,196.65,372.77,133.61,48.2,124.54,742.61,101.45,169.58,410.4,214.81,163.15,9.36,71.69,153.87,161.09,187.95,60.57,272.88,523.13,105.04,21.93,7.88,152.46,81.35,211.88,324.15,12.32,25.39,310.22,304.95,187.93,0.0,75.52,242.42,230.37,366.85,202.74,113.72,111.34,0.0,3.58
2026-10-07 07:40,28.3,33.69,37.01,36.98,50.24,53.68,52.13,54.87,39.09,52.02,52.22,42.09,56.1,46.31,30.75,45.26,36.51,43.1,47.25,51.5,53.24,54.52,47.19,54.44,55.68,45.09,46.87,46.78,45.71,46.58,43.6,48.61,48.09,4288.79,103.18,270.05,287.61,526.73,440.67,227.99,555.15,158.23,1402.71,603.99,147.69,798.1,51.93,119.82,263.6,152.31,253.32,184.2,28.71,780.07,28.55,204.42,431.16,69.7,374.94,36.28,49.24,123.08,128.91,44.91,76.73,15.16,126.88,229.27,341.73,111.57,22.95,539.81,108.61,370.61,73.81,23.07,1.43,83.64,273.57,564.84,227.46,383.53,93.94,501.12,109.17,203.65,747.59,98.24,155.8,4.19,99.92,121.76,292.09,93.43,69.6,283.7,336.34,126.59,106.35,56.81,166.45,64.37,159.59,103.89,22.35,183.01,405.63,156.3,60.04,286.9,6.62,367.33,239.51,529.29,151.22,111.16,107.7,0.0,3.56
2026-10-07 07:45,28.3,33.68,37.0,36.93,50.22,53.64,52.09,54.84,39.09,51.97,52.11,42.04,56.07,46.26,30.71,45.21,36.46,43.06,47.23,51.48,53.21,54.48,47.15,54.4,55.64,45.04,46.79,46.69,45.65,46.48,43.56,48.5,48.0,4038.29,332.05,289.97,241.58,299.41,883.02,221.25,510.89,112.76,1156.73,356.92,75.39,453.66,121.52,135.56,190.71,125.6,347.3,150.91,131.33,971.74,22.35,167.38,102.71,71.95,402.6,56.01,225.23,125.2,13.36,39.8,118.44,17.15,207.11,350.78,522.83,243.63,73.84,390.54,303.49,567.02,61.6,92.5,1.27,127.96,191.65,415.8,0.0,395.95,219.82,51.94,186.84,276.39,612.13,160.36,143.38,12.09,200.23,0.05,101.38,80.66,223.98,356.07,198.8,64.62,62.85,41.1,222.12,0.02,114.5,249.15,7.76,132.4,289.07,262.12,58.26,399.85,26.54,270.4,300.6,646.77,108.4,114.75,109.56,0.0,3.55
2026-10-07 07:50,28.35,33.67,36.99,36.95,50.23,53.65,52.09,54.84,39.08,51.95,52.17,42.05,56.07,46.27,30.74,45.23,36.47,43.07,47.24,51.48,53.22,54.49,47.15,54.41,55.64,45.05,46.82,46.73,45.67,46.53,43.58,48.55,48.05,3430.57,363.69,0.0,254.47,357.57,453.38,433.01,843.2,116.06,563.12,450.87,116.9,541.8,83.57,17.68,196.5,61.15,277.78,50.19,24.56,1306.42,29.29,189.27,586.03,30.94,0.0,177.86,42.12,242.29,107.99,35.44,376.12,2.24,434.45,216.4,322.54,195.4,80.88,402.4,327.27,349.8,34.96,208.14,1.23,78.94,273.91,564.88,111.99,170.25,151.17,419.76,119.3,139.55,692.21,336.39,236.65,5.33,102.81,174.89,69.52,239.03,245.33,86.98,77.0,100.2,79.39,42.35,281.45,92.46,214.09,293.01,5.32,136.42,297.53,427.05,114.02,331.47,59.72,367.36,73.43,657.33,419.6,113.4,109.66,0.0,3.53
2026-10-07 07:55,28.19,33.59,36.93,36.7,50.1,53.49,51.86,54.6,39.08,51.7,51.92,41.92,55.92,46.02,30.46,45.0,36.22,42.82,47.11,51.39,53.07,54.3,46.95,54.21,55.4,44.84,46.57,46.51,45.51,46.31,43.5,48.31,47.87,4548.95,195.2,222.83,214.81,677.84,745.37,548.59,795.3,99.25,1285.52,245.13,59.58,1027.06,29.93,221.32,166.81,139.59,208.97,113.94,24.8,1290.63,49.6,253.05,642.49,31.6,309.38,121.7,42.54,51.76,155.99,77.77,257.36,28.0,274.88,248.03,369.68,255.69,43.41,341.6,189.46,400.93,20.68,130.92,1.11,90.48,153.42,458.9,299.84,173.9,54.14,606.36,170.85,229.01,925.47,212.84,223.2,16.35,169.02,163.68,277.49,232.84,131.67,297.86,207.18,51.07,43.16,35.95,234.11,86.53,113.93,418.16,21.23,115.81,254.44,115.49,144.46,462.39,37.56,298.44,251.46,714.07,100.91,124.23,118.95,0.0,3.52
2026-10-07 08:00,28.21,33.57,36.91,36.72,50.08,53.47,51.88,54.62,39.08,51.73,51.95,41.92,55.92,46.04,30.49,45.03,36.24,42.85,47.08,51.39,53.06,54.28,46.96,54.21,55.42,44.86,46.59,46.53,45.5,46.33,43.5,48.34,47.89,3452.09,276.84,486.35,345.51,145.73,592.03,379.42,1015.11,115.49,1174.25,270.31,64.24,220.81,95.63,151.57,318.23,127.5,241.65,119.88,76.2,1261.81,31.25,335.38,587.45,118.4,675.26,261.69,130.68,150.27,132.09,7.53,553.39,19.18,473.93,171.46,255.56,83.51,61.56,651.67,253.33,277.16,39.4,124.5,1.03,62.55,80.35,1048.19,289.24,651.57,173.0,513.48,40.28,221.52,1226.57,366.96,284.89,8.83,134.25,152.94,0.0,133.48,186.74,149.51,342.17,55.06,47.6,68.58,134.35,80.85,209.28,520.67,0.0,220.93,296.05,61.42,99.91,216.67,35.72,681.66,126.22,513.01,350.39,123.77,119.88,0.0,3.5
2026-10-07 08:05,28.23,33.57,36.9,36.62,50.01,53.39,51.78,54.53,39.08,51.64,51.93,41.92,55.83,45.94,30.37,44.95,36.14,42.74,47.01,51.33,52.99,54.19,46.87,54.11,55.32,44.78,46.52,46.5,45.52,46.32,43.5,48.33,47.89,3525.68,408.29,384.38,299.19,758.78,478.98,648.13,540.48,179.16,854.34,609.2,130.33,1149.71,107.02,117.49,365.49,92.77,190.6,155.54,50.75,1360.03,34.13,84.74,106.92,18.74,533.67,141.04,87.04,91.58,141.21,101.68,298.26,14.87,527.18,159.81,238.2,16.45,90.79,748.45,354.62,258.33,75.58,424.89,0.99,58.3,449.39,604.71,282.52,103.14,193.61,548.94,145.62,66.73,309.93,408.19,151.69,7.73,108.61,124.37,37.49,240.33,275.41,65.83,428.2,111.71,107.27,78.77,114.9,65.75,188.61,434.23,2.87,253.74,459.28,437.03,170.67,348.98,121.91,393.25,55.57,673.4,176.9,125.03,125.26,0.0,3.49
2026-10-07 08:10,28.27,33.58,36.91,36.81,50.13,53.54,51.96,54.7,39.08,51.81,52.03,41.97,55.97,46.13,30.57,45.08,36.33,42.93,47.14,51.42,53.12,54.36,47.02,54.27,55.51,44.93,46.67,46.61,45.57,46.4,43.53,48.42,47.94,3370.92,190.12,456.22,317.58,322.42,702.36,374.35,966.21,183.37,597.59,134.96,105.65,488.54,101.64,0.0,137.22,64.89,276.27,150.59,43.98,1340.57,28.4,6.01,658.5,26.71,633.42,51.95,75.43,149.74,142.68,87.54,109.87,0.0,619.81,269.28,401.37,186.7,42.28,280.99,176.25,435.29,53.44,174.26,1.18,98.24,265.69,653.64,126.31,146.97,183.87,554.62,185.63,166.07,21.96,479.92,271.17,5.99,159.27,67.77,245.01,177.48,128.24,463.08,336.31,90.56,23.77,29.57,152.15,35.83,359.34,293.45,18.74,95.26,470.07,417.61,98.58,416.6,50.0,425.07,390.94,514.44,248.02,119.38,116.31,0.0,3.47
2026-10-07 08:15,28.26,33.57,36.9,36.77,50.11,53.51,51.91,54.65,39.09,51.81,52.03,41.99,55.93,46.09,30.54,45.07,36.29,42.88,47.12,51.39,53.09,54.31,46.98,54.23,55.45,44.91,46.65,46.6,45.59,46.41,43.54,48.42,47.95,3121.88,162.05,408.79,241.58,381.48,1075.31,467.34,634.03,155.81,981.18,237.99,53.77,578.03,131.6,0.0,105.16,106.54,220.59,102.97,85.06,1402.25,26.68,203.27,769.37,113.89,567.57,79.35,145.87,67.89,222.51,77.7,167.8,0.0,194.61,255.99,381.56,220.18,36.04,215.35,146.6,413.81,33.87,215.81,1.21,93.39,286.67,502.75,27.52,626.73,238.07,864.94,194.92,146.31,743.39,150.69,177.94,0.0,243.83,307.67,197.36,148.89,109.31,123.05,430.68,46.08,41.91,22.66,214.4,162.65,0.0,208.95,15.1,73.01,399.43,421.83,123.06,60.05,61.92,326.95,103.88,934.41,194.24,119.32,118.42,0.0,3.46
2026-10-07 08:20,28.25,33.56,36.88,36.9,50.23,53.64,52.06,54.81,39.09,51.94,52.12,42.04,56.07,46.22,30.7,45.22,36.43,43.03,47.24,51.48,53.21,54.45,47.14,54.39,55.6,45.01,46.78,46.7,45.65,46.49,43.57,48.51,48.01,2980.18,267.61,182.4,508.06,343.98,731.05,591.56,307.27,0.0,1290.57,348.89,125.87,521.21,105.35,41.25,229.05,140.13,421.71,156.66,57.44,1245.1,38.29,347.91,670.62,123.84,253.25,151.28,98.51,127.06,122.59,68.29,319.91,5.22,549.76,220.29,328.35,245.9,59.51,469.06,233.25,356.1,1.93,371.63,1.14,80.36,261.03,608.89,29.46,681.51,190.58,476.55,162.49,140.57,1272.39,425.68,86.24,13.45,165.77,91.67,130.85,159.7,180.52,0.0,384.5,107.89,61.43,49.36,119.98,48.46,189.24,57.58,10.01,159.02,0.0,191.13,155.77,233.49,106.63,395.98,0.0,650.08,271.62,114.66,109.87,0.0,3.44
2026-10-07 08:25,28.18,33.5,36.83,36.59,50.04,53.43,51.77,54.51,39.08,51.62,51.91,41.89,55.84,45.92,30.34,44.91,36.12,42.73,47.04,51.34,53.0,54.23,46.85,54.12,55.3,44.77,46.51,46.49,45.48,46.29,43.48,48.31,47.86,3136.83,353.81,186.34,500.25,329.64,597.13,482.34,584.35,220.32,1237.62,241.35,182.2,499.47,100.75,236.92,288.66,134.38,262.68,111.77,110.74,1348.65,67.01,127.37,363.37,112.69,258.71,197.59,189.92,102.08,169.51,69.37,417.84,29.98,0.0,40.31,60.08,114.18,78.68,591.12,305.25,65.16,67.11,275.15,1.36,14.71,123.07,1119.55,271.98,620.13,182.26,658.94,316.38,181.66,465.83,0.0,164.0,11.65,135.4,168.53,165.7,121.07,238.66,359.03,644.35,156.16,42.5,62.21,278.91,89.1,234.35,326.83,12.68,200.4,564.81,362.15,127.01,492.76,78.95,728.07,303.1,483.53,191.44,126.22,124.25,0.0,3.43
2026-10-07 08:30,28.22,33.49,36.83,36.32,49.83,53.2,51.5,54.24,39.08,51.34,51.62,41.71,55.63,45.65,30.07,44.65,35.85,42.46,46.83,51.21,52.8,54.02,46.6,53.9,55.03,44.54,46.21,46.22,45.27,46.03,43.37,48.03,47.65,2336.55,326.4,391.47,570.31,159.83,694.46,474.02,650.73,138.57,479.89,183.2,216.33,242.18,115.34,211.44,335.65,52.11,342.11,47.49,46.54,1331.94,32.78,138.22,427.38,23.24,543.52,56.43,79.82,103.36,151.43,45.36,119.33,26.75,836.97,161.69,241.0,204.99,72.58,687.35,287.54,261.37,57.19,313.34,1.06,58.99,499.59,1191.78,322.05,127.86,208.65,588.63,345.39,229.76,505.51,648.06,182.63,7.35,157.47,180.34,477.45,88.15,220.17,269.52,477.81,185.41,32.26,72.34,250.2,95.33,112.04,469.85,36.53,233.03,355.23,273.31,124.82,417.98,89.9,775.04,227.54,722.25,136.83,138.79,137.09,0.0,3.41
2026-10-07 08:35,28.28,33.52,36.84,36.57,50.01,53.38,51.73,54.48,39.08,51.58,51.86,41.87,55.82,45.89,30.35,44.91,36.09,42.69,47.02,51.33,52.98,54.17,46.83,54.1,55.27,44.73,46.47,46.44,45.46,46.25,43.47,48.26,47.83,2574.17,260.32,191.55,713.75,419.01,695.54,773.26,453.58,208.5,1454.02,567.68,150.16,634.89,69.1,71.27,46.2,157.88,262.89,68.53,99.24,1337.45,7.47,175.59,276.28,32.43,265.96,193.25,170.2,156.68,78.42,43.29,408.67,9.02,323.18,34.66,51.66,40.82,57.89,94.61,246.23,56.02,87.75,329.93,1.09,12.64,445.28,55.41,122.36,178.44,125.01,304.84,187.2,195.95,642.18,250.24,127.3,13.05,157.72,157.14,327.52,231.31,175.59,115.6,495.07,128.71,99.96,9.96,111.82,83.07,224.05,370.18,25.06,32.07,534.49,138.0,203.62,245.02,94.66,36.03,97.6,637.14,183.87,128.24,124.62,0.0,3.4
2026-10-07 08:40,28.19,33.45,36.79,36.57,50.02,53.42,51.76,54.5,39.08,51.57,51.83,41.84,55.84,45.9,30.33,44.89,36.09,42.71,47.03,51.34,53.0,54.24,46.82,54.14,55.29,44.74,46.44,46.41,45.42,46.22,43.45,48.24,47.81,1998.13,97.22,302.72,820.0,506.82,822.04,240.55,644.75,117.54,922.41,124.82,120.88,767.93,95.01,16.26,310.57,100.16,326.19,145.52,0.0,1212.61,39.46,322.25,554.27,73.89,420.3,252.99,0.0,107.66,29.73,85.63,534.99,2.06,620.24,125.09,186.45,223.32,21.62,635.99,89.9,202.21,58.45,345.7,1.11,45.63,447.56,1196.12,273.51,406.6,171.87,115.57,149.62,194.75,1178.54,480.25,180.95,2.42,186.4,202.96,265.66,187.44,65.58,216.78,433.68,103.6,21.98,66.93,178.79,107.29,301.56,166.13,20.32,215.62,301.32,243.5,63.34,602.79,99.19,777.87,183.01,830.71,465.23,128.88,124.54,0.0,3.38
2026-10-07 08:45,28.23,33.45,36.79,36.38,49.88,53.25,51.54,54.29,39.08,51.4,51.71,41.75,55.66,45.7,30.14,44.7,35.9,42.5,46.88,51.24,52.84,54.01,46.63,53.91,55.08,44.58,46.3,46.29,45.33,46.1,43.4,48.11,47.71,2475.34,149.41,174.11,1049.57,629.31,631.31,528.44,620.88,64.95,1458.98,520.1,184.99,953.54,23.07,261.34,362.25,158.42,137.45,36.59,64.7,1153.86,30.31,233.56,0.0,68.31,241.73,51.78,110.95,75.73,134.51,100.58,109.49,33.07,240.5,279.89,417.18,325.47,33.23,741.82,150.93,452.44,58.0,0.0,1.14,102.1,233.96,503.2,207.89,375.89,41.74,522.89,140.32,128.64,854.16,186.22,174.25,18.64,143.16,238.37,278.5,182.55,100.78,367.93,524.22,158.55,91.58,78.07,188.13,126.02,101.11,372.46,21.31,251.5,166.49,186.01,139.15,223.49,0.0,327.24,310.61,584.14,377.3,136.39,132.85,0.0,3.37
2026-10-07 08:50,28.28,33.48,36.81,36.55,49.95,53.33,51.7,54.45,39.09,51.6,51.86,41.86,55.76,45.88,30.31,44.84,36.08,42.66,46.95,51.29,52.92,54.11,46.78,54.03,55.25,44.74,46.47,46.44,45.45,46.25,43.46,48.26,47.82,1791.12,322.02,436.55,941.29,410.45,852.33,615.51,210.82,231.49,515.53,0.0,146.1,621.91,36.11,243.87,210.96,55.98,315.89,118.71,66.67,1017.82,36.63,55.72,451.01,38.86,606.11,193.89,114.33,126.73,67.08,31.06,410.01,30.86,403.78,278.15,414.58,164.78,71.61,432.0,291.46,449.63,51.37,305.36,1.29,101.47,88.04,247.48,342.28,213.86,65.31,260.74,318.84,222.96,203.78,312.64,59.17,7.05,193.27,92.35,247.39,100.06,217.22,432.4,378.77,125.23,0.0,45.46,328.89,48.82,233.08,351.6,18.93,146.46,593.43,431.47,162.08,109.48,87.61,160.94,365.04,763.15,406.67,128.36,128.59,0.0,3.35
2026-10-07 08:55,28.18,33.41,36.76,36.58,49.99,53.37,51.75,54.49,39.08,51.63,51.9,41.88,55.81,45.91,30.33,44.88,36.11,42.71,46.99,51.32,52.96,54.21,46.82,54.11,55.29,44.77,46.5,46.48,45.48,46.29,43.49,48.31,47.87,2269.65,264.45,410.89,1231.22,383.43,386.91,455.54,804.93,113.86,978.63,587.58,123.93,580.98,42.15,301.36,188.12,106.26,26.75,113.37,36.12,1190.94,72.4,106.02,785.93,55.14,570.49,252.45,61.94,164.54,74.3,28.58,533.86,38.13,154.98,203.29,303.01,79.24,58.81,385.23,245.54,328.62,77.61,58.29,1.18,74.16,402.61,708.39,160.4,303.46,76.26,288.83,105.49,210.18,387.75,120.0,225.91,2.32,87.73,175.27,321.16,146.37,178.38,310.57,487.39,106.22,103.46,40.54,160.11,92.66,277.21,434.3,24.57,130.6,291.87,340.32,119.96,695.17,16.73,460.68,262.19,449.09,242.77,126.92,126.05,0.0,3.34
2026-10-07 09:00,28.22,33.4,36.74,36.72,50.1,53.51,51.87,54.62,39.09,51.76,51.95,41.92,55.92,46.05,30.5,45.01,36.25,42.84,47.11,51.39,53.08,54.33,46.94,54.22,55.42,44.86,46.59,46.53,45.52,46.33,43.5,48.34,47.9,1698.21,290.25,259.09,1258.29,674.78,138.17,399.25,167.13,118.32,858.07,293.29,72.84,1022.44,168.06,151.08,194.47,93.17,159.25,149.11,114.34,994.69,51.94,199.57,680.42,69.29,359.73,226.18,196.1,79.3,213.77,25.97,478.3,19.12,703.05,229.86,342.61,264.46,64.54,398.24,252.56,371.56,24.85,312.0,1.28,83.85,70.7,815.48,54.59,381.32,304.03,830.97,245.21,115.23,729.89,544.37,46.91,4.19,31.33,137.86,357.61,119.32,195.78,329.39,207.1,62.43,51.64,41.91,145.12,72.88,105.86,477.42,27.36,135.01,303.32,295.73,105.13,336.6,89.52,530.32,278.08,363.56,417.39,123.74,119.54,0.0,3.32
2026-10-07 09:05,28.13,33.36,36.71,36.44,49.93,53.3,51.62,54.37,39.08,51.47,51.78,41.82,55.72,45.78,30.2,44.77,35.97,42.58,46.93,51.27,52.89,54.11,46.7,54.01,55.15,44.64,46.37,46.35,45.39,46.17,43.43,48.18,47.77,1887.05,373.41,275.25,1295.2,658.38,588.46,489.01,340.55,202.92,666.99,585.37,38.47,997.59,150.97,315.48,326.02,72.42,223.94,130.35,135.84,955.58,56.86,127.89,133.13,87.83,382.16,121.66,232.96,3.29,25.41,17.4,257.28,39.92,584.54,324.52,483.69,244.1,83.04,667.63,321.64,524.58,0.37,237.08,1.15,118.38,474.54,824.95,138.7,483.34,273.11,98.76,335.78,185.28,467.73,452.6,95.58,14.82,133.44,184.75,107.6,249.64,251.88,249.63,349.75,32.97,103.08,70.26,218.16,97.67,260.11,52.06,8.23,226.34,520.2,375.29,128.77,384.32,68.02,536.48,210.74,583.32,326.19,132.99,131.3,0.0,3.31
2026-10-07 09:10,28.16,33.36,36.71,36.53,49.92,53.27,51.67,54.41,39.08,51.53,51.81,41.82,55.73,45.85,30.33,44.84,36.06,42.64,46.93,51.28,52.89,54.07,46.77,53.98,55.21,44.7,46.42,46.4,45.41,46.2,43.44,48.21,47.78,2202.11,119.45,266.5,1420.55,209.38,1084.69,934.65,707.75,99.35,1431.76,431.51,226.04,317.26,123.54,178.29,2.57,155.47,261.73,92.98,92.09,951.54,36.3,57.21,782.11,71.87,370.01,139.56,157.93,321.63,67.5,53.62,295.12,22.56,436.27,191.4,285.28,30.09,26.56,5.25,121.39,309.39,99.42,311.65,1.03,69.82,17.61,627.26,68.11,395.49,223.49,262.38,279.86,160.7,209.24,337.8,198.63,13.88,245.96,72.06,284.64,199.17,80.57,332.56,375.3,193.74,75.98,0.55,150.69,38.09,170.49,866.65,21.78,1.78,254.7,252.52,246.12,38.61,89.42,407.92,280.75,914.82,183.67,130.99,130.64,0.0,3.29
2026-10-07 09:15,28.18,33.4,36.73,36.77,50.13,53.54,51.93,54.67,39.08,51.77,52.08,42.02,55.96,46.09,30.54,45.07,36.29,42.9,47.13,51.41,53.11,54.32,47.0,54.25,55.47,44.92,46.67,46.65,45.63,46.46,43.55,48.48,47.98,2231.65,173.72,374.52,1572.68,97.67,600.74,225.49,341.07,79.43,730.66,392.49,64.35,147.99,115.3,261.69,180.89,79.34,180.88,239.27,20.25,962.01,40.87,260.57,238.16,121.91,519.99,168.53,34.73,50.79,123.16,36.44,356.38,33.11,481.56,224.88,335.18,220.27,38.63,370.43,169.92,363.51,3.4,279.43,0.85,82.03,402.09,233.04,0.0,670.89,208.58,478.75,292.1,81.45,952.95,372.87,95.72,10.1,136.22,120.54,45.09,148.01,117.18,488.1,320.68,55.15,69.11,38.99,180.18,63.72,0.0,354.45,3.45,125.59,203.62,207.58,59.38,134.69,80.18,151.55,412.06,684.25,199.17,118.11,116.32,0.0,3.28
2026-10-07 09:20,28.17,33.35,36.7,36.55,49.97,53.36,51.71,54.46,39.08,51.58,51.87,41.86,55.79,45.87,30.31,44.85,36.07,42.66,46.98,51.31,52.95,54.15,46.78,54.06,55.25,44.74,46.47,46.44,45.46,46.26,43.47,48.28,47.84,1948.46,62.75,301.51,1787.78,650.06,261.78,221.6,157.24,128.94,1313.75,333.98,109.97,984.98,56.98,304.04,226.81,142.65,300.62,107.01,54.28,880.49,13.78,142.25,174.34,82.64,418.63,189.98,93.09,135.21,164.39,58.58,401.75,38.47,0.0,183.37,273.31,218.38,13.95,464.46,69.02,296.41,74.44,391.3,1.25,66.89,273.27,311.38,182.62,454.77,103.08,639.01,141.48,168.77,520.22,0.0,44.13,12.97,59.36,259.74,259.63,38.99,42.33,473.33,574.27,94.25,58.81,48.88,169.02,137.31,239.83,754.03,19.86,157.46,330.55,113.18,58.35,518.28,112.27,202.5,399.6,244.27,482.04,127.99,126.91,0.0,3.26
2026-10-07 09:25,28.09,33.32,36.67,36.45,49.95,53.3,51.61,54.36,39.08,51.49,51.8,41.83,55.73,45.77,30.23,44.76,35.98,42.57,46.96,51.28,52.9,54.09,46.69,54.0,55.15,44.66,46.38,46.38,45.42,46.2,43.44,48.21,47.78,1985.06,163.32,492.01,1505.67,380.94,1165.25,633.79,378.99,195.78,0.0,230.12,111.02,577.21,45.3,0.0,152.64,0.0,56.82,208.2,69.14,785.21,47.96,169.23,562.4,98.64,683.11,301.84,118.58,135.51,84.6,78.63,638.29,0.0,264.6,219.42,327.05,153.78,36.32,312.58,155.24,354.7,0.0,194.9,0.84,80.05,455.25,702.52,97.97,542.81,81.95,328.85,364.23,48.01,618.91,204.88,106.37,7.72,264.23,234.65,448.06,198.17,110.17,499.77,473.87,95.15,40.52,32.9,63.82,124.05,127.43,372.93,34.28,105.97,501.89,256.7,166.89,0.0,55.92,456.87,421.91,943.35,373.17,130.7,129.65,0.0,3.25
2026-10-07 09:30,28.16,33.36,36.7,36.84,50.16,53.58,52.0,54.73,39.09,51.87,52.09,42.01,56.0,46.17,30.62,45.12,36.37,42.96,47.17,51.44,53.15,54.39,47.06,54.3,55.54,44.97,46.72,46.66,45.61,46.46,43.55,48.47,47.99,2006.9,229.63,130.21,1830.05,285.68,513.0,0.0,150.9,143.46,100.65,318.31,39.75,432.87,88.51,177.51,107.54,10.93,176.16,116.41,64.53,776.77,24.83,24.81,677.41,95.61,180.79,124.64,110.67,22.08,232.67,54.44,263.57,22.46,540.44,168.63,251.35,204.39,51.07,220.22,204.86,272.59,45.55,425.35,0.93,61.52,217.22,992.04,125.92,526.16,160.12,904.43,323.18,84.76,90.75,418.46,42.35,4.23,116.33,118.22,232.44,76.43,154.9,475.11,343.92,34.07,56.05,23.18,170.82,62.5,188.89,464.19,17.78,74.66,367.76,224.88,0.0,404.57,122.04,645.15,401.09,554.3,166.23,117.26,114.9,0.0,3.23
2026-10-07 09:35,28.1,33.28,36.64,36.73,50.08,53.47,51.89,54.62,39.09,51.77,51.96,41.92,55.92,46.04,30.5,45.02,36.25,42.85,47.08,51.39,53.06,54.29,46.96,54.21,55.42,44.87,46.61,46.54,45.52,46.34,43.5,48.36,47.9,1992.2,119.33,307.63,2178.45,435.71,624.89,213.98,430.06,17.78,500.37,127.29,111.24,660.19,100.25,36.78,251.33,54.33,235.16,158.69,25.47,949.52,17.27,209.65,582.66,125.15,427.11,132.26,43.69,262.12,170.01,24.63,279.68,4.65,675.75,220.45,328.58,326.11,26.54,514.67,114.5,356.35,133.22,187.24,0.8,80.42,438.57,484.99,190.67,688.71,181.36,660.86,248.42,72.67,766.72,523.23,120.7,5.09,141.7,37.41,404.16,114.0,80.49,534.07,649.02,95.34,22.41,54.17,127.59,19.78,299.09,638.35,30.92,174.49,45.57,162.09,56.35,11.18,53.72,315.4,450.87,689.29,396.02,122.64,119.9,0.0,3.22
2026-10-07 09:40,28.13,33.3,36.64,36.32,49.85,53.21,51.49,54.23,39.07,51.28,51.69,41.76,55.63,45.64,30.06,44.65,35.84,42.45,46.85,51.21,52.8,53.99,46.58,53.88,55.02,44.54,46.23,46.27,45.33,46.1,43.41,48.12,47.72,1573.5,49.36,474.21,1623.2,329.77,443.43,408.08,303.85,80.56,1159.49,121.42,154.77,499.67,79.49,52.04,218.47,125.9,143.19,143.67,5.05,750.7,31.1,137.04,630.47,56.85,658.4,90.34,8.66,100.76,199.94,110.09,191.03,6.58,934.66,272.27,405.81,235.03,10.98,447.38,64.84,440.11,26.21,240.38,0.82,99.32,468.09,503.36,162.34,312.85,143.8,777.22,284.33,235.35,501.2,723.7,85.28,9.66,100.55,86.06,297.99,220.5,33.3,276.88,566.66,132.65,21.38,47.08,230.17,45.49,239.91,612.54,22.8,151.67,206.52,329.07,107.46,481.07,68.97,327.35,233.74,643.73,476.41,135.49,135.69,0.0,3.2
2026-10-07 09:45,28.05,33.22,36.6,36.38,49.88,53.24,51.53,54.28,39.07,51.39,51.65,41.73,55.67,45.71,30.14,44.71,35.9,42.5,46.89,51.24,52.84,54.04,46.63,53.94,55.07,44.57,46.26,46.24,45.29,46.05,43.39,48.06,47.68,1524.96,268.25,135.72,2075.54,617.8,371.18,569.95,808.23,120.77,1125.79,352.76,196.52,936.1,123.35,165.34,269.77,122.24,361.39,189.63,54.16,586.57,19.37,238.12,0.0,108.55,188.44,225.14,92.88,320.71,109.83,61.48,476.09,20.92,610.59,215.81,321.66,232.84,59.65,552.44,239.84,348.85,98.99,191.2,0.84,78.73,326.68,1046.75,127.01,597.34,223.14,426.93,124.28,231.67,870.87,472.77,226.83,6.66,84.17,172.03,204.42,159.33,180.95,227.78,148.52,168.44,62.12,58.14,282.23,90.94,244.4,110.08,15.64,187.29,309.61,136.78,150.08,252.02,54.86,680.73,192.29,415.11,270.52,137.28,133.78,0.0,3.19
2026-10-07 09:50,28.03,33.21,36.59,36.48,49.92,53.26,51.64,54.38,39.08,51.52,51.81,41.83,55.72,45.81,30.23,44.8,36.0,42.6,46.93,51.27,52.88,54.06,46.74,53.97,55.18,44.68,46.39,46.38,45.4,46.2,43.44,48.22,47.79,2325.44,40.48,331.14,2437.26,225.7,679.73,600.86,687.05,64.02,1176.9,535.45,141.09,341.99,38.87,154.57,194.63,127.79,315.23,257.8,92.66,689.38,49.01,230.52,655.59,12.02,459.77,13.88,158.92,189.29,275.82,90.45,29.34,19.56,344.7,177.08,263.94,119.0,9.0,398.57,47.16,286.25,65.89,206.77,0.57,64.6,401.28,498.6,271.61,66.16,70.32,1072.18,201.56,173.07,843.07,266.9,192.82,9.03,154.14,282.27,0.0,173.69,27.3,234.64,174.12,120.93,94.29,41.95,22.8,149.22,249.99,837.36,0.0,135.13,164.12,417.56,158.22,597.66,59.33,324.25,198.09,504.7,163.95,131.62,130.89,0.0,3.17
2026-10-07 09:55,27.97,33.15,36.55,36.01,49.64,52.95,51.18,53.94,39.07,51.0,51.45,41.6,55.39,45.34,29.73,44.37,35.53,42.13,46.63,51.07,52.58,53.7,46.3,53.62,54.72,44.28,45.95,46.03,45.15,45.87,43.32,47.87,47.54,2097.34,221.16,102.06,2663.65,511.6,686.51,821.32,597.24,192.63,497.41,398.76,189.09,775.18,192.17,321.76,304.28,54.01,276.02,167.99,107.09,651.01,68.45,276.07,615.69,66.39,141.7,198.48,183.66,125.52,137.44,80.85,419.72,40.71,682.23,33.98,50.64,241.74,49.18,623.12,197.51,54.92,35.74,489.52,0.61,12.39,258.96,854.44,237.29,365.33,347.64,534.25,180.3,83.18,1009.65,528.24,167.62,8.33,155.67,112.0,102.59,267.6,149.18,130.73,367.79,162.07,70.22,65.58,167.01,59.21,187.9,296.06,7.85,211.25,493.82,84.95,216.27,692.8,140.45,555.66,110.36,839.08,232.4,147.2,149.23,0.0,3.16
2026-10-07 10:00,27.95,33.12,36.52,36.6,50.04,53.44,51.75,54.49,39.07,51.57,51.82,41.87,55.85,45.92,30.38,44.91,36.12,42.72,47.05,51.35,53.01,54.24,46.84,54.13,55.29,44.75,46.46,46.41,45.45,46.21,43.47,48.21,47.8,2337.94,138.04,296.04,2573.61,539.27,848.96,323.67,684.75,143.46,1403.68,478.55,151.48,817.1,75.19,109.98,26.44,152.42,321.74,98.15,35.42,618.88,26.79,164.49,947.01,100.56,411.03,214.24,60.74,123.0,270.28,130.67,453.04,13.92,841.4,74.21,110.61,160.75,30.7,54.14,138.12,119.96,44.91,265.7,0.58,27.07,208.94,487.53,212.01,553.37,136.02,1050.65,198.36,123.0,601.56,651.49,192.18,14.05,192.51,202.51,200.34,188.7,93.12,460.04,65.56,129.84,84.27,5.7,132.08,107.06,204.02,717.6,15.33,18.36,367.76,293.15,85.23,324.13,76.24,317.05,388.37,621.82,292.01,128.67,123.09,0.0,3.14
2026-10-07 10:05,27.95,33.15,36.52,36.3,49.8,53.14,51.46,54.21,39.05,51.23,51.65,41.75,55.6,45.62,30.06,44.63,35.82,42.42,46.8,51.19,52.76,53.94,46.56,53.85,55.0,44.52,46.21,46.24,45.32,46.07,43.4,48.07,47.69,2110.22,139.71,164.65,2212.9,191.8,895.33,582.35,475.19,112.85,1105.37,293.31,99.03,290.61,69.92,255.42,197.51,120.02,158.98,247.11,89.11,558.11,46.77,356.89,476.25,102.08,228.6,255.58,152.83,185.43,191.15,104.34,540.48,32.32,725.14,171.29,255.3,201.88,31.07,404.46,119.63,276.88,80.51,196.17,0.57,62.49,262.54,334.75,273.49,561.75,126.48,743.05,318.3,198.72,1305.23,561.47,133.36,10.79,203.02,210.25,7.87,165.13,94.24,253.29,157.22,84.88,51.65,42.57,274.64,111.15,130.75,345.84,0.6,137.12,289.28,254.21,153.35,359.35,56.29,217.7,213.83,892.79,478.03,137.52,137.72,0.0,3.13
2026-10-07 10:10,27.99,33.21,36.57,36.64,50.05,53.42,51.79,54.54,39.08,51.65,51.96,41.95,55.85,45.97,30.41,44.96,36.17,42.76,47.05,51.35,53.01,54.22,46.89,54.13,55.34,44.81,46.56,46.54,45.55,46.35,43.51,48.36,47.9,2861.34,319.57,474.83,2282.09,198.66,642.22,598.86,529.85,244.94,160.44,315.21,114.39,301.01,102.35,157.53,105.65,17.42,113.52,303.44,63.57,531.12,45.04,172.09,276.13,62.49,659.26,197.23,109.03,80.52,102.72,64.23,417.08,19.93,0.0,91.91,136.99,219.79,71.07,216.34,296.38,148.57,76.92,207.61,0.53,33.53,168.43,0.0,157.11,343.91,185.16,399.32,159.49,0.0,629.36,0.0,148.71,6.09,145.63,101.46,109.37,262.08,215.56,168.25,388.32,98.05,55.5,22.77,152.78,53.64,96.41,512.47,8.37,73.35,627.93,257.6,157.7,473.5,59.57,0.0,142.04,713.25,259.91,122.46,122.36,0.0,3.11
2026-10-07 10:15,27.93,33.17,36.55,36.86,50.13,53.52,52.0,54.75,39.08,51.86,52.06,41.99,55.99,46.18,30.65,45.15,36.38,42.97,47.14,51.43,53.12,54.36,47.07,54.28,55.56,44.98,46.71,46.64,45.6,46.43,43.54,48.44,47.96,3315.0,302.82,0.0,2189.31,520.38,790.38,99.13,1039.06,146.56,577.93,14.44,111.24,788.48,53.34,341.45,69.48,62.75,267.56,287.04,69.36,388.11,33.86,86.7,427.2,58.79,0.0,106.27,118.95,336.0,194.32,105.3,224.73,43.2,481.26,104.55,155.83,155.87,67.34,142.28,273.14,169.0,79.05,236.16,0.46,38.14,329.79,487.57,130.31,323.55,96.49,755.38,157.25,0.0,317.07,372.64,291.61,9.59,179.23,147.78,122.61,127.21,204.26,9.69,257.67,95.34,2.54,14.97,148.71,78.12,233.8,544.41,9.38,48.24,375.71,266.35,26.1,365.63,67.76,317.08,8.18,650.23,137.09,117.98,115.49,0.0,3.1
2026-10-07 10:20,27.82,33.11,36.48,36.51,49.93,53.3,51.67,54.42,39.08,51.54,51.8,41.82,55.74,45.84,30.28,44.82,36.04,42.64,46.93,51.28,52.9,54.09,46.76,54.01,55.21,44.69,46.41,46.38,45.39,46.19,43.44,48.2,47.77,3379.82,251.92,391.18,1889.25,482.45,446.08,258.27,683.93,93.68,1178.33,342.17,198.3,731.01,96.11,75.9,252.48,127.95,183.57,291.01,66.98,512.03,47.53,180.68,969.05,139.02,543.12,110.83,114.87,187.93,51.17,46.58,234.36,9.6,708.44,173.31,258.31,287.93,56.02,517.03,228.83,280.15,54.13,45.36,0.52,63.22,511.05,661.14,243.37,765.05,173.86,198.92,161.54,244.94,660.79,548.54,191.95,8.93,101.15,105.76,202.9,39.27,169.93,398.14,418.32,169.97,60.25,54.41,143.14,55.91,0.0,530.52,15.52,175.29,240.14,368.25,68.01,0.0,13.02,429.96,336.11,558.28,228.27,131.55,129.17,0.0,3.08
2026-10-07 10:25,27.76,33.09,36.46,36.42,49.94,53.3,51.59,54.33,39.07,51.4,51.7,41.77,55.71,45.74,30.16,44.76,35.94,42.55,46.95,51.27,52.89,54.1,46.68,54.0,55.12,44.61,46.3,46.29,45.33,46.1,43.41,48.11,47.72,3516.59,202.49,561.31,1435.03,664.41,553.08,382.71,1186.75,181.12,857.96,313.79,141.29,1006.72,53.92,90.93,174.68,93.16,182.14,57.72,30.38,465.22,7.26,335.21,457.37,17.82,779.34,241.87,52.1,110.28,93.0,128.66,511.49,11.51,201.52,147.89,220.43,268.89,45.03,357.72,185.69,239.06,113.77,193.11,0.39,53.95,527.44,887.13,70.45,98.06,97.55,361.5,33.1,161.52,1225.94,156.04,333.07,12.35,125.42,177.93,395.54,127.75,136.59,112.21,573.4,121.1,55.25,37.65,247.75,94.06,141.98,0.0,30.26,121.28,464.31,355.43,100.78,170.96,55.41,576.92,94.73,659.11,274.47,134.24,130.74,0.0,3.07
2026-10-07 10:30,27.78,33.12,36.48,36.77,50.12,53.52,51.94,54.69,39.08,51.8,52.0,41.96,55.96,46.1,30.53,45.06,36.3,42.91,47.13,51.42,53.11,54.37,47.01,54.28,55.48,44.91,46.66,46.58,45.55,46.37,43.51,48.39,47.92,4101.34,259.52,342.48,1494.38,39.55,682.86,371.38,970.98,171.98,943.24,178.91,136.43,59.93,69.39,0.0,179.6,102.42,319.89,227.34,43.62,362.41,33.5,147.75,530.52,48.31,475.5,75.38,74.81,235.85,64.51,54.7,159.41,0.0,340.77,232.58,346.66,355.69,57.71,367.79,237.54,375.96,93.53,161.66,0.41,84.84,167.88,550.53,358.4,265.85,125.53,250.78,210.2,233.37,540.35,263.85,272.51,5.56,154.85,184.82,65.97,148.07,175.05,531.09,435.8,116.93,31.5,38.71,175.75,97.71,219.53,396.7,5.05,124.69,440.87,109.39,97.79,468.0,46.38,358.02,448.35,659.72,130.74,120.93,116.55,0.0,3.05
2026-10-07 10:35,27.74,33.08,36.43,36.4,49.89,53.25,51.58,54.32,39.06,51.37,51.77,41.8,55.69,45.72,30.16,44.74,35.93,42.54,46.89,51.25,52.86,54.04,46.68,53.94,55.11,44.61,46.32,46.35,45.4,46.18,43.44,48.2,47.78,3767.34,131.77,411.8,1336.02,396.99,319.99,390.77,720.5,74.72,658.87,464.54,157.88,601.53,103.07,270.49,337.96,71.54,364.03,139.59,73.01,411.06,25.52,163.15,830.69,69.91,571.76,147.57,125.21,35.18,185.77,89.06,312.06,34.22,663.88,349.16,520.42,177.09,29.3,692.08,135.26,564.41,67.05,164.05,0.44,127.37,524.08,283.57,278.86,384.71,186.46,722.12,36.18,211.86,596.68,514.04,202.21,4.43,72.56,241.36,386.41,100.94,88.89,152.88,653.41,135.32,81.8,72.84,178.26,127.6,106.64,638.02,29.56,234.63,191.54,302.06,102.9,341.87,47.07,184.41,129.07,483.99,58.53,133.33,132.13,0.0,3.04
2026-10-07 10:40,27.69,33.07,36.42,36.5,49.95,53.33,51.65,54.41,39.08,51.53,51.8,41.82,55.75,45.83,30.25,44.8,36.02,42.62,46.96,51.29,52.93,54.13,46.74,54.03,55.2,44.69,46.4,46.38,45.4,46.2,43.45,48.21,47.79,4226.25,197.42,260.51,911.91,144.11,529.65,350.66,874.18,127.35,1127.53,375.72,165.33,218.36,55.97,200.03,174.86,122.43,177.4,122.76,97.74,379.3,46.37,206.03,605.02,114.3,361.69,156.65,167.63,185.25,84.06,83.19,331.26,25.31,605.5,199.86,297.89,242.12,43.9,358.08,196.53,323.07,73.49,379.39,0.31,72.91,82.71,927.89,134.63,628.97,101.26,326.77,211.66,179.85,753.48,468.83,245.34,7.25,120.1,260.73,273.07,96.45,133.17,322.87,293.11,141.71,66.16,37.69,187.73,137.84,177.76,566.44,20.89,121.4,326.48,342.45,92.34,677.41,108.86,603.43,272.57,564.3,247.24,131.13,129.51,0.0,3.02
2026-10-07 10:45,27.64,33.05,36.4,36.49,49.94,53.32,51.66,54.41,39.08,51.5,51.76,41.82,55.75,45.81,30.27,44.81,36.02,42.62,46.94,51.28,52.91,54.13,46.74,54.03,55.19,44.68,46.38,46.35,45.4,46.16,43.44,48.17,47.77,4270.8,224.82,36.22,594.91,620.67,822.12,437.76,693.64,54.72,568.23,599.42,35.11,940.44,186.94,249.42,196.84,61.7,259.3,119.68,26.8,294.11,66.38,388.21,227.92,70.6,50.29,347.95,45.96,240.03,153.03,116.11,735.81,31.56,6.55,227.84,339.6,61.55,49.99,403.09,202.09,368.3,38.33,340.27,0.37,83.12,179.76,617.75,122.76,388.53,338.17,594.87,108.55,181.08,1419.78,5.07,194.67,13.34,186.42,117.41,156.03,72.46,151.65,246.95,453.36,30.09,105.55,42.42,191.78,62.07,197.72,515.92,11.94,136.66,140.27,311.83,115.27,337.38,97.63,401.74,208.48,701.22,188.25,131.63,129.79,0.0,3.0
2026-10-07 10:50,27.7,33.1,36.42,36.64,50.07,53.46,51.81,54.55,39.07,51.64,51.95,41.95,55.88,45.97,30.38,44.94,36.17,42.78,47.08,51.36,53.04,54.27,46.88,54.16,55.34,44.81,46.55,46.53,45.55,46.34,43.51,48.36,47.91,4294.98,284.5,241.77,469.27,591.14,466.14,359.77,243.19,124.55,585.64,444.79,55.86,895.7,31.54,126.25,106.34,63.59,344.56,258.22,101.2,287.5,60.14,118.31,228.21,13.95,335.68,229.13,173.56,123.55,47.53,70.83,484.54,15.97,470.22,432.22,644.22,73.14,63.27,217.77,256.43,698.67,109.97,55.03,0.32,157.67,242.65,648.34,206.24,76.75,57.05,184.75,243.29,7.16,432.68,364.09,68.25,12.47,105.7,20.25,126.97,233.83,191.91,320.55,165.22,47.88,78.32,22.92,203.8,10.7,162.86,651.95,9.71,73.83,319.3,153.79,94.74,658.61,15.79,421.63,270.61,542.91,339.7,122.75,121.2,0.0,2.99
2026-10-07 10:55,27.69,33.09,36.42,36.47,49.93,53.31,51.62,54.37,39.08,51.49,51.78,41.8,55.72,45.79,30.23,44.77,35.99,42.59,46.93,51.27,52.9,54.1,46.7,54.0,55.17,44.66,46.38,46.36,45.38,46.17,43.44,48.18,47.77,4392.17,340.8,457.11,328.58,302.43,470.39,352.17,946.73,113.75,563.53,215.43,68.54,458.25,100.15,170.85,371.04,61.19,169.29,148.02,90.48,251.33,46.96,48.55,254.35,58.64,634.66,203.21,155.18,79.71,171.56,32.83,429.73,21.62,375.05,218.93,326.31,108.42,75.79,759.82,310.61,353.89,48.21,203.65,0.34,79.87,443.17,277.01,103.57,322.7,181.18,666.9,0.0,140.77,177.56,290.4,265.7,9.43,106.67,197.44,207.97,128.72,229.88,287.98,324.78,58.74,37.93,79.97,202.47,104.38,200.95,230.64,15.91,257.6,291.59,127.9,92.74,160.88,58.43,180.14,243.12,467.58,474.52,132.26,130.05,0.0,2.97
2026-10-07 11:00,27.69,33.1,36.41,36.66,50.03,53.4,51.82,54.56,39.07,51.65,51.96,41.93,55.86,45.97,30.43,44.96,36.18,42.79,47.03,51.35,53.01,54.22,46.89,54.14,55.36,44.82,46.55,46.53,45.53,46.35,43.51,48.36,47.9,4174.3,130.68,181.57,286.02,124.58,997.92,309.3,271.7,183.76,343.55,107.09,74.38,188.76,56.13,165.62,133.39,37.3,184.8,176.36,72.51,250.23,14.61,249.93,597.76,94.25,252.1,17.14,124.35,206.11,217.39,91.46,36.25,20.96,408.77,180.62,269.21,216.89,29.06,273.15,120.93,291.97,90.22,406.17,0.26,65.89,280.81,778.28,251.39,518.66,101.54,845.05,209.76,121.22,914.07,316.51,76.25,0.0,226.29,332.75,257.22,127.06,88.15,398.7,743.92,63.75,18.86,28.75,201.77,175.91,156.56,209.25,19.68,92.61,471.08,360.86,81.45,127.98,116.54,506.13,336.59,1021.23,133.66,123.22,123.75,0.0,2.96
2026-10-07 11:05,27.69,33.05,36.37,36.44,49.96,53.34,51.62,54.36,39.09,51.47,51.78,41.84,55.76,45.76,30.19,44.79,35.97,42.58,46.96,51.3,52.93,54.13,46.74,54.04,55.14,44.65,46.36,46.36,45.42,46.19,43.45,48.2,47.77,3775.11,301.74,309.93,294.56,467.56,972.4,416.66,225.18,117.13,712.79,267.14,185.84,708.45,122.33,27.5,240.82,77.4,346.06,227.87,118.86,259.6,39.22,205.88,668.63,80.49,430.32,185.51,203.84,190.4,134.13,41.28,392.29,3.48,647.65,121.88,181.66,41.1,67.1,493.16,273.79,197.01,76.77,38.62,0.28,44.46,519.33,0.0,228.81,442.92,221.3,521.4,289.31,263.85,752.95,501.47,63.2,6.22,220.5,119.04,39.08,152.51,203.54,299.28,717.25,159.28,47.04,51.9,13.81,62.93,157.4,0.0,2.99,167.19,300.27,427.79,109.72,494.53,11.08,0.0,252.66,1019.43,263.73,131.0,127.73,0.0,2.94
2026-10-07 11:10,27.75,33.06,36.38,36.82,50.16,53.57,51.99,54.74,39.08,51.84,52.07,42.0,55.99,46.15,30.6,45.12,36.35,42.95,47.17,51.43,53.14,54.39,47.06,54.3,55.53,44.95,46.7,46.64,45.6,46.43,43.53,48.45,47.97,3701.33,176.32,180.82,245.78,545.26,544.98,267.64,933.88,146.01,767.33,616.39,52.11,826.19,32.05,48.42,310.11,83.32,230.29,187.18,0.0,225.45,47.78,25.47,477.19,52.69,251.06,90.27,0.0,158.59,183.48,87.35,190.9,6.13,314.39,231.46,344.99,202.51,39.21,635.05,155.38,374.15,17.26,318.36,0.31,84.44,185.73,610.94,108.73,289.95,57.97,713.24,327.87,151.92,93.17,243.43,262.1,17.95,123.58,214.14,46.83,124.24,118.93,271.16,221.51,44.67,108.54,66.84,118.18,113.21,107.44,650.04,3.58,215.3,374.29,304.53,70.48,215.43,91.34,397.31,228.92,576.61,0.0,118.88,115.13,0.0,2.93
2026-10-07 11:15,27.67,33.03,36.34,36.41,49.86,53.19,51.57,54.3,39.07,51.4,51.73,41.77,55.66,45.74,30.19,44.74,35.94,42.53,46.86,51.24,52.83,54.0,46.67,53.92,55.1,44.6,46.31,46.31,45.34,46.12,43.41,48.13,47.73,3604.13,188.52,450.17,273.43,31.58,604.31,632.94,315.69,189.42,351.11,390.03,132.78,47.86,49.78,243.41,270.79,38.12,216.16,237.85,62.44,164.31,40.37,380.76,562.54,94.86,625.02,252.86,107.08,235.9,162.1,68.69,534.72,30.8,614.75,32.3,48.14,155.64,41.92,554.53,171.15,52.21,81.82,245.91,0.28,11.78,190.47,471.04,174.92,521.99,90.05,630.13,226.75,79.74,1392.51,476.0,88.6,17.94,137.03,216.39,307.7,321.84,127.16,192.52,233.76,113.8,68.68,58.36,142.52,114.39,234.78,360.31,23.54,188.0,485.59,354.51,166.67,0.0,70.56,306.33,162.53,544.2,214.91,134.74,134.33,0.0,2.92
2026-10-07 11:20,27.69,33.01,36.33,36.59,49.97,53.34,51.74,54.48,39.08,51.59,51.83,41.85,55.78,45.91,30.34,44.9,36.11,42.7,46.97,51.31,52.94,54.16,46.82,54.06,55.28,44.74,46.45,46.42,45.43,46.22,43.46,48.23,47.81,3578.95,465.34,232.56,296.44,412.28,101.62,331.83,574.54,193.44,1174.86,137.98,178.6,624.7,164.28,189.06,140.14,127.57,264.24,141.33,86.62,220.86,51.51,132.1,996.86,45.48,322.89,222.91,148.56,14.34,195.69,10.09,471.39,23.92,502.92,61.06,91.0,267.12,103.48,286.99,400.19,98.7,108.78,282.16,0.27,22.27,382.05,355.67,233.97,250.27,297.18,760.7,232.55,126.54,483.12,389.41,161.25,1.94,23.04,110.32,123.52,210.03,313.89,268.56,102.37,153.08,24.3,30.2,66.35,58.32,322.75,731.13,9.45,97.3,495.89,319.08,87.38,361.52,80.96,231.3,226.72,272.69,319.95,128.79,127.12,0.0,2.9
2026-10-07 11:25,27.74,33.02,36.34,36.58,49.99,53.36,51.75,54.49,39.07,51.55,51.89,41.9,55.8,45.91,30.34,44.89,36.11,42.71,46.99,51.31,52.95,54.18,46.83,54.09,55.29,44.75,46.49,46.46,45.48,46.28,43.49,48.29,47.85,3314.44,223.27,89.19,245.49,590.44,375.51,632.81,431.84,27.48,1307.06,334.24,161.09,894.63,13.26,95.57,348.99,141.93,203.42,171.97,54.12,191.85,46.3,177.02,448.84,49.94,123.83,179.85,92.81,137.62,175.01,81.77,380.32,12.09,505.36,245.84,366.42,327.1,49.65,714.67,192.71,397.39,6.01,0.0,0.31,89.68,268.16,38.27,288.93,274.8,23.98,680.31,132.67,131.81,647.39,391.3,121.2,7.44,85.15,137.2,141.13,321.68,150.6,306.37,384.2,138.07,58.85,75.21,229.04,72.53,241.93,449.29,10.8,242.29,70.45,213.17,166.64,417.63,0.0,24.89,258.64,531.52,226.52,126.75,125.21,0.0,2.89
2026-10-07 11:30,27.76,33.01,36.33,36.5,49.93,53.29,51.66,54.41,39.08,51.49,51.81,41.83,55.75,45.82,30.27,44.8,36.02,42.62,46.93,51.28,52.9,54.08,46.74,54.01,55.2,44.68,46.4,46.39,45.42,46.2,43.45,48.21,47.79,2600.36,451.05,455.18,301.8,430.44,373.27,535.87,854.14,78.61,787.55,211.39,212.08,652.21,149.36,160.11,286.79,85.51,82.12,81.79,41.56,156.6,32.04,130.74,170.89,61.56,631.98,108.08,71.28,342.98,53.93,0.0,228.55,20.26,566.98,228.85,341.1,174.14,100.3,587.3,410.59,369.93,45.73,326.25,0.29,83.48,366.04,215.36,148.2,338.75,270.19,209.64,181.13,73.63,478.13,439.01,239.72,7.54,84.64,110.75,402.64,89.77,304.25,286.32,361.12,181.78,37.22,61.81,147.24,58.55,151.29,633.26,30.8,199.11,201.51,237.13,141.11,424.7,93.61,140.06,241.72,470.62,303.96,130.54,129.92,0.0,2.87
2026-10-07 11:35,27.73,33.0,36.32,36.73,50.04,53.42,51.88,54.63,39.08,51.75,51.97,41.92,55.89,46.05,30.5,45.02,36.25,42.85,47.05,51.36,53.03,54.26,46.96,54.19,55.43,44.86,46.61,46.55,45.52,46.35,43.5,48.37,47.91,2777.59,373.44,146.83,283.13,275.52,255.4,773.77,717.2,123.24,718.36,119.48,109.63,417.47,72.81,272.22,352.7,78.0,346.19,122.45,98.68,144.3,60.11,214.37,504.16,88.47,203.86,165.54,169.23,249.99,82.66,82.12,350.06,34.44,498.29,132.36,197.28,110.07,83.05,722.26,334.89,213.96,121.01,181.48,0.32,48.29,325.41,703.43,165.59,486.83,131.71,321.33,121.44,77.21,784.01,385.82,201.29,5.8,57.91,123.65,169.83,145.56,251.9,301.77,274.25,93.96,21.04,76.01,275.91,65.37,160.03,260.67,12.99,244.87,315.94,232.31,203.75,72.85,52.07,457.45,254.76,459.71,0.0,122.77,122.01,0.0,2.86
2026-10-07 11:40,27.73,33.0,36.31,36.53,50.0,53.37,51.71,54.46,39.08,51.53,51.81,41.84,55.79,45.85,30.3,44.85,36.06,42.67,47.01,51.32,52.97,54.17,46.8,54.07,55.24,44.71,46.42,46.39,45.42,46.2,43.46,48.21,47.8,3012.31,158.52,252.31,280.96,388.89,602.79,218.72,440.82,38.76,1357.82,305.64,0.0,589.24,44.36,96.93,156.39,147.44,250.26,186.98,124.13,121.17,38.5,147.23,509.32,26.69,350.32,146.35,212.89,221.31,76.2,43.8,309.48,12.26,454.39,348.21,519.01,279.65,35.25,320.25,147.13,562.88,112.39,285.09,0.26,127.03,83.48,310.56,224.92,146.89,80.25,296.2,138.09,175.89,538.46,351.83,123.72,14.74,136.69,263.09,300.9,172.12,106.93,360.65,539.25,0.0,53.82,33.7,148.32,139.08,279.33,451.57,23.02,108.57,99.37,269.67,57.59,372.45,81.8,201.96,304.47,718.0,203.84,129.71,126.09,0.0,2.84
2026-10-07 11:45,27.61,32.94,36.27,36.58,50.03,53.41,51.75,54.49,39.07,51.57,51.89,41.87,55.84,45.91,30.33,44.89,36.11,42.71,47.03,51.34,53.01,54.23,46.84,54.13,55.28,44.75,46.48,46.46,45.46,46.27,43.47,48.29,47.84,3245.14,173.87,369.32,262.14,387.81,722.86,466.61,514.89,179.05,251.23,470.41,77.67,587.61,36.37,224.55,240.66,27.28,151.35,204.36,93.25,98.22,27.15,242.89,784.76,75.83,512.77,126.29,159.92,249.3,236.57,75.31,267.07,28.41,143.84,388.37,578.86,309.65,38.67,492.82,160.04,627.79,98.08,224.55,0.29,141.68,194.18,969.81,131.79,417.27,65.79,919.6,294.86,52.12,888.32,111.37,144.5,8.2,163.92,88.49,160.07,262.92,117.28,432.32,165.15,66.57,82.83,51.87,246.31,46.78,118.14,250.79,12.25,167.08,459.0,5.14,122.87,169.32,64.43,630.69,364.97,699.57,15.33,127.99,124.06,0.0,2.83
2026-10-07 11:50,27.73,32.97,36.29,36.72,50.04,53.43,51.87,54.62,39.08,51.71,51.97,41.93,55.88,46.05,30.48,45.0,36.24,42.84,47.05,51.36,53.02,54.27,46.94,54.18,55.42,44.86,46.59,46.54,45.53,46.35,43.5,48.38,47.91,2364.44,127.56,458.67,289.21,736.92,111.97,550.55,552.85,209.28,821.05,436.48,124.38,1116.59,113.31,97.05,47.69,89.15,0.0,230.62,80.64,102.44,33.73,263.74,262.3,77.59,636.83,60.58,138.3,186.45,39.63,95.44,128.1,12.28,187.18,195.65,291.62,119.57,28.37,97.66,120.38,316.27,67.97,222.3,0.3,71.37,396.37,368.51,116.72,426.96,204.97,154.06,0.0,293.73,964.56,144.93,155.16,1.82,25.39,152.65,214.35,235.69,86.05,237.37,303.55,106.61,76.86,10.28,166.49,80.7,312.69,639.22,16.4,33.11,536.5,374.02,144.97,483.39,63.78,239.65,200.4,257.77,242.2,123.08,121.63,0.0,2.82
2026-10-07 11:55,27.68,32.92,36.24,36.49,49.91,53.28,51.65,54.39,39.08,51.5,51.77,41.83,55.72,45.81,30.25,44.79,36.02,42.62,46.91,51.27,52.88,54.07,46.73,53.98,55.19,44.68,46.38,46.36,45.4,46.17,43.44,48.18,47.77,2555.05,83.75,391.72,225.52,529.3,0.0,448.48,667.83,192.39,635.63,390.6,156.75,801.99,135.26,199.37,205.97,69.02,149.11,89.51,35.74,80.96,41.85,285.5,192.34,64.97,543.87,213.51,61.3,210.12,111.89,133.59,451.51,25.23,629.13,350.74,522.78,301.56,18.62,421.79,78.44,566.97,87.01,41.72,0.29,127.95,212.39,240.87,233.6,357.53,244.69,434.93,324.1,175.23,1044.12,487.13,187.43,3.53,0.0,55.5,353.63,112.87,56.49,376.51,409.17,134.35,68.78,44.39,84.23,29.34,98.41,889.12,27.05,143.0,493.21,268.84,118.1,194.91,11.97,156.65,317.86,196.78,329.82,131.47,130.32,0.0,2.8
2026-10-07 12:00,27.72,32.94,36.26,36.56,49.97,53.33,51.72,54.46,39.08,51.55,51.88,41.88,55.79,45.88,30.33,44.88,36.09,42.69,46.97,51.31,52.94,54.15,46.81,54.08,55.26,44.74,46.47,46.46,45.46,46.28,43.49,48.29,47.85,2325.06,95.69,547.76,305.13,324.15,540.8,457.98,1026.82,0.0,1108.17,379.03,69.38,491.16,127.96,61.94,271.91,120.33,118.72,20.48,46.78,91.61,37.82,135.69,499.74,5.46,760.51,183.14,80.23,182.02,196.8,65.07,387.29,7.84,499.71,85.93,128.08,130.92,21.28,556.81,81.29,138.91,98.41,240.21,0.33,31.35,106.03,548.8,247.34,30.02,231.49,765.02,177.93,36.33,496.26,386.92,288.18,7.61,122.63,180.7,299.86,145.96,64.54,405.0,371.64,59.46,66.74,58.6,85.49,95.53,352.68,333.72,22.94,188.77,0.0,57.38,120.6,182.23,68.92,356.9,341.91,799.43,184.95,127.02,127.25,0.0,2.79
2026-10-07 12:05,27.67,32.93,36.25,36.53,49.96,53.34,51.68,54.43,39.08,51.54,51.84,41.85,55.76,45.86,30.28,44.83,36.06,42.65,46.97,51.29,52.92,54.13,46.76,54.04,55.23,44.72,46.43,46.41,45.43,46.22,43.45,48.23,47.8,2695.29,176.79,192.01,298.33,406.72,230.68,557.51,798.17,90.52,779.28,371.64,140.23,616.26,67.73,73.54,259.09,84.62,153.89,227.78,111.17,80.96,37.22,245.94,708.63,106.79,266.59,118.52,190.66,17.01,59.46,106.66,250.63,9.3,326.62,58.26,86.84,283.44,39.32,530.57,160.35,94.18,51.1,268.19,0.26,21.25,260.71,754.53,252.2,587.68,122.52,231.13,186.59,0.0,899.46,252.9,224.01,8.62,52.31,183.32,156.89,194.35,119.25,370.89,209.32,120.19,65.44,55.84,155.92,96.91,148.58,0.0,12.0,179.88,232.04,412.79,146.81,283.17,76.95,490.69,313.11,409.64,255.1,129.34,128.95,0.0,2.77
2026-10-07 12:10,27.69,32.94,36.24,36.75,50.09,53.47,51.9,54.64,39.07,51.71,52.03,41.97,55.92,46.08,30.53,45.04,36.28,42.87,47.1,51.39,53.07,54.3,46.96,54.22,55.44,44.9,46.65,46.6,45.57,46.4,43.53,48.41,47.94,2480.64,290.67,441.12,208.29,392.48,443.76,311.96,285.97,193.57,903.51,155.24,141.13,594.69,66.0,95.16,149.19,98.11,225.05,312.77,57.15,74.72,1.99,156.8,303.44,80.32,612.46,147.38,98.01,180.82,183.78,89.79,311.66,12.04,20.83,142.58,212.51,58.26,64.64,305.51,262.52,230.47,82.74,203.31,0.23,52.01,160.34,295.5,123.1,441.99,119.39,714.4,213.26,21.77,573.45,16.13,80.26,4.19,100.63,217.61,292.63,134.38,196.07,406.72,303.67,120.96,27.34,32.15,258.48,115.04,190.39,374.1,22.39,103.57,496.21,277.21,82.15,93.85,58.33,192.17,343.36,694.82,427.79,119.9,119.09,0.0,2.76
2026-10-07 12:15,27.64,32.88,36.19,36.48,49.98,53.37,51.67,54.42,39.08,51.47,51.77,41.83,55.79,45.81,30.21,44.82,36.0,42.62,46.99,51.31,52.96,54.17,46.76,54.07,55.2,44.66,46.37,46.36,45.4,46.17,43.45,48.18,47.77,2179.46,414.23,473.08,225.23,750.49,372.54,376.13,152.73,141.46,784.13,363.6,95.56,1137.14,120.9,106.54,186.53,85.14,100.46,237.93,27.38,87.02,51.36,243.2,369.98,91.27,656.84,262.4,46.96,138.08,174.64,38.73,554.89,13.48,367.15,145.06,216.21,177.26,92.12,381.98,372.21,234.49,102.15,267.56,0.23,52.92,381.4,496.96,159.85,502.25,218.7,678.87,0.0,254.78,889.42,284.28,42.86,5.58,84.48,107.64,90.42,202.77,279.42,354.37,283.66,81.91,64.02,40.2,52.77,56.9,40.75,636.85,6.92,129.5,362.63,0.0,99.04,592.82,76.77,323.19,299.17,675.24,311.61,131.34,126.42,0.0,2.75
2026-10-07 12:20,27.73,32.93,36.23,36.84,50.13,53.51,51.97,54.72,39.07,51.83,52.08,42.02,55.97,46.16,30.63,45.12,36.36,42.95,47.14,51.42,53.11,54.34,47.04,54.27,55.53,44.96,46.72,46.66,45.63,46.46,43.56,48.47,47.99,1962.53,199.44,235.89,191.07,297.06,394.25,685.37,539.1,96.68,674.65,296.99,63.67,450.1,84.21,112.3,108.21,73.26,269.61,213.2,59.66,74.54,22.53,112.36,306.45,47.03,327.51,160.13,102.32,128.83,173.18,39.51,338.63,14.21,482.29,153.06,228.13,129.32,44.35,221.6,189.1,247.42,45.18,289.44,0.19,55.84,283.69,374.46,186.99,258.81,152.34,673.18,94.22,194.75,410.92,373.43,151.3,8.47,89.4,169.77,144.9,282.92,134.53,334.27,87.07,54.57,52.3,23.32,53.37,89.75,225.24,605.74,11.09,75.13,247.85,319.35,180.47,136.97,83.05,243.52,282.2,345.59,161.57,116.92,115.97,0.0,2.73
2026-10-07 12:25,27.68,32.86,36.18,36.63,50.03,53.4,51.8,54.54,39.08,51.61,51.88,41.89,55.86,45.96,30.38,44.96,36.16,42.76,47.03,51.35,53.01,54.25,46.89,54.16,55.34,44.79,46.51,46.47,45.48,46.28,43.48,48.29,47.85,1654.16,253.26,444.97,239.27,493.77,627.54,472.47,464.12,135.82,1137.38,484.36,130.66,748.16,101.35,157.2,247.13,123.5,165.44,170.68,62.45,83.35,10.68,142.16,651.05,0.0,617.8,236.76,107.1,205.66,262.94,43.22,500.67,19.89,387.31,193.1,287.82,255.27,56.32,506.08,231.23,312.15,88.32,158.58,0.13,70.44,88.46,422.77,160.81,0.0,183.35,1022.12,136.45,267.88,519.91,299.89,130.26,8.01,142.3,183.14,383.01,144.37,170.83,68.39,399.91,111.99,85.29,53.26,173.81,96.81,109.09,164.75,29.3,171.58,348.18,0.0,124.41,449.59,45.5,274.94,57.74,653.6,66.22,126.73,122.81,0.0,2.72
2026-10-07 12:30,27.64,32.85,36.16,36.45,49.96,53.31,51.63,54.37,39.08,51.46,51.75,41.81,55.75,45.78,30.18,44.79,35.97,42.59,46.97,51.29,52.92,54.1,46.73,54.01,55.16,44.65,46.36,46.34,45.38,46.16,43.42,48.16,47.76,1672.65,282.88,393.57,258.23,87.59,264.38,574.09,575.24,196.42,301.02,287.4,78.72,132.72,24.75,31.2,314.21,32.69,190.84,167.86,111.16,96.57,37.33,293.97,407.52,119.1,546.44,329.7,190.65,150.84,191.5,74.59,697.22,3.95,365.99,356.33,531.12,69.14,62.91,643.45,268.9,576.01,76.11,281.77,0.09,129.99,126.8,297.31,109.02,655.42,44.77,744.41,256.99,180.64,1075.12,283.38,161.44,10.61,59.95,252.76,217.58,131.18,190.82,237.34,228.46,67.47,50.61,67.72,185.6,133.62,215.19,314.44,16.65,218.14,503.52,242.79,151.17,478.15,80.85,193.35,200.36,507.41,39.39,132.71,128.78,0.0,2.71
2026-10-07 12:35,27.68,32.85,36.17,36.6,49.99,53.36,51.77,54.51,39.07,51.6,51.88,41.87,55.8,45.92,30.37,44.9,36.12,42.73,47.0,51.32,52.97,54.17,46.83,54.09,55.3,44.77,46.48,46.46,45.46,46.27,43.48,48.29,47.85,1315.11,0.0,270.76,243.03,330.18,409.69,327.27,967.73,82.88,639.41,248.62,0.0,500.29,58.29,167.43,181.33,69.43,352.25,49.78,40.97,97.3,20.87,106.7,222.73,75.71,375.93,307.92,70.27,89.57,135.05,79.87,651.15,21.19,539.61,264.7,394.54,141.17,0.0,371.34,8.05,427.89,112.91,227.97,0.06,96.56,80.33,975.43,69.16,416.61,105.45,524.97,173.84,80.52,390.22,417.82,271.6,4.95,92.9,123.91,169.56,158.69,0.0,331.62,657.05,0.0,43.78,39.08,148.76,65.5,205.92,561.62,12.97,125.89,212.48,156.15,86.18,219.3,65.41,634.34,279.96,400.03,253.73,126.66,125.92,0.0,2.69
2026-10-07 12:40,27.71,32.87,36.18,36.86,50.16,53.57,52.03,54.78,39.07,51.83,52.08,42.02,56.02,46.19,30.64,45.15,36.38,43.0,47.17,51.45,53.15,54.42,47.09,54.35,55.58,44.98,46.72,46.66,45.63,46.47,43.56,48.48,48.0,1365.66,317.19,131.96,232.03,336.99,380.41,193.41,795.91,113.19,1351.69,210.46,31.56,510.6,70.78,135.51,323.76,146.77,47.74,234.37,76.49,84.08,22.15,137.75,477.12,134.05,183.21,0.0,131.19,152.91,132.28,117.23,0.0,17.15,492.6,206.51,307.8,0.0,70.54,663.01,283.43,333.81,68.15,359.29,0.01,75.33,262.9,521.94,157.83,737.65,128.05,514.2,117.26,216.85,503.77,381.42,223.37,3.83,86.26,142.05,263.03,126.06,213.96,76.61,331.87,27.05,37.06,69.78,114.58,75.09,177.57,325.32,20.12,224.78,290.18,109.58,50.93,501.43,103.09,339.43,64.68,502.31,155.18,116.74,113.76,0.0,2.68
2026-10-07 12:45,27.6,32.79,36.11,36.62,50.01,53.41,51.77,54.53,39.07,51.61,51.89,41.87,55.83,45.95,30.38,44.92,36.14,42.74,47.02,51.34,53.0,54.23,46.86,54.13,55.32,44.77,46.5,46.46,45.46,46.27,43.47,48.29,47.85,1362.32,263.48,410.7,227.98,638.47,518.42,588.8,513.37,53.24,0.0,454.79,138.31,967.42,49.94,133.7,222.91,0.0,155.73,73.41,57.65,90.51,19.82,267.98,719.63,72.88,570.23,96.07,98.88,240.84,230.37,77.4,203.16,16.92,350.75,352.44,525.31,184.55,58.59,456.48,244.54,569.71,94.73,275.87,0.0,128.57,303.0,841.44,263.9,401.06,90.34,895.51,203.67,183.58,979.75,271.58,144.08,7.41,117.56,181.32,236.62,169.15,177.73,481.07,278.1,118.54,80.08,48.04,160.45,95.85,197.72,639.22,18.1,154.76,136.48,308.52,155.05,197.35,79.15,547.21,406.12,667.39,430.33,127.53,124.45,0.0,2.67
2026-10-07 12:50,27.59,32.8,36.12,36.54,50.03,53.43,51.73,54.48,39.09,51.58,51.84,41.86,55.83,45.87,30.3,44.86,36.07,42.69,47.04,51.33,53.0,54.21,46.81,54.11,55.27,44.72,46.45,46.42,45.44,46.23,43.46,48.24,47.81,1606.88,455.84,400.49,202.65,270.58,720.62,512.81,799.51,62.05,790.92,465.56,181.28,409.98,60.7,203.03,164.53,85.88,123.64,206.62,94.22,72.52,62.1,114.95,251.66,78.83,556.05,27.38,161.6,82.43,0.0,28.04,57.9,25.69,0.0,418.63,623.97,88.03,101.37,336.92,398.27,676.71,66.02,360.0,0.0,152.72,297.87,850.83,207.29,433.81,109.8,0.0,252.86,157.89,420.27,0.0,224.39,4.87,163.41,180.58,256.18,84.84,307.48,312.16,619.76,155.37,81.98,35.46,250.21,95.47,183.74,622.95,19.6,114.23,159.07,215.61,135.04,570.23,103.29,553.31,263.53,797.31,290.76,128.55,124.56,0.0,2.65
2026-10-07 12:55,27.58,32.79,36.1,36.47,49.89,53.23,51.61,54.36,39.07,51.47,51.79,41.84,55.7,45.79,30.24,44.78,35.99,42.58,46.89,51.25,52.85,54.05,46.7,53.97,55.16,44.67,46.37,46.37,45.42,46.19,43.47,48.2,47.79,1549.58,215.25,107.8,208.87,236.24,183.58,533.66,756.64,84.29,1119.1,211.97,115.28,357.95,89.49,130.78,132.84,121.52,284.01,205.71,106.76,80.23,71.58,63.75,785.74,16.45,149.67,321.58,183.09,208.2,199.68,74.66,680.04,16.55,733.37,283.51,422.57,253.52,47.87,272.02,190.23,458.28,45.3,279.3,0.0,103.42,403.41,1093.75,96.72,90.53,161.89,776.22,0.0,218.38,233.08,567.84,212.35,6.1,41.63,327.02,391.38,193.25,145.19,119.21,397.59,98.81,37.32,28.63,207.73,172.88,78.63,174.29,29.94,92.22,216.09,180.72,140.53,462.02,80.14,711.29,100.64,340.49,194.91,130.36,133.2,0.0,2.64
2026-10-07 13:00,27.56,32.76,36.08,36.75,50.12,53.53,51.89,54.63,39.08,51.76,51.95,41.94,55.94,46.07,30.54,45.05,36.28,42.86,47.13,51.4,53.1,54.37,46.97,54.26,55.44,44.88,46.61,46.54,45.53,46.33,43.51,48.34,47.89,1303.62,118.81,527.77,218.42,368.14,580.35,848.43,670.65,140.21,937.01,433.67,96.2,557.8,134.4,210.89,25.4,101.74,175.84,39.24,41.12,73.07,30.52,269.3,715.31,73.26,732.77,317.69,70.52,107.07,170.67,47.37,671.81,26.68,148.2,116.68,173.91,198.94,26.42,52.02,119.35,188.61,11.27,191.94,0.0,42.56,98.88,894.84,142.64,403.13,243.13,663.42,145.93,148.34,983.77,114.75,188.22,10.79,131.62,75.41,288.36,241.24,80.14,360.78,255.95,82.45,76.36,5.48,158.03,39.87,164.03,545.68,22.06,17.64,359.43,193.2,223.41,93.09,55.07,581.93,304.58,608.95,329.97,122.32,117.74,0.0,2.62
2026-10-07 13:05,27.62,32.81,36.11,36.59,50.03,53.42,51.75,54.49,39.07,51.55,51.93,41.92,55.83,45.9,30.35,44.91,36.11,42.71,47.04,51.34,53.0,54.22,46.84,54.12,55.28,44.77,46.5,46.5,45.51,46.32,43.49,48.33,47.9,1329.56,293.05,196.67,231.31,6.32,64.99,387.74,717.81,208.66,660.81,241.27,16.33,9.58,133.46,116.71,124.31,71.75,36.36,263.52,74.67,61.5,35.43,156.07,539.82,95.29,273.06,177.66,128.05,69.53,100.46,132.18,375.69,14.77,325.29,160.09,238.62,222.44,65.17,254.56,265.88,258.79,93.44,324.88,0.0,58.4,408.23,933.47,159.83,524.36,241.43,390.51,281.96,104.02,570.75,251.87,201.46,6.93,14.74,241.04,73.1,106.43,197.68,269.24,607.47,14.0,42.48,26.79,108.95,127.43,76.03,384.81,5.59,86.3,534.91,85.16,102.1,118.45,93.21,607.06,227.3,418.9,42.85,124.92,124.57,0.0,2.61
2026-10-07 13:10,27.62,32.76,36.08,36.36,49.84,53.18,51.52,54.27,39.07,51.37,51.7,41.79,55.64,45.68,30.13,44.69,35.89,42.48,46.84,51.21,52.8,53.96,46.61,53.89,55.06,44.57,46.27,46.28,45.37,46.11,43.43,48.11,47.72,1437.8,363.99,218.71,250.56,565.2,558.66,507.4,943.91,0.0,1042.81,179.74,142.54,856.4,109.15,155.79,71.46,113.23,237.91,60.81,52.13,85.0,40.78,40.33,191.58,29.48,303.66,155.72,89.4,245.09,223.37,125.57,329.3,19.71,801.47,188.82,281.43,135.67,80.94,146.33,323.37,305.22,97.42,149.45,0.0,68.88,93.28,238.41,276.02,162.25,197.45,868.3,107.03,80.14,147.47,620.57,264.91,16.53,126.68,146.76,214.91,259.11,245.52,290.25,396.25,122.17,31.65,15.4,227.32,77.59,54.75,167.7,16.44,49.61,0.0,211.5,133.61,473.8,42.88,155.05,245.03,649.66,268.09,134.36,135.16,0.0,2.6
2026-10-07 13:15,27.53,32.75,36.05,36.63,50.02,53.4,51.78,54.51,39.08,51.6,51.9,41.9,55.83,45.95,30.39,44.94,36.15,42.75,47.03,51.33,52.98,54.21,46.87,54.13,55.32,44.79,46.51,46.48,45.48,46.29,43.49,48.31,47.87,1695.88,109.6,538.59,225.66,480.18,197.55,504.2,255.03,192.16,1090.4,243.39,102.98,727.57,18.71,90.22,199.72,118.4,154.27,302.3,45.24,105.56,52.7,310.09,482.27,68.54,747.78,169.68,77.59,99.21,175.4,51.95,358.83,11.42,566.49,179.67,267.8,0.0,24.37,409.0,107.84,290.44,49.69,0.0,0.0,65.55,232.55,930.03,115.61,377.18,33.85,681.83,35.19,214.7,1132.34,438.63,71.58,14.14,44.81,146.98,18.43,233.32,73.93,166.01,330.72,88.26,42.86,43.04,109.71,77.7,262.73,338.88,1.41,138.66,492.6,275.51,132.77,295.71,0.0,604.82,140.14,393.83,217.72,125.43,124.35,0.0,2.59
2026-10-07 13:20,27.58,32.76,36.07,36.96,50.19,53.6,52.11,54.85,39.08,51.98,52.16,42.03,56.06,46.28,30.74,45.22,36.48,43.08,47.19,51.47,53.19,54.46,47.16,54.39,55.66,45.05,46.82,46.73,45.66,46.52,43.57,48.54,48.03,1495.43,329.24,237.82,261.12,432.36,140.01,0.0,394.7,120.9,925.83,349.16,114.84,655.11,64.93,304.58,356.45,100.53,248.12,293.46,52.51,84.08,65.61,144.57,425.82,107.77,330.19,165.25,90.06,266.25,122.43,69.41,349.44,38.54,346.88,133.96,199.67,288.88,73.22,729.94,292.91,216.54,64.12,105.43,0.06,48.87,302.41,624.02,197.99,593.08,117.46,475.91,118.44,32.6,528.44,268.59,110.77,7.49,31.75,98.71,379.11,147.52,222.09,369.55,128.3,98.43,61.48,76.82,28.77,52.18,173.27,331.15,29.0,247.47,309.94,215.25,0.0,195.14,30.25,405.82,311.98,218.14,228.65,114.16,111.5,0.0,2.57
2026-10-07 13:25,27.53,32.71,36.03,36.76,50.12,53.53,51.92,54.66,39.09,51.8,52.0,41.97,55.95,46.08,30.52,45.05,36.28,42.88,47.14,51.41,53.11,54.37,46.98,54.26,55.46,44.9,46.65,46.58,45.57,46.38,43.54,48.4,47.94,1415.27,285.3,453.35,260.11,393.29,526.87,611.74,1100.49,65.17,578.85,261.27,85.92,595.92,4.77,231.27,349.03,62.85,252.18,159.36,48.92,74.9,25.14,196.37,370.24,56.31,629.44,141.01,83.9,157.26,68.91,20.48,298.18,29.26,194.68,225.12,335.55,112.27,63.44,714.75,247.25,363.91,45.36,238.15,0.12,82.13,177.84,840.12,160.77,309.85,8.63,267.87,113.91,232.99,716.96,150.74,308.86,6.14,119.53,293.62,104.66,124.69,192.45,386.47,637.46,73.64,46.01,75.22,63.97,155.22,158.93,608.29,8.01,242.32,167.06,148.54,161.09,310.51,68.33,546.35,326.26,550.71,246.34,120.23,117.48,0.0,2.56
2026-10-07 13:30,27.53,32.73,36.04,36.66,50.04,53.4,51.82,54.57,39.09,51.7,51.98,41.95,55.86,45.98,30.41,44.96,36.18,42.79,47.04,51.35,53.02,54.22,46.89,54.15,55.36,44.83,46.58,46.55,45.54,46.36,43.5,48.37,47.91,1607.77,254.71,375.0,286.89,230.05,552.77,219.04,436.61,167.6,414.99,225.75,100.31,348.58,128.99,120.68,179.02,45.06,195.91,275.47,89.99,93.63,64.87,289.78,469.6,51.73,520.65,137.93,154.34,133.74,50.74,84.17,291.67,15.27,255.77,320.08,477.07,148.24,56.64,366.61,224.74,517.4,0.0,307.73,0.22,116.76,248.63,64.84,225.08,284.66,233.34,197.24,250.69,44.71,1057.94,198.04,122.54,4.22,125.41,275.95,0.0,116.89,171.82,269.81,512.77,85.97,39.75,38.58,263.11,145.88,240.06,291.97,0.0,124.29,429.64,161.3,57.68,313.96,88.3,42.17,227.77,708.88,209.08,122.89,122.62,0.0,2.55
2026-10-07 13:35,27.55,32.73,36.04,36.87,50.14,53.54,52.01,54.75,39.07,51.83,52.1,42.02,56.01,46.19,30.65,45.15,36.39,42.98,47.15,51.44,53.14,54.4,47.09,54.33,55.56,44.98,46.73,46.67,45.63,46.47,43.56,48.49,48.0,1275.79,15.72,452.93,284.86,389.83,501.46,429.94,427.76,93.93,1038.83,443.5,163.39,590.68,147.86,98.67,62.11,112.8,276.35,227.82,69.78,80.04,55.18,241.44,12.53,60.39,628.86,79.03,119.68,198.47,108.93,52.05,167.12,12.48,388.77,195.92,292.01,192.68,3.5,127.18,33.41,316.69,17.38,101.46,0.27,71.47,282.3,624.88,289.91,332.33,267.48,423.45,80.57,172.67,881.78,301.02,120.05,10.04,113.74,1.68,288.23,167.31,10.61,242.2,81.96,140.05,78.09,13.38,178.5,0.89,181.28,408.05,22.05,43.12,240.79,91.13,113.22,241.75,29.11,406.38,204.47,763.31,184.12,116.14,114.55,0.0,2.53
2026-10-07 13:40,27.52,32.7,36.01,36.65,50.03,53.42,51.78,54.52,39.09,51.68,51.93,41.9,55.85,45.96,30.44,44.95,36.17,42.75,47.03,51.35,53.0,54.22,46.87,54.15,55.32,44.81,46.55,46.51,45.49,46.31,43.49,48.32,47.86,1463.81,6.37,219.81,335.96,403.91,686.69,514.52,826.37,21.48,555.21,344.08,130.14,612.01,154.39,148.73,136.91,60.29,270.04,145.86,10.5,79.86,47.48,73.06,453.92,73.72,305.19,189.11,18.01,103.8,234.06,62.44,399.9,18.82,384.37,229.6,342.21,45.16,1.42,280.36,21.58,371.14,93.9,229.42,0.34,83.76,395.2,521.16,180.67,405.67,279.28,909.84,242.29,171.75,266.7,297.62,231.92,7.68,155.82,241.53,135.84,154.34,4.3,159.31,648.98,111.55,60.59,29.51,147.07,127.68,116.01,0.0,10.39,95.05,55.06,71.54,135.49,41.76,65.83,338.92,134.49,577.14,284.62,125.77,123.82,0.0,2.52
2026-10-07 13:45,27.49,32.66,35.97,36.67,50.06,53.45,51.82,54.56,39.08,51.69,51.95,41.93,55.88,45.98,30.44,44.98,36.19,42.79,47.07,51.36,53.04,54.26,46.91,54.17,55.36,44.82,46.57,46.52,45.53,46.33,43.5,48.34,47.9,1348.81,353.52,372.25,336.54,502.68,311.42,328.45,290.22,142.33,1139.63,255.55,142.73,761.67,166.23,150.78,194.82,123.74,264.41,94.68,33.91,99.87,16.78,163.84,862.89,38.85,516.84,324.86,58.15,179.84,117.3,30.7,686.97,19.08,535.22,139.92,208.55,76.04,78.62,398.96,304.86,226.18,80.71,101.28,0.49,51.04,120.71,427.2,203.22,213.78,300.72,455.98,216.86,120.96,597.24,414.41,81.45,1.68,70.74,216.21,245.65,159.32,238.46,155.65,621.26,122.33,45.0,41.99,272.84,114.3,102.31,254.34,18.79,135.26,364.87,223.39,86.49,262.58,29.06,277.82,131.41,432.36,265.66,123.53,121.17,0.0,2.51
2026-10-07 13:50,27.53,32.71,36.01,36.78,50.1,53.49,51.95,54.7,39.07,51.75,52.01,41.96,55.95,46.1,30.57,45.1,36.3,42.92,47.11,51.4,53.09,54.32,47.03,54.24,55.49,44.9,46.64,46.58,45.56,46.39,43.52,48.4,47.93,1367.75,34.6,210.56,340.01,216.17,474.41,424.53,311.27,95.76,527.69,352.97,216.33,327.54,112.97,178.75,31.88,57.3,350.73,151.02,52.16,95.1,35.52,253.43,645.57,57.76,292.34,97.6,89.46,140.45,22.11,64.84,206.39,22.62,386.75,156.26,232.9,145.25,7.69,65.28,34.21,252.59,77.42,156.06,0.39,57.0,234.58,660.03,208.64,317.87,204.37,85.95,152.13,181.23,924.99,299.46,87.36,3.04,107.65,82.44,70.64,130.85,23.34,114.4,298.01,185.42,62.15,6.87,134.46,43.58,185.5,603.5,5.4,22.13,245.47,308.73,111.79,344.42,44.78,429.24,96.58,689.84,95.95,121.07,118.0,0.0,2.49
2026-10-07 13:55,27.48,32.66,35.97,36.7,50.08,53.46,51.86,54.61,39.08,51.71,51.94,41.92,55.9,46.02,30.49,45.0,36.23,42.83,47.08,51.37,53.05,54.28,46.93,54.2,55.4,44.85,46.59,46.53,45.52,46.32,43.5,48.33,47.88,1378.6,249.06,316.9,322.64,389.4,494.18,129.25,619.71,95.05,827.33,359.24,170.96,590.02,80.74,109.12,142.05,89.83,368.81,141.86,42.71,92.9,39.69,41.5,585.89,49.66,439.99,221.93,73.24,253.12,249.43,57.77,469.31,13.81,100.83,215.29,320.9,153.01,55.39,290.9,212.19,348.02,71.4,264.18,0.56,78.54,454.67,545.4,0.0,273.3,146.05,969.58,263.95,79.57,151.31,78.07,173.92,9.06,112.23,307.15,254.72,35.92,168.0,139.98,355.92,146.53,63.26,30.61,198.21,162.37,91.17,269.95,19.49,98.62,243.67,285.67,34.03,312.09,75.8,354.69,118.18,567.97,177.53,123.37,120.61,0.0,2.48
2026-10-07 14:00,27.48,32.65,35.96,36.7,50.08,53.48,51.87,54.62,39.06,51.64,51.96,41.92,55.91,46.02,30.49,45.0,36.23,42.83,47.09,51.38,53.07,54.29,46.94,54.2,55.41,44.85,46.58,46.53,45.52,46.34,43.5,48.36,47.9,1194.69,201.24,6.9,367.08,664.41,710.13,413.9,455.79,102.38,357.85,124.95,43.58,1006.72,145.72,289.87,147.75,38.86,232.95,63.66,44.16,91.24,53.76,163.85,551.87,31.02,9.59,183.52,75.73,140.81,149.6,114.37,388.09,36.68,656.64,208.06,310.11,177.16,44.75,302.56,177.52,336.32,68.82,210.65,0.56,75.9,335.03,673.44,0.0,170.68,263.61,581.55,73.19,66.75,597.33,508.43,127.92,9.19,161.31,281.57,247.57,122.49,135.74,339.23,373.91,37.35,22.0,31.84,124.88,148.85,280.92,526.8,18.94,102.58,262.45,115.81,108.99,297.74,60.44,437.96,286.39,914.14,231.83,123.97,120.02,0.0,2.47
2026-10-07 14:05,27.5,32.66,35.97,36.9,50.15,53.54,52.04,54.78,39.08,51.93,52.15,42.05,56.01,46.22,30.67,45.19,36.42,43.01,47.15,51.44,53.13,54.35,47.11,54.3,55.59,45.02,46.78,46.72,45.66,46.52,43.57,48.54,48.05,1094.78,154.78,525.71,304.26,426.79,175.02,495.59,765.71,115.91,746.95,221.24,57.91,646.68,88.8,164.74,143.54,81.11,190.85,107.03,52.14,107.4,44.77,220.68,649.42,55.88,729.91,0.0,89.42,135.02,57.37,56.13,0.0,20.84,317.03,269.55,401.76,150.21,34.42,293.95,150.14,435.72,36.68,235.06,0.67,98.33,162.3,850.01,108.3,307.5,160.64,223.01,152.22,226.83,804.69,245.47,214.9,10.22,39.75,62.47,60.9,181.89,104.41,70.99,346.33,49.64,38.96,30.94,225.39,33.02,298.18,371.69,4.66,99.66,297.14,183.64,130.5,247.37,67.44,552.78,59.93,235.58,344.81,114.13,114.72,0.0,2.46
2026-10-07 14:10,27.53,32.66,35.97,36.79,50.12,53.51,51.95,54.69,39.08,51.81,52.02,41.99,55.97,46.11,30.58,45.08,36.32,42.92,47.13,51.41,53.11,54.34,47.02,54.27,55.49,44.92,46.67,46.61,45.58,46.4,43.54,48.41,47.94,963.94,298.02,348.94,327.71,286.49,777.19,543.75,919.48,77.94,700.23,224.17,97.32,434.09,68.81,137.38,107.16,76.03,179.81,183.81,19.97,125.76,30.48,120.69,64.15,7.77,484.48,184.4,34.24,155.37,123.02,70.76,389.95,17.38,207.18,75.03,111.83,102.39,66.27,219.45,253.46,121.29,78.09,268.09,0.63,27.37,166.41,167.91,113.71,42.74,124.48,478.23,91.08,82.29,440.29,160.42,258.05,14.6,176.42,52.47,242.15,217.69,201.03,300.24,651.2,83.41,39.47,23.1,128.41,27.74,93.69,147.01,18.53,74.4,199.79,71.08,143.18,266.21,76.92,109.2,253.47,873.44,210.98,118.7,116.76,0.0,2.45
2026-10-07 14:15,27.54,32.67,35.97,36.76,50.08,53.47,51.9,54.65,39.08,51.77,52.04,41.97,55.91,46.09,30.52,45.03,36.28,42.87,47.09,51.39,53.06,54.29,46.96,54.21,55.46,44.9,46.65,46.6,45.58,46.41,43.53,48.44,47.96,675.7,162.06,183.86,291.52,0.0,363.51,415.71,384.42,78.25,645.9,227.66,109.65,0.0,0.0,240.79,330.99,70.13,395.34,259.14,18.3,188.18,13.81,209.8,155.35,89.75,255.27,64.56,31.39,186.13,57.49,63.72,136.52,30.47,399.74,189.84,282.96,92.41,36.04,677.81,142.6,306.88,47.4,64.9,0.52,69.26,124.41,469.07,79.65,493.88,0.0,223.49,126.53,254.27,765.52,309.52,107.89,14.6,82.5,305.67,348.08,161.24,109.32,437.24,270.21,93.98,40.09,71.33,38.46,161.59,195.27,416.59,26.63,229.79,200.6,184.67,109.47,403.18,18.62,305.05,369.13,422.3,399.23,120.64,119.27,0.0,2.43
2026-10-07 14:20,27.54,32.68,35.97,36.86,50.16,53.55,52.0,54.74,39.08,51.86,52.11,42.04,56.01,46.18,30.64,45.17,36.38,42.97,47.17,51.44,53.15,54.39,47.08,54.32,55.55,44.98,46.74,46.68,45.65,46.48,43.57,48.51,48.01,696.97,194.38,143.92,259.53,269.71,0.0,568.4,128.3,92.6,402.63,242.29,154.1,408.67,0.0,94.89,83.99,43.72,129.0,234.29,74.2,282.18,45.54,199.98,573.18,95.01,199.81,274.38,127.26,145.0,160.09,122.14,580.23,12.01,195.38,0.0,0.0,148.87,43.23,172.0,182.7,0.0,62.52,242.2,0.48,0.0,292.29,348.04,153.91,522.83,0.0,622.32,123.76,129.68,729.61,151.28,36.01,4.01,0.0,102.15,0.0,219.68,131.12,62.36,199.12,132.08,42.66,18.1,72.56,54.0,212.86,50.25,0.0,58.31,237.38,128.39,149.67,351.62,69.49,226.34,52.64,278.16,267.05,114.81,113.78,0.0,2.42
2026-10-07 14:25,27.48,32.61,35.92,36.94,50.2,53.61,52.08,54.82,39.08,51.95,52.18,42.08,56.05,46.26,30.73,45.21,36.47,43.05,47.21,51.47,53.19,54.45,47.14,54.37,55.63,45.05,46.82,46.75,45.71,46.56,43.6,48.58,48.06,393.83,172.6,473.4,290.22,121.96,1029.74,106.5,917.7,19.42,766.0,285.85,141.9,184.79,70.12,205.31,153.24,83.17,0.0,237.45,12.71,397.29,22.38,287.34,771.77,60.36,657.27,212.24,21.8,40.21,161.82,13.49,448.82,25.98,277.76,78.43,116.9,0.0,38.38,313.81,157.16,126.78,36.97,142.48,0.56,28.61,159.59,303.13,167.76,332.14,126.84,629.05,30.36,139.69,1046.57,215.07,257.56,4.24,234.13,238.53,187.35,85.47,116.42,474.99,297.28,121.63,50.33,33.03,167.77,126.1,185.61,433.46,14.33,106.39,49.8,206.51,28.04,307.84,40.88,197.13,401.0,895.64,325.21,111.65,110.98,0.0,2.41
2026-10-07 14:30,27.54,32.65,35.94,35.99,49.99,53.38,51.54,54.3,39.09,51.4,51.87,41.89,55.74,45.65,29.91,44.63,35.66,42.46,47.0,51.29,52.94,54.14,46.62,54.0,55.07,44.59,46.33,46.43,45.49,46.29,43.5,48.31,47.87,303.45,205.22,46.33,263.15,0.0,140.26,538.09,619.06,104.7,377.2,389.01,113.5,0.0,129.34,88.33,70.1,40.96,19.13,145.79,95.62,592.99,53.18,149.8,325.15,4.43,64.32,102.29,164.0,145.55,118.31,27.86,216.31,11.18,482.16,278.79,415.53,68.58,45.64,143.55,184.5,450.65,75.67,0.0,0.65,101.7,162.83,396.93,172.08,24.4,233.97,459.9,37.2,148.18,546.42,373.33,173.74,4.48,31.84,158.36,321.78,141.48,138.43,269.33,47.85,97.29,68.5,15.11,224.3,83.72,187.95,824.5,24.62,48.67,268.41,161.23,141.69,255.4,0.0,258.13,227.38,228.66,219.6,128.2,127.85,44.04,2.4
2026-10-07 14:35,27.5,32.62,35.92,35.58,49.69,53.01,51.17,53.93,39.07,50.97,51.56,41.69,55.42,45.25,29.48,44.25,35.24,42.07,46.7,51.09,52.63,53.78,46.26,53.66,54.69,44.27,45.95,46.12,45.26,46.0,43.39,48.02,47.65,187.39,224.75,162.84,267.78,225.65,583.55,235.11,454.53,0.0,986.9,470.24,53.16,341.9,50.48,37.66,282.49,107.16,175.56,157.63,81.53,729.95,40.82,25.95,770.1,72.56,226.09,177.24,139.82,284.58,144.82,62.38,374.81,4.77,367.11,355.25,529.5,64.92,49.98,578.49,205.13,574.25,56.57,200.47,0.58,129.59,305.03,617.95,196.02,399.28,91.33,562.94,26.22,143.86,94.56,284.25,127.57,7.9,132.61,141.97,102.12,188.33,151.6,219.12,0.0,45.56,82.8,60.88,246.94,75.05,128.81,578.59,7.81,196.12,0.0,360.71,61.91,336.6,57.52,401.87,184.99,561.7,271.71,141.85,145.45,43.94,2.41
2026-10-07 14:40,27.51,32.61,35.91,35.62,49.73,53.06,51.22,54.0,39.07,50.97,51.58,41.69,55.48,45.26,29.53,44.31,35.27,42.11,46.74,51.13,52.68,53.79,46.32,53.69,54.73,44.29,45.96,46.13,45.26,46.01,43.38,48.03,47.66,108.11,117.0,217.48,215.53,549.86,204.49,234.57,461.0,92.93,494.34,249.43,120.24,833.15,91.06,178.72,249.11,53.68,164.37,297.61,75.24,812.57,27.31,235.72,755.14,66.66,301.96,297.48,129.04,289.92,120.25,81.76,629.07,22.61,349.53,99.72,148.63,299.05,26.02,510.13,112.79,161.2,2.49,402.52,0.58,36.38,69.08,580.55,143.77,366.83,164.73,467.42,91.77,106.32,858.91,270.64,129.38,9.11,46.47,185.2,156.94,97.6,78.92,376.47,337.66,103.06,43.92,53.69,0.0,97.91,181.12,850.14,12.01,172.95,238.23,154.52,61.77,97.63,115.49,377.54,317.82,404.67,29.85,141.86,143.21,43.95,2.42
2026-10-07 14:45,27.54,32.64,35.94,35.62,49.8,53.14,51.23,54.0,39.08,51.03,51.64,41.75,55.52,45.28,29.52,44.31,35.28,42.12,46.8,51.16,52.74,53.86,46.32,53.75,54.74,44.32,46.0,46.18,45.32,46.07,43.4,48.09,47.71,78.89,113.44,151.75,193.67,343.28,290.41,184.8,436.31,70.15,1026.32,199.59,160.52,520.14,117.2,70.02,99.39,111.44,120.89,184.14,69.57,1029.75,31.47,229.86,739.27,92.24,210.7,107.96,119.31,84.13,17.94,80.97,228.31,8.86,389.16,249.78,372.3,151.24,25.23,203.52,109.22,403.77,17.14,394.21,0.65,91.12,167.17,254.65,106.45,507.6,212.02,69.75,277.95,68.87,838.29,301.33,122.45,3.98,65.94,290.54,230.43,81.55,76.52,298.71,406.95,137.58,35.15,21.42,95.57,153.59,279.69,310.79,17.63,69.0,179.83,102.1,48.66,543.47,113.11,165.61,252.18,435.15,279.89,139.09,140.39,43.95,2.42
2026-10-07 14:50,27.58,32.67,35.97,35.89,49.95,53.34,51.48,54.25,39.09,51.28,51.76,41.82,55.7,45.53,29.8,44.57,35.55,42.38,46.96,51.27,52.91,54.09,46.58,53.96,55.0,44.5,46.21,46.31,45.41,46.18,43.46,48.19,47.79,93.91,292.48,23.66,209.45,264.96,342.79,360.05,681.8,105.54,639.77,203.74,78.25,401.47,71.34,89.11,184.4,69.47,240.91,60.6,42.22,928.59,52.74,147.93,651.34,45.72,32.85,107.75,72.41,119.88,119.54,114.1,227.85,11.27,387.01,119.56,178.21,282.26,65.04,377.61,258.07,193.27,93.8,205.92,0.5,43.62,86.08,476.33,221.19,251.58,129.05,464.66,0.0,125.08,540.02,299.66,191.35,5.19,77.77,136.98,152.0,80.87,197.29,43.27,395.27,67.07,35.88,39.74,205.47,72.42,169.65,550.57,11.63,128.02,270.54,174.11,94.81,356.29,59.08,309.77,36.53,422.97,118.84,131.96,130.03,44.0,2.43
2026-10-07 14:55,27.52,32.64,35.94,35.65,49.85,53.2,51.26,54.03,39.07,51.01,51.64,41.73,55.56,45.3,29.55,44.37,35.31,42.16,46.86,51.19,52.78,53.93,46.38,53.79,54.77,44.33,46.01,46.19,45.3,46.06,43.39,48.07,47.7,65.32,131.17,442.62,204.67,289.95,398.18,310.98,691.47,141.6,1145.25,435.31,102.15,439.33,63.68,64.96,83.92,124.35,238.84,127.89,41.27,1155.51,4.8,178.9,677.99,97.08,614.54,108.94,70.79,148.64,72.51,70.68,230.38,8.22,0.0,287.36,428.31,199.64,29.17,171.86,118.62,464.51,13.98,0.0,0.6,104.83,306.22,548.03,75.59,534.21,115.19,281.87,239.12,0.0,652.22,0.0,194.06,7.2,90.44,0.0,242.5,89.5,88.48,150.69,676.58,87.55,76.65,18.09,187.78,0.0,100.87,493.86,18.55,58.26,363.0,187.25,81.89,226.57,0.0,356.39,127.22,670.09,280.83,138.93,136.73,43.95,2.44
2026-10-07 15:00,27.52,32.64,35.94,35.51,49.7,53.02,51.12,53.89,39.07,50.87,51.48,41.64,55.42,45.17,29.41,44.22,35.17,42.02,46.7,51.1,52.64,53.8,46.24,53.68,54.64,44.2,45.86,46.05,45.19,45.92,43.35,47.93,47.59,76.62,140.61,318.79,197.87,278.98,271.74,267.7,434.1,188.09,272.12,355.58,79.38,422.71,84.9,194.81,117.75,29.55,157.96,233.27,101.87,1266.95,46.38,149.1,749.33,67.41,442.62,289.57,174.71,194.22,236.29,75.71,612.34,24.65,569.13,95.75,142.71,149.88,31.27,241.13,126.48,154.77,0.15,272.14,0.52,34.93,134.23,734.68,106.39,370.95,153.59,918.52,0.0,241.05,543.5,440.68,121.83,7.4,61.73,119.46,70.57,133.55,94.85,204.64,443.81,68.04,62.61,25.38,132.04,63.15,150.11,546.89,5.4,81.75,482.17,71.65,70.49,436.75,78.08,477.78,172.76,533.2,107.85,145.65,145.8,43.92,2.45
2026-10-07 15:05,27.62,32.69,35.99,35.89,49.97,53.35,51.5,54.27,39.08,51.25,51.76,41.82,55.73,45.53,29.79,44.58,35.55,42.4,46.98,51.28,52.93,54.13,46.59,54.02,55.01,44.49,46.2,46.32,45.41,46.18,43.45,48.19,47.78,82.81,214.61,206.82,212.78,379.19,461.77,123.27,641.8,131.31,762.63,255.79,30.13,574.55,83.13,129.15,171.84,82.81,181.29,48.06,66.59,1378.57,31.54,110.79,740.76,89.73,287.15,0.0,114.2,105.62,135.82,77.19,0.0,16.34,532.21,95.84,142.85,68.33,47.72,351.89,193.53,154.92,88.26,176.43,0.63,34.96,26.3,0.0,83.06,493.79,150.38,527.97,123.68,166.04,404.78,412.08,180.12,6.83,104.72,0.0,222.37,166.56,144.76,301.92,434.17,25.82,45.04,37.03,33.26,0.0,199.2,150.99,17.01,119.3,336.62,158.7,32.46,367.36,50.62,0.0,254.88,672.57,126.49,132.61,128.59,44.0,2.45
2026-10-07 15:10,27.61,32.7,36.0,35.86,49.89,53.24,51.46,54.23,39.08,51.24,51.77,41.83,55.66,45.51,29.78,44.54,35.52,42.36,46.89,51.23,52.85,54.03,46.55,53.92,54.98,44.48,46.19,46.32,45.42,46.19,43.45,48.2,47.79,71.07,150.6,323.64,184.84,421.6,163.43,496.07,245.01,82.63,450.58,478.04,36.98,638.82,107.6,253.82,143.73,48.93,159.13,196.7,6.81,1155.51,35.92,125.87,328.78,43.22,449.34,0.0,11.68,244.91,154.86,79.84,0.0,32.12,411.94,205.95,306.96,0.46,33.49,294.34,143.89,332.91,15.34,247.1,0.65,75.13,197.71,241.28,137.45,237.85,194.64,602.0,177.17,131.9,459.85,318.96,68.76,10.58,37.06,97.87,110.37,268.09,101.59,142.08,451.23,31.7,84.18,30.98,112.66,51.74,80.33,712.85,8.44,99.79,211.83,260.87,130.63,304.59,70.9,156.91,119.94,219.12,85.89,133.1,133.52,43.99,2.46
2026-10-07 15:15,27.57,32.68,35.98,35.66,49.83,53.16,51.27,54.04,39.07,51.03,51.67,41.77,55.57,45.33,29.55,44.36,35.32,42.17,46.84,51.19,52.78,53.92,46.38,53.8,54.78,44.34,46.03,46.21,45.36,46.1,43.42,48.12,47.73,82.87,272.32,444.45,238.11,228.57,0.0,520.97,350.92,178.07,266.65,214.92,161.4,346.33,47.5,127.9,293.56,28.95,249.17,157.32,98.95,1147.25,17.08,153.58,753.65,71.11,617.08,194.22,169.69,259.95,28.63,85.82,410.71,16.18,525.43,277.27,413.26,112.61,60.56,601.16,242.31,448.19,25.66,60.33,0.58,101.15,296.42,252.64,136.78,391.34,85.92,111.28,103.91,139.67,560.54,406.84,98.49,7.16,0.0,135.79,170.75,74.36,183.69,341.61,229.75,138.34,37.85,63.27,43.02,71.79,173.54,665.24,13.06,203.81,456.49,47.08,137.18,324.47,17.31,164.3,288.39,207.02,181.87,137.11,137.18,43.94,2.47
2026-10-07 15:20,27.58,32.69,35.99,35.51,49.73,53.08,51.1,53.87,39.07,50.9,51.52,41.68,55.43,45.16,29.41,44.22,35.17,42.0,46.74,51.11,52.66,53.79,46.22,53.66,54.62,44.21,45.88,46.08,45.25,45.97,43.37,47.98,47.63,62.99,137.8,0.0,203.52,414.99,408.14,630.12,387.19,129.56,600.35,166.77,24.43,628.79,122.05,158.8,233.86,65.19,287.79,103.34,65.8,933.92,48.02,164.24,672.73,46.1,0.0,263.2,112.85,82.32,74.45,75.39,556.59,20.09,407.35,75.88,113.11,53.83,30.64,478.9,142.29,122.67,68.33,261.52,0.44,27.68,279.36,596.91,91.49,253.71,220.79,289.39,42.38,190.54,599.69,315.41,108.67,8.08,92.58,121.2,0.0,256.24,92.95,123.01,522.41,20.94,29.37,50.4,122.51,64.07,160.08,386.05,0.0,162.36,332.14,205.72,165.93,354.8,75.04,388.19,103.85,464.54,306.3,143.03,144.53,43.91,2.48
2026-10-07 15:25,27.62,32.72,36.01,35.87,49.92,53.29,51.45,54.21,39.08,51.25,51.79,41.84,55.67,45.51,29.78,44.54,35.53,42.35,46.93,51.25,52.87,54.03,46.53,53.93,54.96,44.49,46.2,46.34,45.44,46.21,43.46,48.22,47.8,66.71,8.82,305.19,224.21,182.72,683.59,390.84,428.98,123.64,162.79,217.9,123.54,276.86,22.72,10.53,260.7,17.68,182.36,266.41,63.32,1150.74,12.94,26.98,903.59,66.48,423.74,245.78,108.59,78.41,139.96,76.42,519.74,1.33,620.94,277.96,414.31,121.24,1.96,533.87,12.6,449.32,49.02,291.99,0.62,101.4,61.1,216.22,117.91,365.82,41.09,544.05,160.69,109.31,98.59,480.79,120.39,3.7,155.02,0.04,138.79,158.73,5.95,169.44,231.88,105.88,38.37,56.19,116.76,0.02,93.99,305.87,10.62,181.0,316.94,239.51,102.92,112.7,83.78,140.62,143.04,710.52,288.03,131.72,132.06,43.99,2.49
2026-10-07 15:30,27.63,32.72,36.02,35.67,49.77,53.09,51.24,54.0,39.08,51.08,51.64,41.73,55.5,45.32,29.59,44.31,35.33,42.14,46.78,51.14,52.72,53.86,46.33,53.75,54.76,44.34,46.03,46.19,45.3,46.06,43.4,48.08,47.7,65.2,287.19,297.35,167.47,434.84,0.0,505.02,530.11,74.15,250.16,353.14,0.0,658.88,85.44,138.11,98.63,27.16,276.87,162.79,72.54,1260.34,26.68,0.0,567.26,40.13,412.85,94.01,124.4,324.88,212.8,35.69,198.81,17.47,355.25,158.35,236.03,74.28,63.87,201.98,241.18,255.97,24.14,108.64,0.54,57.77,119.13,602.7,118.21,220.82,154.56,827.2,190.28,45.83,0.0,275.06,148.78,11.6,0.0,234.99,366.49,201.91,193.72,370.97,395.19,0.0,62.18,21.26,91.8,124.23,173.03,437.95,28.04,68.48,190.08,219.47,132.99,272.03,31.17,391.95,313.18,176.53,192.79,139.35,141.13,43.94,2.49
2026-10-07 15:35,27.61,32.72,36.01,35.74,49.84,53.16,51.33,54.1,39.08,51.14,51.68,41.78,55.59,45.39,29.65,44.43,35.4,42.23,46.86,51.2,52.79,53.95,46.43,53.84,54.85,44.39,46.09,46.24,45.36,46.1,43.42,48.11,47.73,80.91,137.77,77.75,228.27,431.28,363.49,473.8,358.52,146.87,551.23,177.84,97.67,653.47,34.9,26.8,173.62,59.85,302.8,199.65,0.0,1047.93,35.09,121.73,538.33,102.4,107.95,174.64,0.0,258.18,149.38,79.01,369.32,3.39,502.82,264.47,394.19,148.3,30.64,355.55,130.42,427.51,78.3,285.37,0.63,96.48,321.32,412.64,121.17,563.5,63.14,580.67,94.02,82.9,444.73,389.33,100.62,6.8,82.43,112.28,253.68,286.11,92.93,152.07,493.79,83.72,31.32,37.42,148.47,59.36,84.63,423.75,19.41,120.54,376.51,162.19,124.76,319.55,81.88,268.35,128.38,465.76,242.8,136.0,136.53,43.96,2.5
2026-10-07 15:40,27.63,32.75,36.04,35.8,49.87,53.23,51.4,54.17,39.07,51.12,51.76,41.82,55.63,45.44,29.71,44.48,35.46,42.3,46.88,51.22,52.83,53.99,46.49,53.89,54.91,44.43,46.13,46.3,45.41,46.18,43.45,48.2,47.78,65.13,279.94,206.84,258.37,150.38,644.27,309.24,226.4,80.36,483.26,334.15,101.86,227.85,143.32,113.66,168.15,52.47,126.44,174.28,68.51,645.13,27.44,63.22,237.61,54.07,287.18,186.75,117.5,186.51,22.0,104.35,394.92,14.38,634.79,100.36,149.58,147.27,62.25,344.35,253.82,162.22,57.01,106.31,0.58,36.61,204.34,494.58,86.45,297.56,259.27,85.51,101.81,24.46,231.1,491.51,63.54,10.22,146.09,269.04,161.64,140.66,188.83,318.19,438.46,87.3,58.84,36.24,98.95,142.23,212.85,372.89,12.37,116.74,205.99,188.06,81.43,316.21,30.5,321.64,268.62,762.5,215.22,134.14,134.56,43.97,2.51
2026-10-07 15:45,27.67,32.76,36.06,35.79,49.88,53.23,51.37,54.14,39.08,51.21,51.75,41.81,55.62,45.45,29.69,44.45,35.44,42.27,46.89,51.22,52.83,54.04,46.46,53.9,54.89,44.44,46.15,46.29,45.4,46.17,43.44,48.19,47.78,65.07,139.47,240.69,263.44,300.54,557.81,305.35,381.25,144.27,703.29,397.81,62.8,455.38,77.87,153.79,241.2,76.37,258.74,154.49,59.77,655.41,33.86,144.87,0.0,44.93,334.18,52.86,102.51,270.52,109.52,40.88,111.77,19.46,145.56,135.95,202.63,197.08,31.01,493.93,130.41,219.75,29.33,336.89,0.39,49.59,89.49,276.1,167.96,247.27,140.87,425.73,190.15,159.41,529.78,112.7,107.0,8.5,126.49,210.28,242.75,196.2,94.07,222.14,276.9,53.82,70.05,51.98,21.78,111.17,198.42,225.72,18.57,167.45,369.85,114.37,80.41,291.84,96.66,179.56,187.53,669.99,261.52,134.29,135.05,43.96,2.52
2026-10-07 15:50,27.64,32.76,36.05,35.87,49.94,53.33,51.44,54.21,39.09,51.27,51.75,41.82,55.69,45.51,29.8,44.54,35.53,42.34,46.95,51.26,52.9,54.1,46.54,53.95,54.96,44.48,46.2,46.31,45.41,46.18,43.45,48.19,47.79,75.3,85.96,70.62,272.7,333.29,371.22,426.31,179.02,76.57,41.41,183.9,37.56,505.0,122.42,149.25,156.75,4.5,340.34,161.49,80.7,512.58,41.62,201.82,919.64,39.93,98.04,174.67,138.39,53.35,109.29,126.07,369.37,18.89,649.3,174.89,260.67,93.93,19.11,320.99,72.18,282.71,3.42,215.25,0.53,63.8,262.69,666.92,0.0,219.73,221.46,424.85,173.53,128.83,737.83,502.75,50.24,11.15,84.18,179.18,220.85,190.13,57.98,282.18,453.86,32.19,32.38,33.78,112.45,94.72,100.19,702.4,16.9,108.83,196.29,278.83,112.26,128.53,61.76,433.72,238.22,271.9,294.16,133.13,131.31,43.98,2.53
2026-10-07 15:55,27.66,32.77,36.06,35.92,49.95,53.31,51.5,54.27,39.08,51.28,51.79,41.85,55.72,45.56,29.83,44.58,35.58,42.41,46.96,51.27,52.91,54.1,46.59,53.99,55.02,44.52,46.23,46.35,45.44,46.2,43.46,48.21,47.8,60.91,313.03,262.48,248.39,174.1,445.16,414.25,555.37,103.22,740.67,206.14,186.76,263.8,34.68,8.35,180.5,80.42,315.74,146.75,0.0,388.47,11.66,91.05,694.15,102.51,364.43,127.33,0.0,152.62,118.04,122.93,269.27,1.06,740.14,180.28,268.71,181.54,69.61,369.63,282.63,291.42,67.18,252.0,0.45,65.77,266.07,289.15,161.34,564.1,62.73,458.86,80.02,0.0,332.94,573.09,155.87,3.73,100.94,94.8,122.21,113.31,211.15,263.81,254.02,160.07,36.3,38.9,90.08,50.12,168.23,138.71,9.35,125.31,264.6,205.93,109.08,144.8,72.3,188.04,222.71,597.86,116.42,130.87,129.77,43.99,2.54
2026-10-07 16:00,27.69,32.79,36.09,35.82,49.92,53.3,51.41,54.18,39.08,51.19,51.72,41.8,55.67,45.47,29.73,44.5,35.48,42.31,46.93,51.25,52.88,54.06,46.51,53.94,54.93,44.44,46.15,46.27,45.38,46.14,43.44,48.16,47.75,53.46,269.36,135.72,244.91,323.53,588.26,563.24,744.49,49.72,202.77,101.99,110.42,490.22,90.96,157.21,79.27,22.02,271.22,100.2,38.3,402.06,40.47,120.0,311.71,43.7,188.44,89.32,65.68,142.66,0.0,25.94,188.88,19.89,508.97,132.28,197.17,140.65,59.9,162.34,253.33,213.83,69.98,295.54,0.68,48.26,290.25,447.62,154.85,240.5,164.55,0.0,108.98,202.45,438.88,394.09,208.95,6.02,133.39,154.19,104.7,193.23,181.7,281.31,198.61,94.64,17.96,17.09,105.84,81.51,230.27,482.44,8.01,55.04,127.47,38.46,148.32,407.35,84.8,291.1,237.49,576.49,205.57,134.81,131.96,43.96,2.54
2026-10-07 16:05,27.67,32.77,36.07,35.82,49.94,53.33,51.42,54.19,39.07,51.13,51.69,41.77,55.68,45.46,29.74,44.53,35.48,42.32,46.95,51.26,52.89,54.09,46.54,53.95,54.93,44.43,46.12,46.25,45.35,46.11,43.42,48.12,47.73,59.26,244.59,302.86,260.4,332.5,439.18,246.09,912.54,94.14,435.21,231.72,83.64,503.81,68.24,157.13,161.91,47.26,101.09,262.58,5.88,343.86,30.9,284.36,0.0,71.12,420.5,173.31,10.08,192.06,108.37,99.99,366.5,19.88,461.79,213.24,317.84,144.44,54.39,331.56,226.77,344.71,55.71,139.25,0.55,77.79,81.71,196.82,69.15,391.39,123.45,421.25,206.57,103.07,1039.85,357.56,256.11,6.41,99.59,36.15,301.47,155.23,164.99,127.43,363.96,71.68,40.8,34.89,200.65,19.11,132.44,463.12,23.06,112.41,241.34,278.54,64.8,37.44,39.95,128.0,107.58,546.61,33.88,135.83,130.82,43.96,2.55
2026-10-07 16:10,27.68,32.79,36.09,35.95,50.01,53.39,51.56,54.33,39.09,51.37,51.88,41.9,55.77,45.6,29.85,44.63,35.61,42.46,47.02,51.31,52.97,54.16,46.64,54.04,55.07,44.57,46.3,46.42,45.5,46.29,43.5,48.32,47.87,61.16,241.67,272.28,243.61,378.7,738.91,366.0,796.39,51.66,333.54,419.71,0.0,573.81,12.78,147.5,116.33,36.22,0.0,119.34,62.62,283.65,32.67,222.19,518.76,13.91,378.03,95.44,107.39,186.85,61.31,16.4,201.82,18.66,297.23,207.55,309.35,188.04,53.74,238.21,220.23,335.49,61.51,144.05,0.55,75.71,390.85,326.76,104.14,76.53,23.13,238.33,104.11,53.6,812.59,230.14,223.51,1.03,167.55,61.52,215.51,153.83,163.01,307.86,376.44,0.0,73.9,25.07,91.37,32.52,164.18,557.84,16.49,80.76,132.43,197.6,96.38,450.35,41.33,212.5,259.9,570.82,278.63,127.68,125.79,43.99,2.56
2026-10-07 16:15,27.69,32.81,36.1,35.64,49.78,53.1,51.21,53.97,39.07,51.03,51.6,41.72,55.51,45.29,29.54,44.32,35.3,42.11,46.79,51.15,52.72,53.87,46.31,53.74,54.73,44.31,45.99,46.15,45.29,46.03,43.39,48.04,47.67,58.44,248.46,81.7,250.85,96.64,605.23,585.2,320.64,147.38,102.38,166.11,55.93,146.43,82.23,37.45,243.14,11.12,242.05,201.35,67.58,318.89,50.37,135.43,872.66,20.45,113.43,205.49,115.9,225.3,107.97,114.41,434.54,4.74,497.79,135.81,202.42,212.93,55.25,497.91,212.34,219.53,85.27,251.25,0.65,49.54,128.16,614.47,97.5,112.52,148.75,419.72,87.28,60.58,495.31,385.44,89.99,5.32,137.24,223.24,67.83,270.63,167.6,162.99,328.03,47.94,29.25,52.4,177.05,118.02,157.77,391.94,5.19,168.81,377.82,191.81,154.1,280.66,72.09,399.6,137.6,607.16,293.92,140.2,141.15,43.92,2.57
2026-10-07 16:20,27.73,32.83,36.12,35.95,49.96,53.33,51.52,54.29,39.08,51.35,51.8,41.86,55.72,45.6,29.87,44.6,35.61,42.44,46.98,51.28,52.92,54.09,46.61,53.98,55.04,44.55,46.27,46.36,45.44,46.21,43.46,48.22,47.81,62.17,373.57,200.35,229.28,0.0,241.96,509.8,893.75,119.97,527.58,194.7,76.35,0.0,58.07,80.6,0.0,57.29,180.29,88.53,29.0,314.3,44.74,150.22,446.48,58.73,278.17,177.1,49.73,197.71,23.3,21.27,374.51,10.2,428.87,184.42,274.88,183.56,83.07,0.0,330.76,298.12,58.52,225.54,0.6,67.28,176.25,404.15,75.48,323.19,105.04,90.56,179.64,56.69,549.39,332.07,250.83,8.53,54.87,0.0,204.02,263.61,251.99,299.88,194.46,65.44,34.28,0.0,85.44,0.0,102.3,637.68,15.61,0.0,307.54,0.0,134.24,310.6,64.71,262.83,253.16,214.81,96.19,130.54,129.06,43.99,2.58
2026-10-07 16:25,27.74,32.84,36.14,36.03,50.02,53.41,51.59,54.35,39.08,51.39,51.89,41.91,55.79,45.66,29.95,44.69,35.69,42.5,47.04,51.32,52.99,54.2,46.69,54.07,55.11,44.61,46.34,46.44,45.51,46.3,43.5,48.32,47.89,64.88,292.97,147.99,276.03,348.44,296.12,281.62,399.91,54.05,470.5,314.81,0.0,527.96,116.45,77.62,110.58,51.09,267.37,160.04,43.16,357.08,15.71,248.48,435.08,51.53,205.47,179.54,74.02,185.93,67.11,69.47,379.67,9.82,216.1,171.43,255.51,174.19,65.15,226.44,249.85,277.11,71.41,182.57,0.53,62.54,58.5,304.69,31.09,283.56,210.66,260.86,156.96,109.34,908.76,167.33,112.24,2.41,67.15,209.34,237.78,156.43,197.62,135.33,175.82,0.0,55.43,23.83,86.0,110.67,153.17,160.17,18.19,76.77,138.55,180.01,74.16,0.0,52.38,198.15,114.25,295.26,39.51,126.72,125.25,44.0,2.59
2026-10-07 16:30,27.69,32.81,36.11,35.85,49.97,53.37,51.48,54.24,39.08,51.22,51.68,41.77,55.72,45.5,29.75,44.57,35.5,42.37,46.98,51.28,52.93,54.13,46.58,53.99,54.98,44.45,46.16,46.25,45.35,46.1,43.41,48.11,47.72,60.21,230.01,306.69,243.61,348.36,477.46,366.41,437.39,151.65,616.74,327.8,170.2,527.84,60.52,57.48,258.07,66.97,129.15,139.68,53.67,295.21,25.94,170.97,248.62,57.75,425.81,159.41,92.05,100.77,142.69,81.81,337.1,7.27,238.91,183.4,273.36,225.78,51.15,528.48,196.89,296.46,59.9,173.57,0.68,66.9,354.45,572.35,56.76,317.79,109.49,554.66,264.86,208.63,625.26,184.99,122.76,11.94,108.27,138.28,123.57,186.9,155.15,138.1,380.25,145.88,57.72,55.62,89.64,73.1,154.25,510.5,9.45,179.17,388.76,241.96,96.49,273.76,49.8,372.21,116.59,408.9,68.8,136.35,129.1,43.96,2.6
2026-10-07 16:35,27.73,32.84,36.13,35.73,49.88,53.26,51.32,54.09,39.08,51.11,51.66,41.74,55.61,45.37,29.64,44.44,35.38,42.22,46.89,51.21,52.83,53.99,46.43,53.85,54.83,44.37,46.06,46.21,45.32,46.09,43.4,48.1,47.71,64.19,204.72,205.78,196.42,588.38,341.49,451.52,194.38,55.48,104.12,245.64,116.93,891.52,45.48,148.48,303.14,11.31,87.47,83.99,45.94,270.98,35.59,208.66,236.24,65.66,285.7,230.62,78.78,106.73,37.88,38.03,487.68,18.79,602.19,48.49,72.28,154.68,45.52,620.78,184.18,78.39,67.02,197.14,0.59,17.69,62.61,854.56,191.94,361.35,82.27,147.26,204.31,34.44,763.1,466.27,54.55,5.0,77.44,75.04,260.0,96.41,138.09,150.15,283.48,100.22,43.25,65.33,194.2,39.67,85.97,520.67,19.89,210.46,142.23,137.82,118.9,45.76,56.56,555.74,126.76,398.72,314.36,138.0,134.99,43.93,2.6
2026-10-07 16:40,27.76,32.87,36.16,35.84,49.94,53.32,51.42,54.18,39.08,51.21,51.77,41.8,55.68,45.48,29.75,44.54,35.5,42.33,46.95,51.26,52.89,54.07,46.54,53.95,54.93,44.46,46.16,46.32,45.4,46.19,43.44,48.21,47.78,62.29,233.63,309.02,243.61,289.54,611.57,278.36,371.7,62.2,897.08,217.52,176.47,438.72,0.0,155.66,139.45,97.41,194.71,186.95,55.55,312.84,40.79,177.25,159.45,50.9,429.05,46.82,95.28,219.37,177.31,92.18,99.0,19.7,488.27,141.07,210.27,132.91,51.96,285.56,220.23,228.04,104.32,301.63,0.69,51.46,195.14,479.45,177.95,280.13,0.0,689.23,102.4,43.85,648.23,378.07,104.32,5.87,138.68,0.0,232.5,179.59,157.6,182.43,420.27,151.25,38.3,30.05,105.45,0.0,90.42,0.0,17.79,96.81,159.46,219.68,73.3,0.0,86.54,311.8,154.01,770.84,136.23,133.48,131.6,43.95,2.61
2026-10-07 16:45,27.75,32.85,36.15,35.81,49.89,53.26,51.42,54.17,39.08,51.21,51.75,41.8,55.63,45.47,29.72,44.48,35.47,42.31,46.9,51.22,52.84,54.01,46.5,53.89,54.94,44.45,46.16,46.29,45.38,46.17,43.44,48.19,47.78,58.13,235.61,92.97,273.72,416.8,450.25,206.16,314.87,98.89,827.73,381.5,49.39,631.53,39.28,136.38,143.29,89.88,150.37,100.99,65.44,376.73,32.99,82.67,538.33,48.83,129.08,98.93,112.23,43.94,112.65,37.03,209.21,17.26,676.34,156.35,233.04,63.42,52.39,293.43,201.72,252.74,0.39,126.18,0.67,57.04,41.8,851.32,237.58,268.69,71.06,437.89,51.74,100.13,302.36,523.69,88.37,2.7,102.1,140.49,161.98,69.47,158.93,211.49,362.71,42.34,67.18,30.88,160.55,74.27,156.82,819.38,12.39,99.48,253.5,178.01,54.29,465.52,36.21,553.63,178.54,476.45,93.39,134.58,134.59,43.95,2.62
2026-10-07 16:50,27.78,32.89,36.17,35.84,49.9,53.23,51.41,54.18,39.08,51.21,51.76,41.83,55.65,45.48,29.74,44.5,35.49,42.32,46.91,51.23,52.85,54.02,46.5,53.9,54.93,44.47,46.17,46.31,45.42,46.18,43.46,48.19,47.78,65.7,76.66,191.87,198.3,192.42,756.76,361.32,233.34,106.72,85.94,232.17,132.84,291.55,31.83,120.57,75.43,9.33,233.53,222.82,102.48,288.6,42.68,102.89,578.81,61.64,266.39,252.02,175.75,119.12,113.41,69.32,532.95,15.26,133.13,98.96,147.5,104.56,17.05,154.47,79.45,159.97,17.9,255.0,0.65,36.1,62.99,356.0,146.74,339.18,57.57,440.85,70.49,47.56,376.29,103.08,65.49,9.29,171.6,183.95,187.21,179.33,51.71,357.3,339.63,113.86,40.88,16.26,57.09,97.25,129.66,549.2,14.32,52.37,273.57,184.47,95.14,423.2,73.16,231.51,301.64,805.65,100.48,132.78,133.49,43.95,2.63
2026-10-07 16:55,27.74,32.86,36.16,36.01,49.97,53.33,51.57,54.33,39.08,51.38,51.82,41.84,55.74,45.65,29.94,44.66,35.67,42.48,46.98,51.29,52.93,54.13,46.66,54.02,55.09,44.58,46.3,46.38,45.43,46.23,43.46,48.25,47.81,58.44,238.99,0.0,230.0,0.0,932.52,386.95,969.03,100.06,577.47,238.2,153.98,0.0,57.27,90.35,52.38,62.7,109.89,257.32,68.73,354.88,7.66,223.47,900.69,51.73,0.0,96.07,117.88,172.7,101.96,63.44,203.16,11.43,500.74,331.04,493.41,0.0,53.15,107.26,216.31,535.12,85.68,208.81,0.75,120.76,227.63,673.65,89.35,284.66,103.61,396.36,102.74,26.41,817.27,387.72,271.96,7.34,211.46,115.61,304.18,180.34,161.21,265.47,142.64,131.98,41.94,11.29,43.72,61.12,131.82,718.87,23.27,36.37,256.51,157.46,101.89,0.0,59.91,438.09,224.11,683.03,129.84,130.71,128.3,43.99,2.64
2026-10-07 17:00,27.78,32.9,36.19,35.9,49.99,53.37,51.5,54.26,39.07,51.22,51.76,41.84,55.74,45.54,29.81,44.58,35.56,42.41,47.0,51.29,52.94,54.15,46.6,54.01,55.01,44.5,46.2,46.32,45.43,46.19,43.47,48.21,47.79,61.98,133.11,165.46,206.7,81.24,685.79,394.06,384.89,53.48,180.05,116.72,105.48,123.1,35.51,66.42,157.38,19.55,225.45,226.82,79.33,303.11,19.43,219.56,363.19,16.57,229.72,65.85,136.06,160.11,73.61,84.83,139.26,8.4,404.01,311.37,464.09,193.66,29.6,322.29,125.22,503.32,73.34,175.91,0.6,113.59,254.92,585.31,127.46,91.21,64.23,286.15,28.4,133.17,802.98,312.82,108.02,12.48,155.51,56.93,216.93,187.43,89.79,324.86,402.07,90.41,20.55,33.92,160.86,30.09,259.87,744.99,16.6,109.26,137.09,29.26,103.77,175.58,50.47,380.64,274.26,624.01,42.67,131.63,128.05,43.96,2.65
2026-10-07 17:05,27.78,32.89,36.18,35.77,49.88,53.25,51.34,54.1,39.09,51.18,51.67,41.77,55.61,45.43,29.69,44.45,35.44,42.24,46.89,51.21,52.83,54.01,46.44,53.87,54.86,44.41,46.12,46.23,45.35,46.09,43.43,48.11,47.72,63.62,214.55,209.62,241.58,278.71,595.93,492.18,571.77,79.5,429.54,192.85,163.79,422.3,67.45,192.96,57.83,46.64,249.3,96.47,16.55,353.41,39.65,133.34,718.11,55.29,291.05,271.33,28.38,174.37,142.26,37.82,573.77,24.42,302.42,0.0,0.0,151.92,47.71,118.43,186.02,0.0,85.9,261.99,0.68,0.0,286.56,462.51,126.28,304.25,122.01,553.02,130.24,209.2,487.64,234.16,160.47,7.01,135.13,138.29,234.91,127.48,144.72,230.49,188.32,140.39,33.96,12.46,156.9,73.11,96.02,597.48,17.97,40.15,203.8,17.25,129.6,244.49,75.17,300.78,194.59,481.14,233.75,136.35,134.88,43.93,2.65
2026-10-07 17:10,27.78,32.89,36.19,35.75,49.9,53.28,51.35,54.12,39.08,51.15,51.69,41.78,55.62,45.41,29.65,44.44,35.41,42.25,46.91,51.22,52.85,54.04,46.45,53.88,54.86,44.41,46.11,46.24,45.34,46.12,43.42,48.14,47.74,54.03,130.78,396.65,245.78,369.35,168.02,189.11,803.63,33.92,886.51,244.65,0.0,559.65,67.35,151.79,143.3,96.26,220.71,142.95,44.69,437.68,42.66,237.48,741.45,88.45,550.71,130.64,76.65,9.53,25.04,90.07,276.26,19.21,140.2,108.99,162.45,84.81,29.08,293.46,120.12,176.18,44.48,58.29,0.56,39.76,94.81,741.4,77.53,486.73,121.83,97.32,236.23,27.72,868.51,108.56,225.54,10.33,38.1,199.58,117.59,89.17,88.22,200.44,407.39,0.0,43.08,30.88,145.03,105.51,203.92,772.64,9.0,99.49,86.95,113.46,49.8,322.38,16.73,482.15,169.21,462.53,132.92,135.69,134.15,43.92,2.66
2026-10-07 17:15,27.82,32.93,36.22,35.88,49.94,53.32,51.46,54.23,39.07,51.23,51.78,41.82,55.7,45.51,29.81,44.57,35.54,42.36,46.94,51.27,52.9,54.08,46.55,53.97,54.98,44.49,46.2,46.33,45.41,46.2,43.45,48.22,47.8,54.47,309.07,14.43,214.23,490.88,223.18,372.14,396.78,86.72,88.95,49.41,63.82,743.78,87.32,70.82,195.6,9.66,66.72,84.19,48.15,432.72,47.15,144.59,343.12,55.98,20.04,135.89,82.57,167.05,137.25,121.22,287.37,8.96,281.36,0.0,0.0,0.0,68.73,400.55,268.67,0.0,78.4,387.97,0.71,0.0,261.2,716.18,170.47,308.07,157.97,533.53,197.83,165.95,528.79,217.86,111.36,3.67,50.61,278.8,0.0,141.64,208.48,0.0,396.02,54.7,8.7,42.16,92.28,147.39,251.97,312.26,0.0,135.8,222.32,235.92,97.99,281.03,111.32,465.75,0.0,181.3,345.51,132.47,131.13,43.95,2.67
2026-10-07 17:20,27.83,32.93,36.22,35.87,49.91,53.26,51.45,54.22,39.09,51.28,51.76,41.83,55.67,45.51,29.78,44.54,35.53,42.36,46.93,51.25,52.86,54.04,46.55,53.93,54.97,44.5,46.21,46.32,45.41,46.17,43.45,48.18,47.78,57.94,232.92,58.76,271.26,133.92,609.97,261.75,495.19,93.11,644.26,150.7,92.4,202.92,0.0,235.8,189.74,69.96,151.45,155.63,41.49,612.64,39.62,187.17,344.79,61.72,81.59,94.13,71.16,193.79,65.57,73.04,199.05,29.84,321.66,143.29,213.58,212.47,51.8,388.56,204.89,231.63,1.91,283.28,0.69,52.27,119.69,613.28,146.59,339.62,0.0,254.9,137.21,96.11,684.54,249.06,138.98,9.46,138.32,77.04,196.65,78.13,157.11,157.18,491.52,79.19,26.54,40.89,71.94,40.73,104.96,582.24,15.05,131.73,238.68,148.5,68.93,328.66,81.28,398.83,132.69,811.0,148.36,132.41,132.52,43.94,2.68
2026-10-07 17:25,27.76,32.88,36.18,35.6,49.75,53.09,51.2,53.97,39.08,51.02,51.59,41.7,55.49,45.28,29.49,44.26,35.27,42.1,46.76,51.14,52.7,53.87,46.28,53.74,54.73,44.3,45.98,46.14,45.27,46.02,43.38,48.04,47.67,51.19,177.81,450.96,258.81,319.1,262.54,677.11,445.94,158.85,633.08,82.81,26.92,483.5,44.07,142.45,315.41,68.74,275.59,223.57,30.64,688.46,42.53,168.09,318.94,53.26,626.12,165.16,52.55,253.68,36.97,59.86,349.26,18.02,474.16,316.32,471.47,156.95,39.54,645.89,164.84,511.32,45.73,176.3,0.79,115.39,182.76,567.42,239.86,293.06,79.73,143.7,71.43,178.66,614.75,367.14,125.16,6.07,59.53,236.52,351.5,215.82,119.94,443.79,477.34,23.08,14.58,67.98,23.03,125.04,190.91,658.31,26.89,218.97,407.22,246.42,178.3,290.35,50.58,369.01,374.65,343.46,383.8,141.16,142.23,43.88,2.69
2026-10-07 17:30,27.81,32.92,36.22,35.71,49.84,53.19,51.32,54.09,39.08,51.08,51.65,41.77,55.58,45.37,29.6,44.42,35.37,42.22,46.84,51.19,52.79,53.93,46.42,53.82,54.83,44.37,46.05,46.21,45.34,46.08,43.41,48.09,47.7,52.51,251.09,326.92,282.98,341.44,932.16,540.55,540.7,110.32,353.56,194.45,64.04,517.36,64.2,145.05,229.27,38.39,376.23,184.23,29.1,906.75,28.9,323.59,57.22,0.0,453.91,85.67,49.91,159.42,163.95,65.1,181.16,18.35,30.38,158.48,236.21,75.58,55.84,469.5,225.04,256.18,20.89,45.38,0.82,57.81,258.86,109.71,247.31,0.0,116.13,637.33,175.13,152.56,1183.42,23.52,151.75,8.57,211.38,173.12,104.45,189.44,169.37,4.13,235.33,54.89,34.24,49.41,178.83,91.52,0.0,378.25,7.99,159.17,282.8,135.44,142.34,323.34,13.02,71.35,3.49,865.36,0.0,137.68,136.44,43.9,2.7
2026-10-07 17:35,27.8,32.91,36.21,35.8,49.91,53.28,51.43,54.2,39.08,51.2,51.68,41.77,55.66,45.45,29.7,44.52,35.46,42.32,46.91,51.24,52.87,54.08,46.53,53.95,54.93,44.42,46.13,46.24,45.35,46.1,43.41,48.11,47.72,45.38,239.58,1.73,260.4,444.33,522.15,543.56,289.18,120.1,579.77,202.87,165.78,673.25,111.59,86.4,313.63,62.95,153.05,247.99,62.78,927.68,35.64,130.56,190.35,75.7,2.4,120.16,107.66,160.28,132.87,70.32,254.1,10.93,552.04,169.95,253.31,107.04,53.28,642.26,219.61,274.72,49.6,235.26,0.91,62.0,172.8,734.8,234.03,416.59,201.86,516.48,253.11,155.55,477.5,427.44,81.16,6.29,118.4,184.09,134.22,117.83,161.6,173.23,486.44,142.09,35.72,67.59,35.6,97.32,149.27,403.09,10.27,217.74,307.89,187.03,143.13,315.45,67.5,477.86,146.24,707.85,0.0,136.42,133.01,43.92,2.7
2026-10-07 17:40,27.84,32.93,36.23,35.89,50.0,53.41,51.48,54.25,39.08,51.26,51.75,41.82,55.73,45.53,29.8,44.55,35.55,42.38,47.01,51.28,52.95,54.17,46.56,54.02,55.0,44.49,46.21,46.31,45.4,46.16,43.45,48.18,47.77,44.62,190.85,2.12,278.35,439.87,620.88,383.37,1032.63,57.54,1020.75,242.22,92.28,666.49,23.93,107.48,102.15,110.84,324.87,207.53,65.91,1206.36,56.51,98.35,375.75,61.79,2.94,151.23,113.04,72.18,72.54,122.77,319.81,13.6,561.76,153.21,228.36,147.97,42.44,209.19,168.79,247.67,29.31,197.02,1.15,55.89,218.43,280.7,209.19,340.0,43.28,281.99,39.07,139.96,359.69,434.97,289.81,12.4,140.79,163.7,119.05,65.93,128.74,249.8,452.39,79.1,42.65,22.02,187.14,86.54,203.21,267.3,9.11,70.92,147.51,141.48,100.95,285.45,56.53,182.54,210.89,669.75,152.77,132.95,128.02,43.94,2.71
2026-10-07 17:45,27.81,32.91,36.22,35.6,49.78,53.14,51.19,53.96,39.09,51.04,51.55,41.68,55.49,45.27,29.49,44.28,35.26,42.09,46.79,51.14,52.72,53.89,46.3,53.74,54.71,44.28,45.97,46.11,45.25,45.98,43.38,47.99,47.64,48.98,154.34,475.77,235.5,390.21,234.29,641.07,693.25,65.96,229.43,385.88,181.76,591.25,96.88,136.9,319.58,24.91,209.89,182.14,39.16,1221.42,40.63,131.81,409.63,45.21,660.56,123.06,67.16,163.72,221.29,0.0,260.23,17.32,367.05,268.45,400.12,173.2,34.32,654.45,150.27,433.94,47.92,142.98,0.92,97.93,256.88,251.54,137.09,248.79,175.26,860.22,100.89,162.9,482.07,284.2,194.56,11.91,53.13,54.33,189.2,209.72,104.11,324.77,72.58,155.79,67.95,68.88,129.47,28.72,219.36,534.33,14.48,221.88,169.1,176.1,168.81,351.92,41.02,163.58,274.18,454.56,250.49,142.2,140.88,43.88,2.72
2026-10-07 17:50,27.86,32.96,36.25,35.86,49.94,53.32,51.42,54.19,39.09,51.26,51.73,41.8,55.68,45.5,29.78,44.54,35.52,42.32,46.95,51.25,52.89,54.06,46.53,53.93,54.94,44.47,46.19,46.28,45.38,46.15,43.43,48.16,47.75,47.02,215.69,318.4,256.2,297.97,616.15,543.4,619.88,85.07,733.88,269.46,38.74,451.49,137.38,201.56,78.74,79.69,309.01,28.67,89.47,1513.88,2.7,184.34,189.18,53.52,442.07,143.12,153.44,158.69,133.06,64.48,302.65,25.5,0.0,53.18,79.27,229.85,47.96,161.24,189.96,85.97,52.8,79.0,1.03,19.4,118.75,13.49,70.82,294.51,248.53,517.24,188.32,76.55,674.19,0.0,173.97,6.54,139.72,210.46,310.75,156.27,145.49,280.61,140.34,33.21,47.45,16.97,169.74,111.26,160.14,519.23,23.77,54.66,218.07,115.63,143.09,0.0,22.67,8.78,236.9,574.14,155.98,134.6,130.61,43.93,2.73
2026-10-07 17:55,27.89,32.98,36.28,35.94,49.94,53.32,51.51,54.29,39.06,51.25,51.87,41.9,55.72,45.58,29.86,44.6,35.59,42.42,46.95,51.27,52.9,54.1,46.6,53.99,55.03,44.54,46.26,46.41,45.5,46.29,43.49,48.31,47.88,42.6,248.9,325.63,282.98,374.0,332.3,471.42,744.97,99.3,488.22,207.84,4.0,566.69,54.74,53.75,194.9,53.01,86.12,142.07,68.8,1151.1,30.83,7.74,152.01,54.67,452.12,60.46,117.99,52.57,122.04,78.28,127.86,6.8,261.79,163.88,244.26,157.81,55.35,399.12,221.58,264.91,29.06,280.07,0.92,59.78,311.05,370.44,282.98,300.84,99.03,474.39,273.01,138.09,28.32,202.7,209.08,9.38,75.35,84.63,11.55,258.64,167.89,261.81,179.72,3.43,36.6,42.01,0.36,44.74,170.44,286.95,0.88,135.31,254.57,93.71,124.14,117.37,80.36,240.9,221.03,297.18,232.05,128.39,130.21,43.95,2.73
2026-10-07 18:00,27.85,32.96,36.26,35.64,49.85,53.21,51.25,54.01,39.08,51.01,51.57,41.69,55.57,45.28,29.55,44.35,35.3,42.14,46.86,51.19,52.79,53.97,46.36,53.82,54.75,44.3,45.98,46.14,45.26,46.01,43.38,48.02,47.65,45.69,329.75,56.29,221.61,114.93,447.93,519.23,374.09,32.48,507.77,78.62,128.67,174.15,50.62,167.07,192.3,55.14,168.2,130.84,50.91,1630.46,33.53,76.98,335.67,82.03,78.15,280.88,87.31,181.93,0.0,51.2,593.97,21.14,358.22,203.17,302.82,211.76,73.33,393.79,288.09,328.41,91.45,337.96,1.18,74.12,270.23,535.76,81.93,451.41,91.57,0.0,197.79,155.48,281.55,277.37,104.99,9.36,101.57,170.97,320.86,169.17,222.43,391.93,552.1,110.28,13.84,41.44,61.24,90.38,267.24,368.94,24.55,133.5,83.27,225.9,136.73,167.9,96.97,348.42,330.88,485.83,243.95,141.13,137.53,43.88,2.74
2026-10-07 18:05,27.88,32.99,36.28,35.82,49.88,53.22,51.42,54.2,39.08,51.22,51.75,41.82,55.64,45.49,29.73,44.49,35.48,42.32,46.89,51.22,52.83,54.0,46.5,53.9,54.94,44.46,46.18,46.31,45.4,46.17,43.45,48.18,47.78,48.98,396.58,277.06,233.62,161.29,274.17,446.11,523.22,169.6,482.45,283.77,119.46,244.39,63.82,135.97,120.02,52.39,171.94,183.58,102.01,1544.54,37.05,90.97,233.0,101.2,384.67,89.6,174.95,182.14,28.13,23.22,189.47,17.2,184.8,301.58,449.51,232.01,88.19,245.78,347.6,487.5,60.89,141.14,1.18,110.02,150.03,422.52,88.43,556.89,115.45,109.36,134.05,55.25,332.68,143.09,146.84,13.66,62.17,87.78,145.23,134.71,267.51,374.3,315.31,102.39,49.97,25.87,53.56,46.41,190.56,216.11,11.11,83.33,434.77,184.59,117.47,375.18,40.5,274.78,315.99,422.05,134.38,133.27,134.33,43.92,2.75
2026-10-07 18:10,27.83,32.96,36.26,35.74,49.87,53.22,51.35,54.11,39.09,51.16,51.66,41.78,55.62,45.4,29.64,44.46,35.4,42.25,46.87,51.21,52.82,53.98,46.46,53.85,54.85,44.4,46.09,46.23,45.34,46.1,43.42,48.11,47.72,49.04,279.34,320.39,231.89,426.12,799.89,276.62,368.06,48.56,615.46,0.0,5.07,645.66,81.02,48.0,283.55,66.83,89.36,282.85,24.0,1542.88,42.34,83.88,489.03,83.13,444.84,253.15,41.16,180.17,62.18,95.4,535.34,6.07,463.15,72.19,107.6,225.54,62.12,580.67,251.86,116.69,19.75,123.76,0.98,26.33,265.07,962.18,231.05,457.47,146.57,241.69,220.2,99.13,306.77,358.61,103.3,11.8,181.38,165.48,82.43,162.69,188.43,104.37,301.85,4.34,0.0,61.11,70.75,87.48,170.87,689.14,6.31,196.86,124.49,125.98,72.84,340.88,35.51,625.73,88.11,659.27,121.05,136.12,135.16,43.9,2.76
2026-10-07 18:15,27.86,32.97,36.27,35.79,49.89,53.24,51.39,54.15,39.07,51.13,51.71,41.78,55.63,45.44,29.7,44.47,35.45,42.29,46.89,51.22,52.84,54.04,46.47,53.9,54.9,44.42,46.12,46.26,45.36,46.13,43.42,48.14,47.74,42.35,188.93,443.83,254.9,141.76,590.75,746.3,897.35,179.91,576.2,282.28,100.86,214.8,66.92,48.7,166.73,62.57,133.06,112.54,20.52,1400.23,34.03,101.48,102.16,55.2,616.22,159.09,35.19,80.1,244.15,33.79,336.43,6.16,226.55,205.0,305.55,282.54,42.01,341.43,172.14,331.38,51.37,253.02,1.02,74.78,260.56,292.43,220.93,303.76,121.06,949.05,181.9,94.45,371.14,175.42,251.84,8.67,133.96,34.82,289.52,214.25,127.44,184.24,278.16,86.45,49.71,35.93,153.23,18.41,202.45,179.52,22.15,115.75,461.22,78.67,196.52,79.59,72.6,190.17,155.54,747.3,276.43,135.7,134.33,43.91,2.77
2026-10-07 18:20,27.87,32.99,36.29,36.05,50.05,53.45,51.65,54.41,39.08,51.39,51.9,41.92,55.83,45.69,29.96,44.7,35.7,42.56,47.06,51.34,53.02,54.25,46.73,54.12,55.16,44.62,46.36,46.46,45.51,46.31,43.5,48.33,47.88,42.03,211.17,178.14,237.1,16.24,663.21,466.14,407.07,116.88,950.9,280.79,1.0,24.6,96.63,137.17,244.47,103.25,292.88,98.45,43.8,1296.14,27.06,173.7,172.99,52.75,247.34,107.07,75.12,180.93,133.66,117.73,226.43,17.36,276.67,347.92,518.57,249.17,46.96,500.64,182.32,562.4,12.41,174.07,1.03,126.92,236.62,443.89,137.9,290.28,174.81,519.56,62.74,107.53,635.25,214.22,114.24,7.39,150.39,132.1,143.68,173.22,142.44,463.77,436.75,0.86,49.44,52.69,35.09,69.84,145.19,596.4,10.99,169.73,299.62,233.3,122.75,102.41,49.95,288.67,391.53,715.69,28.99,126.47,123.27,43.96,2.77
2026-10-07 18:25,27.82,32.95,36.25,35.58,49.82,53.19,51.18,53.95,39.07,50.97,51.52,41.67,55.52,45.23,29.5,44.31,35.24,42.08,46.84,51.16,52.76,53.94,46.31,53.77,54.69,44.25,45.92,46.09,45.23,45.96,43.36,47.97,47.62,37.36,156.63,349.55,283.71,373.03,765.95,681.28,347.19,89.98,1232.67,267.22,165.37,565.21,0.0,94.02,132.55,133.85,257.43,92.78,90.14,1346.44,24.21,235.83,422.33,18.98,485.32,163.91,154.59,90.74,220.64,77.23,346.62,11.9,509.56,221.63,330.34,163.34,34.83,271.45,153.84,358.26,0.0,294.9,0.95,80.85,209.38,954.96,145.24,104.47,0.0,857.7,213.55,135.32,862.46,394.55,97.44,15.05,173.69,146.56,351.58,200.23,105.65,150.15,341.25,141.74,47.05,28.57,139.18,77.48,64.86,640.9,26.9,92.03,230.67,255.01,179.4,98.73,84.61,621.04,126.76,685.36,86.04,143.46,139.9,43.86,2.78
2026-10-07 18:30,27.88,32.98,36.28,35.63,49.8,53.17,51.22,53.98,39.07,51.01,51.55,41.67,55.51,45.3,29.54,44.33,35.29,42.12,46.81,51.15,52.74,53.92,46.32,53.76,54.74,44.29,45.97,46.12,45.24,45.98,43.36,48.0,47.63,42.03,174.03,181.37,239.56,345.61,181.22,750.86,893.71,77.66,824.01,227.17,151.34,523.66,75.05,145.13,217.15,89.47,202.36,59.67,91.35,1277.23,54.44,107.7,477.99,31.9,251.81,296.08,156.66,170.33,118.56,62.31,626.11,18.36,598.32,195.03,290.69,133.86,38.7,444.68,166.66,315.26,79.77,115.13,0.83,71.15,253.23,465.42,0.0,175.54,135.77,460.86,144.78,154.35,393.9,463.28,250.82,7.63,41.09,0.0,288.69,251.42,117.39,122.41,35.49,129.71,40.0,46.8,225.79,0.0,85.82,402.69,22.09,150.76,199.07,240.2,197.72,93.09,33.03,302.68,103.34,303.95,387.31,142.58,139.73,43.87,2.79
2026-10-07 18:35,27.9,33.01,36.31,35.7,49.8,53.16,51.3,54.07,39.08,51.08,51.65,41.75,55.54,45.35,29.6,44.37,35.35,42.2,46.81,51.17,52.75,53.9,46.39,53.8,54.82,44.35,46.04,46.2,45.33,46.08,43.41,48.09,47.7,39.64,197.87,335.86,269.09,421.15,998.32,637.81,477.7,97.05,67.56,309.24,94.47,638.12,82.79,50.9,194.23,7.34,120.25,221.05,32.09,1197.19,20.31,50.06,615.26,21.17,466.32,22.51,55.04,154.8,95.64,23.6,47.6,6.44,611.05,267.86,399.24,52.0,44.0,397.75,193.98,432.98,57.18,280.25,0.75,97.71,305.99,475.43,148.71,116.48,149.76,371.79,233.26,68.46,183.08,473.13,134.07,6.56,226.38,78.65,198.21,202.38,133.47,252.35,248.03,80.97,54.45,41.86,111.78,41.58,59.73,282.3,15.16,134.85,248.8,321.01,167.95,260.67,80.41,309.18,213.03,1016.91,230.37,138.26,139.08,43.88,2.79
2026-10-07 18:40,27.9,33.02,36.31,35.8,49.94,53.34,51.42,54.19,39.08,51.2,51.69,41.78,55.68,45.46,29.7,44.48,35.46,42.31,46.95,51.25,52.89,54.07,46.51,53.93,54.93,44.43,46.14,46.26,45.36,46.12,43.42,48.13,47.74,34.97,304.75,0.0,257.07,257.2,104.15,480.69,210.0,174.11,468.91,143.45,106.18,389.72,136.0,98.29,142.51,50.92,331.83,202.28,94.28,971.37,67.97,185.28,338.83,85.95,0.0,215.78,161.69,182.32,166.29,95.32,456.3,12.44,452.67,314.8,469.2,171.22,67.77,291.83,257.78,508.86,70.41,104.04,0.79,114.84,325.34,398.57,0.0,473.0,246.03,646.41,66.55,114.48,677.6,350.5,58.94,6.77,23.62,117.04,183.83,152.26,205.56,371.04,295.14,91.01,25.26,30.71,113.66,61.87,66.82,495.26,14.06,98.94,446.33,315.22,126.58,500.08,29.85,259.2,313.24,287.67,212.13,135.89,131.31,43.9,2.8
2026-10-07 18:45,27.92,33.03,36.33,35.62,49.82,53.17,51.21,53.97,39.09,51.05,51.61,41.72,55.53,45.29,29.51,44.29,35.28,42.11,46.83,51.17,52.75,53.92,46.31,53.79,54.73,44.32,46.0,46.17,45.29,46.04,43.4,48.05,47.68,45.06,236.79,179.31,222.48,381.54,661.24,434.69,476.53,96.43,449.76,259.87,85.37,578.11,96.76,51.02,152.69,48.84,105.07,199.48,64.98,741.52,27.79,202.59,529.83,11.92,248.95,153.19,111.45,251.04,235.0,24.66,323.95,6.46,257.92,26.29,39.18,133.81,52.66,312.69,213.25,42.5,74.37,228.5,0.63,9.59,474.88,494.13,71.55,65.61,175.04,913.52,109.7,130.28,740.92,199.71,133.74,15.0,149.94,111.02,227.16,102.37,159.72,381.36,345.21,73.17,45.76,32.91,97.35,58.69,213.22,0.0,17.38,106.01,247.19,235.02,114.47,587.6,65.56,321.35,321.95,745.91,329.2,139.9,139.1,43.86,2.81
2026-10-07 18:50,27.93,33.04,36.34,35.73,49.83,53.2,51.31,54.08,39.08,51.13,51.68,41.76,55.57,45.39,29.64,44.39,35.39,42.2,46.84,51.18,52.77,53.94,46.4,53.82,54.84,44.39,46.09,46.23,45.35,46.11,43.42,48.12,47.74,47.59,95.75,124.1,277.63,417.01,602.95,555.33,943.34,158.04,268.49,272.69,14.31,631.86,152.84,308.43,99.6,29.15,271.5,152.06,0.01,775.85,44.45,264.95,0.0,105.34,172.3,133.21,0.02,63.0,118.59,50.87,281.7,39.03,222.71,129.16,192.51,255.95,21.29,203.96,92.14,208.79,37.06,142.94,0.67,47.12,289.44,99.21,132.93,579.68,276.48,460.98,80.76,151.8,968.98,172.45,264.75,5.59,136.72,148.26,338.22,210.64,64.59,333.97,72.22,12.26,48.02,21.47,212.18,78.38,198.45,388.4,25.88,69.15,405.15,104.96,146.23,91.9,41.01,64.52,281.94,730.27,219.67,137.06,137.48,43.88,2.82
2026-10-07 18:55,27.89,33.0,36.31,35.64,49.84,53.22,51.28,54.04,39.07,51.01,51.53,41.68,55.56,45.3,29.54,44.36,35.3,42.17,46.85,51.18,52.79,53.98,46.37,53.82,54.78,44.29,45.97,46.1,45.23,45.96,43.36,47.97,47.62,38.5,150.21,280.14,238.69,341.12,116.95,304.59,1132.43,53.92,745.73,289.29,116.2,516.87,75.31,149.13,204.02,80.97,235.32,263.19,66.93,657.43,29.08,338.18,243.97,52.66,388.95,154.04,114.78,131.13,148.07,52.3,325.75,18.87,445.79,154.38,230.1,223.58,33.4,417.8,138.68,249.55,66.96,101.28,0.61,56.32,250.32,728.81,155.85,289.76,136.24,575.59,297.1,180.14,1236.81,345.17,317.82,8.09,26.52,146.68,30.81,189.63,101.32,126.63,340.26,99.59,50.94,43.97,230.21,77.54,202.48,633.16,2.36,141.65,138.22,264.33,80.21,352.63,29.06,473.96,106.91,190.24,82.38,142.53,137.45,43.86,2.83
2026-10-07 19:00,27.91,33.04,36.34,35.6,49.77,53.11,51.2,53.97,39.09,51.02,51.59,41.71,55.5,45.26,29.5,44.27,35.26,42.1,46.77,51.14,52.71,53.88,46.29,53.73,54.72,44.3,45.97,46.15,45.28,46.02,43.39,48.04,47.66,39.19,90.3,93.32,202.21,414.12,804.62,144.56,361.38,206.3,920.31,157.69,186.13,627.48,117.8,98.33,239.57,99.93,256.17,187.76,46.13,512.03,34.41,137.89,476.68,109.63,129.57,68.69,79.11,224.29,0.0,54.6,145.26,12.44,258.62,235.65,351.24,138.34,20.08,490.6,92.32,380.93,58.04,368.77,0.52,85.97,320.64,555.33,253.31,603.29,213.11,0.0,42.02,100.59,504.3,200.24,101.42,11.92,182.46,155.59,223.08,107.67,60.91,425.25,530.09,159.53,27.77,51.63,262.1,82.25,204.8,798.65,17.07,166.32,528.86,255.23,38.07,178.36,105.81,361.14,359.01,837.51,378.48,140.9,141.81,43.85,2.83
2026-10-07 19:05,27.97,33.08,36.37,35.95,50.0,53.4,51.55,54.3,39.08,51.32,51.81,41.84,55.76,45.6,29.85,44.62,35.61,42.45,47.02,51.3,52.96,54.17,46.64,54.05,55.06,44.55,46.27,46.36,45.44,46.22,43.47,48.24,47.82,36.73,290.18,182.16,224.79,390.02,505.18,4.65,244.32,92.25,577.63,438.39,41.54,590.96,88.0,126.01,340.06,62.72,278.72,133.49,17.32,340.56,55.67,153.12,111.86,57.62,252.91,136.96,29.7,81.31,179.13,61.28,289.63,15.94,781.6,312.1,465.18,159.63,64.53,696.38,259.4,504.49,79.3,101.45,0.62,113.85,0.87,566.97,33.64,317.08,159.2,696.31,37.6,205.08,560.0,605.19,68.57,2.19,114.55,22.82,101.03,101.69,195.74,116.51,92.3,35.61,77.2,73.29,93.26,12.07,187.98,205.93,7.73,236.09,236.48,192.59,1.22,443.08,29.11,368.72,98.36,529.39,83.76,131.12,126.92,43.93,2.84
2026-10-07 19:10,28.0,33.09,36.39,35.57,49.74,53.07,51.16,53.92,39.08,51.01,51.59,41.71,55.45,45.22,29.48,44.28,35.23,42.06,46.75,51.11,52.67,53.8,46.26,53.68,54.67,44.28,45.96,46.14,45.29,46.03,43.39,48.03,47.67,40.46,287.6,197.54,265.03,302.65,0.0,428.65,475.66,134.23,98.04,356.77,166.78,458.57,33.64,138.09,296.96,10.65,172.5,75.68,5.71,478.43,30.82,0.0,306.19,54.85,274.27,153.88,9.8,272.73,231.08,75.1,325.4,17.47,125.49,91.12,135.81,165.34,63.96,608.12,249.76,147.29,50.83,234.44,0.63,33.24,268.5,445.0,191.87,301.85,60.85,898.27,219.66,131.63,0.0,97.17,133.5,0.0,0.0,297.82,139.99,150.34,194.0,0.0,576.71,142.94,62.82,64.0,165.2,157.44,134.28,339.28,10.71,206.17,344.11,241.53,112.87,310.07,67.27,289.39,0.0,96.44,244.71,141.09,143.41,43.84,2.85
2026-10-07 19:15,27.96,33.07,36.37,35.68,49.82,53.18,51.29,54.06,39.08,51.07,51.6,41.71,55.55,45.35,29.59,44.36,35.34,42.18,46.83,51.17,52.77,53.91,46.38,53.79,54.8,44.33,46.03,46.16,45.28,46.03,43.39,48.03,47.66,33.45,323.79,139.28,187.01,494.63,722.06,419.85,653.47,125.45,125.72,317.25,129.7,749.47,61.05,313.91,141.22,13.65,139.45,176.88,62.2,496.98,37.35,85.81,413.98,24.96,193.38,211.54,106.68,2.38,117.12,37.23,447.34,39.72,538.98,150.88,224.89,277.27,72.0,289.19,283.27,243.9,117.73,288.35,0.63,55.04,65.72,555.94,208.72,137.33,110.45,455.26,108.2,139.11,313.81,417.33,183.4,3.56,163.73,123.57,277.01,173.25,218.41,276.82,57.33,111.17,55.86,30.44,79.78,65.33,127.73,459.37,21.19,98.04,321.6,201.69,110.56,376.91,82.73,361.54,233.7,804.42,249.94,140.52,139.06,43.86,2.86
2026-10-07 19:20,28.02,33.12,36.41,35.79,49.95,53.35,51.4,54.16,39.09,51.16,51.69,41.79,55.67,45.45,29.7,44.5,35.45,42.29,46.96,51.26,52.9,54.1,46.5,53.94,54.91,44.42,46.12,46.25,45.38,46.12,43.43,48.14,47.75,39.38,135.99,114.24,278.78,569.88,289.42,143.7,153.38,175.36,80.02,316.12,96.27,863.48,48.37,163.89,139.38,8.69,15.87,146.63,83.06,432.9,19.55,285.22,662.2,22.97,158.62,139.98,142.45,55.49,121.59,53.09,296.0,20.74,286.48,0.0,0.0,98.54,30.24,285.42,134.11,0.0,36.63,87.68,0.65,0.0,297.34,240.71,118.16,126.39,87.5,472.67,117.64,101.11,1043.12,221.82,43.05,7.3,65.63,168.51,257.72,131.56,91.73,131.97,358.14,82.52,55.67,30.04,96.7,89.08,186.21,571.09,19.72,96.77,449.55,0.0,37.84,417.7,25.16,156.54,111.41,440.06,319.33,135.55,130.57,43.89,2.86
2026-10-07 19:25,27.95,33.07,36.37,35.35,49.68,53.01,50.99,53.76,39.07,50.74,51.36,41.57,55.37,45.01,29.25,44.08,35.01,41.88,46.68,51.06,52.61,53.72,46.11,53.58,54.49,44.08,45.72,45.93,45.12,45.82,43.31,47.83,47.51,34.52,197.01,225.59,251.86,258.74,775.34,385.36,868.28,68.57,106.88,92.04,111.97,392.05,56.22,57.57,192.09,11.6,184.13,259.12,61.92,414.91,67.21,159.49,567.55,75.24,313.22,138.19,106.19,212.64,136.13,103.97,292.24,7.28,617.73,163.48,243.66,177.24,43.81,393.37,182.25,264.26,36.5,330.93,0.78,59.64,293.84,667.99,141.65,414.05,101.7,529.17,204.11,143.38,583.28,478.3,243.69,8.83,175.81,98.34,417.77,244.35,132.89,365.01,537.41,95.97,16.21,41.4,279.5,51.99,109.62,507.11,31.96,133.36,175.79,156.84,101.48,483.74,94.95,434.41,308.15,769.79,160.09,149.3,148.02,43.78,2.87
2026-10-07 19:30,27.95,33.06,36.37,35.3,49.65,52.99,50.93,53.7,39.08,50.72,51.37,41.56,55.31,44.98,29.18,44.03,34.96,41.81,46.66,51.03,52.57,53.69,46.04,53.54,54.44,44.06,45.7,45.92,45.12,45.82,43.31,47.83,47.52,39.57,79.6,415.67,232.18,616.62,385.66,543.37,734.3,88.07,181.68,350.03,96.87,934.3,28.63,61.46,100.38,19.73,237.65,136.08,95.66,397.47,44.0,104.51,462.6,78.53,577.13,130.81,164.06,182.99,240.2,65.57,276.61,7.78,637.93,302.39,450.71,228.27,17.7,205.56,76.86,488.81,79.87,36.66,0.77,110.31,169.07,915.43,81.21,432.14,51.79,933.73,77.14,136.54,382.23,493.94,206.08,10.34,87.45,298.36,168.07,153.52,53.7,317.98,375.61,83.03,61.64,21.63,281.89,157.73,24.53,0.0,12.86,69.69,225.78,263.43,143.08,404.27,10.52,595.32,268.45,408.92,307.24,150.66,149.83,43.77,2.88
2026-10-07 19:35,27.98,33.09,36.4,35.63,49.8,53.17,51.23,53.99,39.08,51.06,51.63,41.74,55.53,45.3,29.53,44.33,35.29,42.13,46.81,51.16,52.74,53.92,46.34,53.77,54.74,44.33,46.01,46.19,45.32,46.07,43.41,48.08,47.7,41.84,413.69,343.35,224.94,335.96,1023.47,376.79,1075.59,99.19,1098.88,135.17,66.88,509.05,124.08,313.57,208.2,119.32,134.52,205.69,79.42,406.65,37.46,105.23,197.5,72.31,476.71,32.98,136.21,73.0,114.26,0.0,69.74,39.68,159.8,12.76,19.02,0.0,92.0,426.36,357.74,20.63,39.08,158.38,0.67,4.66,395.09,414.65,129.86,397.92,224.46,444.17,150.29,199.8,384.86,123.74,301.87,6.05,232.08,21.77,300.8,219.07,279.05,228.38,353.79,57.32,23.8,44.87,173.05,11.51,70.22,692.59,23.01,144.55,254.29,115.26,99.22,415.54,45.44,269.66,192.8,1028.6,343.33,138.42,139.36,43.85,2.89
2026-10-07 19:40,28.04,33.13,36.43,35.83,49.92,53.29,51.42,54.19,39.08,51.22,51.74,41.78,55.67,45.49,29.73,44.5,35.49,42.32,46.93,51.25,52.88,54.09,46.52,53.95,54.94,44.45,46.17,46.29,45.37,46.15,43.42,48.17,47.76,38.25,251.94,357.53,236.08,423.5,337.84,486.83,472.37,23.39,912.55,454.74,103.06,641.68,56.38,61.92,211.84,99.09,229.76,200.15,59.39,375.99,25.4,76.38,210.89,16.98,496.4,0.0,101.85,87.01,124.84,54.01,0.0,7.84,192.33,162.24,241.81,0.0,56.03,433.81,223.13,262.25,91.09,76.66,0.79,59.18,204.79,396.27,251.32,93.42,101.99,485.27,216.66,36.9,279.34,148.92,132.57,9.54,76.61,206.83,255.69,219.58,169.94,353.32,248.56,88.33,80.07,45.66,105.42,109.34,138.44,451.94,19.56,147.07,59.96,40.74,128.2,385.7,21.99,257.71,298.28,495.36,114.54,135.27,131.88,43.89,2.89
2026-10-07 19:45,28.0,33.12,36.42,35.62,49.81,53.18,51.23,54.0,39.07,50.99,51.58,41.69,55.54,45.28,29.51,44.34,35.28,42.12,46.82,51.16,52.75,53.94,46.33,53.79,54.74,44.3,45.96,46.14,45.27,46.02,43.39,48.03,47.67,34.59,242.22,293.17,243.18,158.54,767.84,493.1,560.05,145.12,809.25,1.36,24.51,240.22,117.82,217.67,11.9,87.87,209.27,44.92,47.46,389.21,50.85,12.82,313.56,51.34,407.05,138.91,81.39,88.31,206.92,119.68,293.75,27.54,683.85,248.43,370.29,103.72,53.87,24.37,213.83,401.58,105.11,417.54,0.96,90.63,184.17,712.61,253.49,282.5,213.14,804.36,163.09,141.31,46.87,529.5,157.18,12.73,174.11,188.88,376.15,212.96,163.39,58.83,361.75,21.0,0.24,2.57,194.39,99.85,104.19,348.29,28.78,8.26,372.03,255.85,129.84,407.46,119.8,463.43,49.67,728.48,320.27,141.13,139.87,43.84,2.9
2026-10-07 19:50,28.08,33.19,36.47,35.85,49.92,53.29,51.44,54.2,39.08,51.26,51.82,41.84,55.67,45.5,29.77,44.53,35.51,42.34,46.93,51.25,52.87,54.04,46.54,53.93,54.95,44.5,46.21,46.36,45.44,46.23,43.47,48.25,47.83,31.94,318.2,249.78,194.11,66.0,0.0,270.13,0.0,11.05,505.88,306.24,83.65,100.01,64.86,321.26,68.37,54.93,290.85,144.11,36.31,330.09,23.02,171.34,430.87,9.78,346.79,118.05,62.27,220.25,141.46,19.53,249.64,40.65,0.0,124.35,185.34,200.66,70.76,140.0,267.22,201.0,41.86,232.38,1.13,45.36,209.04,721.8,102.64,53.82,117.32,549.9,124.24,157.03,626.63,0.0,0.0,15.4,0.0,105.13,195.9,108.43,214.64,304.31,473.53,71.7,53.92,14.73,232.17,55.58,124.95,0.0,14.99,47.46,28.31,240.65,71.13,315.22,66.68,469.4,256.91,301.27,157.98,131.47,132.34,43.89,2.91
2026-10-07 19:55,28.02,33.12,36.43,35.59,49.78,53.11,51.19,53.96,39.09,51.03,51.51,41.67,55.49,45.25,29.49,44.29,35.25,42.08,46.79,51.14,52.72,53.86,46.29,53.73,54.7,44.27,45.95,46.09,45.23,45.95,43.35,47.95,47.61,37.81,237.96,331.83,268.8,451.78,248.42,208.44,910.67,120.49,737.25,314.74,83.59,684.55,7.86,191.37,0.0,80.05,190.36,115.81,57.95,375.07,36.08,159.95,233.37,82.63,460.72,247.11,99.38,179.68,113.42,57.26,522.57,24.21,348.07,141.72,211.24,304.1,52.92,0.0,205.77,229.09,37.31,76.66,1.07,51.7,314.78,280.25,239.46,454.68,14.22,440.89,219.31,181.58,584.96,269.51,255.58,10.36,56.33,123.7,332.8,128.64,160.51,244.65,455.62,71.65,55.42,0.0,191.0,65.4,31.24,484.52,25.46,0.0,308.89,146.8,54.89,288.07,21.99,182.25,206.54,457.74,206.2,143.16,140.96,43.83,2.92
2026-10-07 20:00,28.02,33.13,36.43,35.68,49.86,53.24,51.29,54.05,39.08,51.05,51.61,41.74,55.57,45.33,29.57,44.37,35.33,42.18,46.87,51.19,52.8,53.99,46.39,53.83,54.79,44.33,46.01,46.17,45.31,46.05,43.4,48.06,47.68,33.77,309.63,154.71,153.14,253.45,947.25,190.12,830.06,109.47,572.52,338.15,55.97,384.03,8.95,111.06,229.95,62.17,44.54,265.13,86.74,386.82,48.92,220.01,519.81,39.37,214.8,261.06,148.75,127.36,101.71,58.86,552.07,14.05,731.62,274.77,409.54,69.53,68.85,470.9,262.77,444.15,50.56,332.1,1.1,100.24,95.24,30.35,229.53,216.67,16.19,395.36,186.11,127.98,804.61,566.48,232.96,4.11,214.8,92.09,232.29,99.58,208.86,210.98,293.88,47.98,59.54,49.56,177.22,48.69,139.81,269.11,17.77,159.65,280.64,194.42,50.06,270.45,95.29,19.74,178.11,834.58,259.96,139.35,137.0,43.85,2.93
2026-10-07 20:05,27.99,33.12,36.43,35.62,49.82,53.17,51.23,54.01,39.08,51.02,51.56,41.69,55.54,45.28,29.51,44.33,35.28,42.12,46.84,51.17,52.76,53.95,46.33,53.8,54.75,44.29,45.97,46.13,45.25,45.99,43.38,48.0,47.64,32.5,417.86,421.76,215.82,694.72,647.88,747.85,774.61,109.69,90.94,98.03,158.94,1052.65,58.56,74.72,98.26,9.87,227.52,102.06,117.1,364.06,25.73,140.69,195.86,53.48,585.58,105.71,200.82,188.7,114.31,53.12,223.55,9.45,227.77,393.62,586.68,111.84,92.92,201.21,367.84,636.27,70.39,303.4,1.18,143.59,113.06,1035.43,132.93,294.29,105.93,444.33,125.65,66.3,514.55,176.36,217.4,0.94,146.91,101.3,122.26,217.85,281.86,187.65,393.17,136.23,17.26,21.18,144.54,53.55,175.93,437.28,9.35,68.22,281.19,325.12,196.93,149.42,87.05,673.37,158.42,731.99,211.73,141.28,139.57,43.83,2.93
2026-10-07 20:10,28.06,33.17,36.46,35.88,49.95,53.35,51.45,54.22,39.09,51.27,51.73,41.8,55.69,45.52,29.8,44.55,35.54,42.36,46.97,51.26,52.89,54.11,46.54,53.95,54.97,44.49,46.2,46.29,45.38,46.15,43.43,48.17,47.76,25.37,264.92,36.93,216.69,247.37,647.48,356.67,653.99,43.68,1150.86,199.59,97.46,374.82,40.96,58.15,188.02,124.96,88.51,263.28,79.71,390.13,39.8,195.77,587.3,122.08,51.27,113.76,136.7,54.77,80.55,59.15,240.57,7.36,5.36,53.35,79.52,203.61,58.91,385.04,234.27,86.25,16.53,141.89,1.33,19.46,82.08,656.38,132.5,671.82,74.09,313.12,280.93,201.39,715.96,4.15,183.54,3.91,146.82,257.59,345.62,74.91,178.7,263.64,187.7,83.53,35.15,40.52,148.71,136.18,323.3,637.18,26.44,130.54,111.97,162.9,93.92,64.13,40.71,426.86,222.57,579.53,247.51,134.3,130.27,43.89,2.94
2026-10-07 20:15,27.99,33.12,36.43,35.7,49.86,53.24,51.3,54.07,39.09,51.13,51.64,41.74,55.59,45.38,29.59,44.39,35.37,42.2,46.87,51.2,52.81,53.97,46.41,53.84,54.82,44.37,46.06,46.2,45.32,46.06,43.4,48.08,47.69,27.27,139.63,432.31,252.73,633.8,850.32,694.45,534.63,206.78,721.47,305.11,176.38,960.34,91.37,250.86,157.53,78.34,354.81,191.73,0.0,483.57,25.08,286.82,603.24,67.72,600.22,101.58,0.0,69.74,125.76,87.26,214.81,31.74,443.68,265.15,395.21,0.0,31.05,322.59,137.0,428.62,62.25,234.64,1.4,96.73,103.41,455.79,186.08,372.67,165.29,488.87,72.24,69.57,1048.96,343.54,150.04,5.01,192.82,0.0,239.08,185.9,94.18,222.37,230.79,151.18,53.73,33.95,288.25,0.0,61.19,375.04,18.29,109.37,530.1,73.76,182.87,400.45,67.32,296.41,187.72,754.69,148.81,138.38,136.25,43.85,2.95
2026-10-07 20:20,28.03,33.14,36.45,35.61,49.84,53.22,51.25,54.02,39.08,50.99,51.56,41.67,55.55,45.27,29.52,44.36,35.27,42.13,46.85,51.18,52.78,53.96,46.36,53.81,54.75,44.27,45.95,46.12,45.24,45.99,43.36,48.01,47.64,27.71,111.46,240.34,257.07,694.26,451.86,577.73,719.76,99.54,624.25,356.46,170.86,1051.95,33.36,239.65,119.55,67.78,156.84,133.86,61.11,556.09,43.88,43.64,611.26,37.76,333.69,177.81,104.8,4.09,110.0,28.15,376.02,30.32,747.85,250.62,373.55,172.35,24.79,244.82,100.94,405.12,98.9,187.92,1.66,91.43,324.24,882.7,136.39,207.8,60.35,427.61,232.94,13.59,159.59,579.05,202.0,5.06,102.46,142.83,209.36,156.93,75.18,13.48,406.22,146.45,62.77,25.77,172.2,75.51,128.91,284.17,16.02,83.0,255.18,199.12,152.13,404.31,53.92,574.04,11.38,545.76,216.69,142.87,138.05,43.83,2.96
2026-10-07 20:25,28.07,33.18,36.48,35.54,49.75,53.08,51.15,53.91,39.07,50.95,51.55,41.7,55.46,45.22,29.43,44.22,35.2,42.05,46.76,51.12,52.69,53.85,46.24,53.71,54.66,44.26,45.93,46.11,45.27,45.99,43.37,48.0,47.64,28.72,278.6,253.08,242.6,269.5,683.79,411.28,972.24,135.73,241.84,188.35,0.0,408.34,2.19,144.19,274.81,26.26,179.99,114.53,89.26,616.13,37.08,206.33,223.71,17.7,351.39,124.93,153.08,299.21,226.43,100.88,264.19,18.24,168.4,167.55,249.73,183.04,61.96,562.76,258.38,270.83,92.62,70.37,1.55,61.12,252.68,414.2,136.2,97.38,3.96,880.19,201.61,96.34,754.58,130.39,272.86,3.07,155.05,95.9,170.53,175.92,187.93,330.16,277.1,0.0,33.17,59.23,208.23,50.7,117.8,167.43,13.05,190.79,347.96,166.2,108.3,486.87,20.19,269.36,278.73,654.45,229.64,141.76,142.64,43.81,2.96
2026-10-07 20:30,28.02,33.15,36.46,35.73,49.9,53.27,51.35,54.13,39.08,51.14,51.61,41.7,55.64,45.41,29.62,44.44,35.39,42.24,46.91,51.23,52.86,54.06,46.45,53.92,54.87,44.37,46.07,46.18,45.26,46.02,43.38,48.04,47.67,28.46,132.49,521.91,228.99,588.54,662.32,409.0,788.32,136.45,808.79,255.17,81.91,891.77,25.72,192.8,207.36,87.82,410.09,129.35,91.53,806.87,17.73,239.68,215.4,105.88,724.63,149.86,156.98,45.61,122.59,38.39,316.9,24.4,309.2,210.62,313.93,220.57,29.46,424.63,132.67,340.46,69.32,247.5,1.78,76.83,338.69,632.1,67.41,582.63,46.52,476.55,77.27,162.58,876.55,239.41,221.24,16.02,150.19,0.0,285.92,249.17,89.37,127.79,267.21,70.21,44.93,44.69,167.61,0.0,276.06,126.08,21.87,143.96,349.79,203.43,107.7,187.22,71.01,411.07,107.88,621.92,154.08,139.82,133.91,43.85,2.97
2026-10-07 20:35,28.01,33.14,36.45,35.75,49.91,53.29,51.38,54.15,39.09,51.17,51.69,41.76,55.64,45.41,29.64,44.45,35.41,42.27,46.92,51.23,52.87,54.07,46.46,53.92,54.89,44.4,46.1,46.24,45.34,46.11,43.41,48.14,47.74,29.35,177.07,421.72,224.07,493.82,672.67,125.92,707.88,141.57,623.18,537.62,78.26,748.24,47.37,88.89,99.73,67.67,225.37,150.71,109.01,1175.34,11.03,244.14,132.73,42.68,585.53,68.08,186.94,129.75,260.23,56.3,143.97,11.25,689.3,337.3,502.74,136.0,39.38,204.24,160.13,545.23,3.08,40.61,1.47,123.05,335.42,536.83,249.78,234.87,85.69,1011.6,189.71,177.11,892.89,533.72,198.67,6.61,152.53,178.88,132.22,213.91,119.44,183.79,486.93,67.08,94.67,21.49,70.73,94.57,324.68,261.58,10.12,69.24,362.91,192.64,33.16,520.58,11.65,349.11,155.16,563.19,325.79,137.48,133.08,43.85,2.98
2026-10-07 20:40,28.07,33.19,36.49,35.76,49.93,53.31,51.38,54.15,39.09,51.15,51.68,41.77,55.67,45.41,29.67,44.45,35.42,42.27,46.93,51.25,52.88,54.06,46.48,53.93,54.88,44.41,46.1,46.24,45.34,46.1,43.42,48.12,47.72,24.11,303.85,260.47,212.92,191.61,470.23,136.46,992.5,73.28,442.72,125.57,80.72,290.32,88.29,126.25,92.51,48.07,180.64,110.71,127.23,1163.4,43.84,136.31,505.76,34.4,361.63,299.93,218.2,150.59,26.31,67.72,634.26,15.97,136.8,209.24,311.87,123.08,67.57,189.44,260.18,338.23,0.0,267.31,1.37,76.33,346.4,531.17,156.02,189.3,159.72,102.28,231.59,24.07,498.52,105.92,278.55,3.05,106.63,258.24,367.98,47.23,204.96,424.86,412.38,69.19,22.11,19.94,0.0,136.52,76.53,259.77,28.15,64.22,187.86,155.68,35.93,378.47,76.7,345.43,358.67,584.52,194.31,136.71,132.23,43.85,2.98
2026-10-07 20:45,28.08,33.2,36.5,35.76,49.88,53.25,51.39,54.16,39.08,51.16,51.68,41.75,55.64,45.42,29.66,44.46,35.42,42.27,46.89,51.22,52.85,54.05,46.47,53.91,54.9,44.4,46.1,46.23,45.33,46.1,43.41,48.11,47.72,25.88,77.53,514.46,188.9,300.27,742.16,429.85,382.51,216.48,542.9,371.66,127.7,454.97,92.87,328.97,197.58,58.95,377.37,61.08,87.47,1372.51,19.98,141.7,83.76,40.59,714.29,200.64,150.01,130.76,156.14,15.59,424.29,41.62,271.34,65.11,97.04,225.5,17.24,404.6,87.24,105.25,34.98,221.61,1.93,23.75,223.97,165.29,147.82,223.36,168.0,606.96,162.08,5.89,518.22,210.1,107.35,0.0,168.29,140.96,96.93,231.5,52.3,252.48,430.08,109.45,65.44,42.58,144.18,74.52,208.36,522.18,7.42,137.17,554.95,100.02,113.19,305.83,63.58,107.49,213.15,578.96,163.12,137.41,134.02,43.85,2.99
2026-10-07 20:50,28.02,33.17,36.47,35.47,49.69,53.01,51.08,53.85,39.08,50.89,51.48,41.65,55.41,45.14,29.36,44.16,35.13,41.97,46.7,51.09,52.63,53.79,46.18,53.66,54.58,44.18,45.84,46.04,45.2,45.92,43.35,47.93,47.6,27.27,118.81,277.45,223.49,239.35,147.64,490.85,61.57,109.13,454.21,417.15,149.11,362.66,15.66,53.47,235.82,49.32,368.59,144.13,37.17,1522.32,44.57,282.92,836.97,52.94,385.22,287.65,63.75,261.4,126.67,31.43,608.28,6.77,874.0,284.94,424.7,145.44,26.42,482.92,102.83,460.59,86.14,140.77,1.72,103.95,392.4,856.28,279.75,291.31,28.34,492.39,150.4,101.72,1034.71,676.73,17.28,11.05,33.48,119.79,133.88,120.18,80.14,301.58,350.8,127.8,73.46,50.82,67.76,63.33,80.88,99.53,10.24,163.72,279.75,365.56,129.25,264.23,40.39,556.86,254.6,391.11,423.04,145.44,146.49,43.78,3.0
2026-10-07 20:55,28.04,33.18,36.48,35.54,49.78,53.13,51.17,53.94,39.08,50.97,51.54,41.68,55.49,45.22,29.42,44.27,35.2,42.06,46.78,51.14,52.72,53.89,46.28,53.73,54.68,44.25,45.92,46.1,45.25,45.99,43.38,48.01,47.64,25.12,72.09,426.86,268.22,297.87,1055.89,335.25,0.0,12.5,808.84,347.91,88.01,451.33,114.22,233.43,281.79,87.83,351.12,219.99,74.84,1768.51,21.05,191.57,261.65,72.87,592.66,147.52,128.36,138.08,174.93,89.37,311.95,29.54,342.85,345.43,514.87,243.37,16.03,577.06,78.16,558.39,111.82,262.72,1.59,126.01,256.58,629.64,236.35,401.03,206.63,679.99,156.91,165.78,700.62,265.47,0.0,11.51,239.43,174.91,77.19,184.7,48.63,112.04,252.45,75.43,61.26,60.73,113.66,92.47,149.6,543.67,5.91,195.64,32.04,196.84,88.28,478.29,75.38,409.47,94.59,822.36,307.85,143.04,141.45,43.8,3.0
2026-10-07 21:00,28.07,33.2,36.5,35.7,49.84,53.21,51.29,54.06,39.08,51.07,51.62,41.73,55.58,45.35,29.61,44.38,35.36,42.19,46.84,51.19,52.79,53.98,46.4,53.85,54.81,44.35,46.04,46.18,45.29,46.04,43.4,48.06,47.69,28.46,86.45,491.53,216.83,289.92,475.37,339.93,427.46,133.61,1297.92,388.09,85.04,439.29,125.63,112.98,145.21,140.93,295.75,136.72,50.48,1416.76,60.15,85.51,588.54,78.75,682.45,138.02,86.57,146.87,181.1,111.92,291.86,14.3,259.08,280.98,418.8,260.73,19.22,297.36,92.44,454.19,27.25,145.1,1.55,102.5,367.02,689.11,245.16,433.37,227.26,704.0,66.2,199.19,312.71,200.6,119.97,12.12,107.79,131.78,0.0,223.6,58.31,333.14,256.62,72.89,68.34,31.3,193.16,69.67,282.32,177.64,0.0,100.81,342.52,0.0,89.51,197.83,41.63,448.15,281.24,400.33,136.36,139.48,137.38,43.83,3.01
2026-10-07 21:05,28.07,33.17,36.48,35.52,49.79,53.16,51.14,53.91,39.08,50.88,51.48,41.64,55.48,45.17,29.42,44.24,35.18,42.03,46.8,51.14,52.73,53.88,46.26,53.72,54.63,44.19,45.86,46.04,45.2,45.92,43.33,47.93,47.58,26.95,224.88,36.72,271.84,260.31,985.48,377.23,1037.45,217.69,1352.51,366.87,196.04,394.43,83.49,79.93,232.24,146.86,259.38,140.71,49.04,1740.06,2.71,258.12,572.09,33.0,50.99,140.03,84.1,96.33,237.07,38.07,296.11,10.11,556.77,0.0,0.0,149.42,50.01,475.58,205.43,0.0,90.48,230.31,1.51,0.0,273.61,324.99,171.07,181.6,151.04,921.56,330.34,127.2,944.02,431.1,291.16,7.13,223.47,155.46,179.53,195.41,151.69,344.49,493.42,168.02,64.6,50.05,176.85,82.18,126.05,236.37,13.73,161.23,558.06,9.55,99.34,127.93,66.08,211.35,290.83,934.72,154.48,145.69,141.31,43.79,3.02
2026-10-07 21:10,28.11,33.23,36.53,35.59,49.8,53.14,51.2,53.98,39.09,51.04,51.58,41.7,55.53,45.26,29.49,44.29,35.25,42.1,46.8,51.16,52.74,53.91,46.31,53.77,54.72,44.28,45.97,46.13,45.27,46.01,43.39,48.04,47.66,21.77,192.93,346.89,208.73,353.31,444.52,667.27,0.0,59.99,441.34,180.14,164.72,535.33,100.12,126.4,0.0,47.92,184.15,241.55,109.61,1749.05,31.12,144.98,555.46,107.07,481.62,49.99,187.99,181.58,20.67,50.01,105.72,15.99,219.84,178.38,265.88,28.58,42.9,0.0,170.29,288.35,54.04,128.06,1.68,65.07,365.81,565.0,295.11,589.18,181.12,80.35,97.64,249.83,530.21,170.22,0.0,13.38,100.8,213.6,291.27,212.72,130.14,369.16,443.58,141.19,31.72,0.0,149.69,112.92,287.71,366.87,22.28,0.0,153.78,209.9,175.71,543.91,36.74,367.44,311.65,422.42,252.63,141.08,139.87,43.8,3.02
2026-10-07 21:15,28.11,33.22,36.52,35.53,49.76,53.12,51.14,53.92,39.08,50.96,51.53,41.68,55.47,45.21,29.42,44.23,35.19,42.04,46.77,51.12,52.69,53.82,46.26,53.68,54.66,44.24,45.91,46.09,45.24,45.97,43.37,47.99,47.64,26.0,198.15,120.02,232.75,410.07,53.52,846.09,661.19,97.44,481.27,259.63,102.42,621.34,0.0,86.76,177.49,52.26,244.83,195.89,82.35,1650.65,32.42,142.35,147.69,79.82,166.64,188.25,141.23,138.17,71.77,44.43,398.1,10.98,687.45,247.31,368.62,189.96,44.06,363.47,179.53,399.78,93.33,298.05,1.7,90.22,312.86,597.57,244.36,439.24,0.0,278.99,212.99,113.48,520.59,532.29,185.57,13.48,12.14,98.01,68.18,182.04,133.66,417.54,181.27,87.79,45.72,38.25,200.93,51.81,282.0,638.82,5.22,123.23,249.78,341.93,222.8,329.28,85.52,388.61,352.49,285.42,112.98,143.09,143.05,43.79,3.03
2026-10-07 21:20,28.11,33.22,36.53,35.74,49.88,53.26,51.34,54.11,39.08,51.16,51.66,41.76,55.62,45.4,29.65,44.42,35.4,42.23,46.9,51.22,52.83,54.01,46.43,53.89,54.86,44.4,46.1,46.22,45.33,46.08,43.41,48.08,47.7,23.42,244.26,146.2,274.88,439.14,896.42,624.75,445.12,169.35,153.39,31.04,136.62,665.39,24.14,172.56,241.73,16.66,145.7,184.37,52.47,1647.35,7.45,0.0,686.38,51.58,202.99,288.31,89.98,80.31,184.31,85.51,609.68,21.83,300.27,269.52,401.72,215.17,54.32,495.03,216.7,435.67,2.8,374.62,1.44,98.32,54.09,626.44,161.46,283.86,43.66,716.44,80.3,169.88,0.0,232.5,124.92,10.91,203.27,253.47,143.34,128.57,164.77,330.39,446.74,117.1,5.47,52.1,137.35,134.0,161.41,0.0,10.97,167.83,434.14,153.88,164.51,291.94,107.49,407.39,278.92,763.58,428.34,137.41,135.29,43.84,3.04
2026-10-07 21:25,28.1,33.22,36.53,35.75,49.88,53.25,51.34,54.12,39.09,51.18,51.71,41.79,55.62,45.42,29.66,44.45,35.41,42.25,46.88,51.21,52.83,54.02,46.44,53.88,54.86,44.42,46.12,46.26,45.37,46.13,43.43,48.15,47.75,22.59,306.49,329.83,259.53,228.3,406.73,357.17,1075.98,140.1,161.05,286.23,67.63,345.92,173.04,253.71,180.39,17.49,118.19,166.05,57.15,1207.65,19.31,159.56,358.15,76.07,457.95,115.66,98.02,141.71,247.48,67.71,244.58,32.1,218.45,254.38,379.15,0.62,68.16,369.41,266.98,411.2,46.45,414.23,1.3,92.8,395.9,582.52,43.34,418.6,313.02,962.02,308.97,118.82,583.54,169.14,301.98,16.58,92.23,244.88,6.6,71.97,206.74,82.19,353.63,57.97,50.4,38.88,119.39,129.46,227.54,518.9,0.5,125.24,359.14,231.67,94.05,261.5,118.85,378.83,69.39,412.99,328.35,135.93,135.37,43.84,3.04
2026-10-07 21:30,28.06,33.19,36.5,35.45,49.74,53.09,51.09,53.87,39.08,50.86,51.45,41.63,55.44,45.11,29.34,44.18,35.11,41.97,46.74,51.12,52.67,53.82,46.22,53.67,54.59,44.16,45.81,46.01,45.2,45.91,43.35,47.92,47.58,24.55,233.5,460.17,261.27,453.86,659.63,465.03,626.22,56.81,1054.61,248.24,0.0,687.7,158.71,205.39,218.57,114.51,229.6,63.97,111.16,1404.64,39.77,299.02,54.35,68.31,638.91,261.12,190.64,116.05,200.03,92.48,552.18,25.99,701.86,144.94,216.03,145.4,51.93,447.6,214.53,234.29,111.9,182.8,1.33,52.87,158.12,613.44,220.7,375.89,287.11,777.59,152.64,152.44,1093.57,543.45,175.75,3.36,149.58,207.97,122.71,93.14,157.51,404.57,514.79,0.0,43.71,47.11,81.8,109.94,126.37,349.29,9.39,151.75,145.64,199.76,122.45,403.94,52.45,398.94,341.54,700.58,151.62,146.4,143.92,43.77,3.05
2026-10-07 21:35,28.14,33.24,36.55,35.7,49.8,53.16,51.28,54.06,39.08,51.1,51.63,41.72,55.54,45.36,29.61,44.38,35.36,42.19,46.81,51.17,52.75,53.94,46.38,53.8,54.81,44.35,46.05,46.19,45.3,46.06,43.4,48.07,47.69,24.8,139.4,114.62,231.74,91.08,666.66,285.51,1206.97,43.48,1216.78,322.8,71.19,138.0,60.42,271.31,244.29,132.12,75.65,157.85,128.57,1134.4,19.22,152.32,123.07,52.92,159.14,171.86,220.5,226.18,104.98,0.0,363.43,34.33,750.46,249.66,372.11,188.13,31.0,500.25,139.55,403.57,83.62,209.97,1.37,91.08,125.86,518.95,134.33,291.21,109.3,408.08,53.49,173.22,557.06,581.08,338.74,2.94,151.17,97.6,16.06,241.68,94.03,302.99,150.21,61.01,56.84,52.65,259.13,51.6,254.93,268.94,1.23,169.6,111.47,395.94,75.18,162.47,60.24,337.48,255.79,756.14,258.39,139.78,139.26,43.82,3.06
2026-10-07 21:40,28.13,33.24,36.55,35.59,49.77,53.11,51.17,53.93,39.08,50.96,51.58,41.71,55.48,45.24,29.49,44.3,35.24,42.07,46.77,51.13,52.71,53.85,46.29,53.71,54.68,44.28,45.95,46.14,45.29,46.02,43.39,48.03,47.67,25.56,99.88,361.63,200.48,257.2,52.88,391.22,577.15,198.04,687.31,400.63,45.06,389.72,126.85,157.76,274.65,74.63,337.13,175.81,66.19,880.49,36.57,210.8,407.09,112.12,502.09,232.49,113.51,242.83,262.0,59.84,491.64,19.96,150.12,273.82,408.13,144.96,22.21,562.43,102.87,442.62,1.14,427.21,1.02,99.89,114.45,285.0,123.73,617.02,229.48,1018.44,88.4,174.36,770.93,116.24,161.98,16.19,11.99,135.49,130.03,164.61,67.38,121.3,444.56,38.62,70.55,59.19,180.36,71.63,207.79,540.19,9.95,190.68,507.68,362.39,103.02,36.98,122.58,185.35,102.4,261.87,167.7,140.94,142.11,43.79,3.06
2026-10-07 21:45,28.17,33.29,36.58,35.86,49.96,53.36,51.45,54.22,39.09,51.28,51.76,41.8,55.7,45.52,29.77,44.53,35.52,42.35,46.97,51.26,52.91,54.12,46.54,53.97,54.97,44.48,46.21,46.31,45.4,46.18,43.44,48.2,47.78,24.74,242.48,159.45,215.82,459.94,491.98,401.03,236.94,29.85,258.58,354.88,156.85,696.91,120.4,226.71,302.62,28.08,66.04,104.43,86.5,762.26,29.13,156.05,517.05,45.27,221.38,232.13,148.35,12.64,172.21,92.92,490.88,28.69,327.97,206.94,308.44,183.11,53.92,619.7,212.98,334.51,55.67,288.06,1.0,75.49,393.96,338.32,0.0,249.12,217.8,669.42,106.06,150.12,570.72,253.95,66.5,6.12,111.56,181.23,271.15,167.9,163.57,322.17,173.36,134.43,62.49,65.22,178.72,95.81,110.61,373.73,20.74,210.1,76.52,239.33,105.6,234.71,82.65,220.02,271.98,398.56,162.12,134.12,130.03,43.85,3.07
2026-10-07 21:50,28.19,33.27,36.58,35.8,49.9,53.29,51.39,54.16,39.09,51.21,51.71,41.78,55.64,45.44,29.71,44.47,35.46,42.29,46.92,51.23,52.85,54.08,46.48,53.91,54.91,44.42,46.13,46.26,45.37,46.13,43.43,48.15,47.75,25.37,37.0,154.23,260.98,515.68,141.58,503.66,1158.11,41.06,645.18,527.28,120.55,781.36,70.82,81.01,218.24,70.06,50.6,124.75,9.85,581.61,33.51,217.06,812.17,6.08,214.13,87.58,16.89,59.83,180.4,64.03,185.2,10.25,826.26,142.92,213.02,217.32,8.23,446.91,56.0,231.03,74.49,224.75,1.08,52.14,213.45,405.22,104.48,33.43,128.12,701.28,186.16,213.57,793.84,639.77,325.03,6.25,32.1,25.42,41.19,155.22,24.96,409.36,534.33,103.32,92.85,47.03,195.04,13.44,72.09,586.59,3.15,151.51,105.27,213.38,132.63,0.0,64.49,263.52,345.59,443.76,231.18,136.25,133.33,43.84,3.08
2026-10-07 21:55,28.15,33.27,36.58,35.55,49.79,53.14,51.19,53.96,39.07,50.95,51.53,41.69,55.51,45.22,29.44,44.27,35.21,42.07,46.8,51.15,52.73,53.91,46.29,53.76,54.7,44.25,45.91,46.09,45.25,45.97,43.37,47.98,47.62,22.28,400.87,327.11,219.0,407.66,755.24,228.75,843.16,145.86,696.25,277.85,74.01,617.7,35.35,174.41,172.02,75.6,200.14,162.22,48.14,497.16,43.32,234.65,468.4,74.19,454.16,209.43,82.55,195.53,42.27,85.35,442.88,22.07,260.33,105.48,157.22,270.98,89.15,352.27,350.96,170.51,0.0,275.69,1.05,38.48,195.01,480.93,201.91,408.29,63.95,164.3,98.72,195.83,858.15,201.58,236.64,8.46,171.26,99.74,190.64,152.01,270.41,250.31,462.74,63.44,48.93,37.07,222.81,52.73,133.08,380.63,14.59,119.43,373.92,208.04,60.24,527.59,79.1,312.76,211.32,651.09,215.94,142.75,140.72,43.78,3.08
2026-10-07 22:00,28.18,33.29,36.59,35.62,49.81,53.16,51.22,53.99,39.08,51.01,51.56,41.69,55.52,45.28,29.53,44.32,35.28,42.12,46.82,51.16,52.75,53.91,46.32,53.78,54.73,44.29,45.97,46.12,45.26,46.0,43.37,48.01,47.65,16.85,109.53,247.8,204.09,288.81,234.62,377.83,798.51,99.26,829.16,421.7,113.53,437.61,22.88,108.41,162.34,90.03,246.87,118.76,49.49,410.51,41.42,202.49,465.65,18.75,344.05,231.04,84.88,140.4,208.26,74.09,488.57,13.72,421.86,264.74,394.59,227.17,24.36,332.44,106.87,427.94,114.12,45.14,1.01,96.58,225.42,549.83,167.15,103.19,41.38,809.56,164.27,228.74,740.55,326.64,224.11,5.24,53.2,79.62,311.58,170.21,73.89,250.99,336.46,97.31,74.26,34.99,127.13,42.09,170.46,24.11,23.84,112.71,254.46,166.92,99.49,310.28,12.95,357.57,211.89,366.66,334.38,142.14,139.55,43.8,3.09
2026-10-07 22:05,28.22,33.33,36.63,35.89,49.95,53.33,51.47,54.24,39.09,51.28,51.76,41.81,55.7,45.52,29.8,44.57,35.54,42.37,46.96,51.27,52.91,54.11,46.56,53.98,54.99,44.49,46.2,46.31,45.39,46.17,43.45,48.19,47.78,24.3,114.12,396.48,251.28,407.58,507.3,477.62,193.16,37.6,1000.17,248.58,57.21,617.57,46.41,196.27,162.36,108.6,274.48,143.57,45.82,454.57,26.92,295.84,148.74,85.82,550.48,61.11,78.59,94.94,200.93,62.2,129.23,24.83,376.34,0.0,0.0,101.9,25.38,332.49,101.47,0.0,35.24,137.36,1.07,0.0,170.6,653.64,146.49,472.29,83.96,781.07,85.05,164.19,1081.96,291.4,54.21,6.98,115.04,136.63,174.72,154.95,76.98,124.49,458.08,49.03,43.77,34.99,74.03,72.23,198.5,435.1,13.37,112.72,96.39,28.71,125.77,166.08,39.41,425.07,105.09,433.0,255.56,133.29,130.16,43.85,3.1
2026-10-07 22:10,28.25,33.36,36.65,36.12,50.07,53.47,51.7,54.46,39.08,51.48,51.95,41.91,55.86,45.75,30.04,44.77,35.78,42.61,47.09,51.36,53.04,54.28,46.78,54.16,55.22,44.67,46.41,46.49,45.52,46.35,43.51,48.38,47.91,22.15,326.9,169.76,250.56,39.9,186.59,270.58,190.52,66.31,858.88,353.16,138.44,60.46,96.06,234.35,104.67,93.26,211.32,143.82,42.69,338.35,17.14,169.33,425.02,79.98,235.7,176.51,73.22,84.81,151.94,58.3,373.27,29.65,354.32,176.92,263.71,40.86,72.7,214.34,285.66,286.0,69.15,362.1,0.97,64.54,59.12,385.24,134.55,440.11,173.78,590.63,1.01,171.04,619.27,274.35,53.47,5.22,42.31,110.33,176.73,139.04,220.51,248.16,491.15,118.66,62.19,22.56,129.66,58.33,245.64,448.66,13.52,72.67,170.0,137.08,71.25,173.99,103.89,250.53,209.5,300.87,98.72,125.84,122.05,43.91,3.11
2026-10-07 22:15,28.25,33.34,36.64,35.81,49.91,53.27,51.38,54.15,39.08,51.2,51.73,41.81,55.64,45.46,29.71,44.47,35.47,42.28,46.92,51.23,52.85,54.01,46.48,53.89,54.9,44.44,46.15,46.28,45.39,46.15,43.44,48.17,47.77,22.34,146.49,145.89,218.86,623.94,472.84,656.19,818.04,141.99,251.54,259.1,67.41,945.39,99.99,4.73,104.26,27.31,261.65,115.24,26.79,337.44,20.19,193.61,481.33,79.8,202.56,80.62,45.95,120.74,112.64,111.16,170.49,0.6,458.39,180.65,269.26,124.82,32.58,213.51,145.59,292.02,63.04,272.44,1.07,65.9,187.77,25.59,124.15,439.13,180.87,437.85,49.19,65.86,708.08,354.93,229.59,7.98,107.22,102.23,284.29,216.7,98.81,315.19,280.56,57.78,45.62,22.47,192.54,54.04,57.43,600.72,21.75,72.39,364.0,218.94,172.79,98.16,78.17,16.64,266.09,673.83,205.79,134.09,133.45,43.83,3.12
2026-10-07 22:20,28.25,33.37,36.66,36.18,50.1,53.5,51.75,54.51,39.09,51.59,52.06,42.01,55.9,45.82,30.08,44.82,35.84,42.66,47.11,51.38,53.07,54.31,46.83,54.21,55.27,44.75,46.51,46.59,45.63,46.45,43.56,48.48,48.0,24.61,217.78,478.18,269.52,396.26,412.62,355.94,258.81,120.32,317.26,266.48,33.18,600.42,35.68,201.06,234.79,34.45,165.47,168.0,23.32,348.27,29.96,175.21,731.65,28.39,663.91,156.51,39.99,140.92,148.26,32.56,330.97,25.44,76.6,216.49,322.68,58.05,48.43,480.8,191.23,349.95,18.93,127.87,1.05,78.98,267.12,289.15,207.75,156.25,64.55,576.31,144.31,196.59,640.77,59.31,72.64,2.46,93.57,80.36,83.8,80.28,146.9,214.56,381.82,28.44,46.92,50.6,194.56,42.48,142.03,138.94,6.41,163.0,308.44,120.58,93.73,288.74,36.69,188.04,181.13,413.57,107.02,119.73,119.23,43.91,3.12
2026-10-07 22:25,28.26,33.39,36.68,36.08,50.07,53.48,51.68,54.44,39.08,51.45,51.91,41.9,55.85,45.73,30.0,44.75,35.74,42.59,47.08,51.36,53.05,54.3,46.76,54.17,55.19,44.65,46.39,46.46,45.5,46.31,43.49,48.33,47.88,21.52,347.63,162.51,256.06,95.07,625.77,331.48,284.19,127.87,347.89,156.71,180.54,144.06,52.15,202.47,184.76,37.78,203.01,146.92,35.83,402.06,20.79,73.42,253.88,38.26,225.62,149.51,61.45,110.82,61.95,101.31,316.18,25.62,551.98,139.15,207.4,254.14,77.3,378.35,307.9,224.93,97.14,172.17,1.15,50.76,397.73,619.72,139.2,210.53,94.34,240.81,70.99,136.47,268.52,427.39,79.76,1.53,141.9,175.32,123.15,183.06,234.49,128.18,336.89,154.74,27.59,39.82,207.47,92.68,114.08,179.45,9.42,128.27,327.8,109.95,87.29,327.3,49.4,403.02,108.21,589.96,165.93,126.86,121.63,43.89,3.13
2026-10-07 22:30,28.32,33.4,36.69,35.94,49.93,53.29,51.49,54.25,39.08,51.31,51.86,41.88,55.69,45.57,29.86,44.6,35.6,42.4,46.93,51.26,52.88,54.1,46.58,53.98,55.01,44.55,46.27,46.4,45.49,46.28,43.5,48.3,47.87,20.58,129.78,147.01,245.35,468.05,331.3,407.23,782.68,17.85,215.23,276.54,55.84,709.19,98.94,218.24,69.8,23.37,134.37,15.06,56.79,331.75,53.48,36.27,273.08,0.0,204.12,113.13,97.39,223.13,161.09,54.16,239.23,27.61,601.6,149.77,223.23,24.06,28.86,142.95,117.68,242.09,50.67,27.1,1.13,54.64,330.82,209.95,106.58,0.0,178.98,626.21,91.42,1.74,132.63,465.81,219.66,7.86,75.13,213.54,236.37,179.42,87.54,36.35,368.74,47.86,48.69,15.04,199.91,112.89,89.35,501.66,18.08,48.46,45.77,27.22,107.23,251.28,7.77,136.53,30.69,413.39,245.46,128.84,130.85,43.86,3.14
2026-10-07 22:35,28.29,33.4,36.69,36.1,50.07,53.46,51.66,54.42,39.09,51.49,51.92,41.91,55.84,45.74,30.01,44.74,35.76,42.57,47.08,51.35,53.04,54.24,46.75,54.13,55.18,44.66,46.4,46.47,45.52,46.32,43.51,48.33,47.89,24.74,234.55,187.87,226.67,335.18,591.79,394.22,322.94,21.2,545.71,73.6,156.47,507.86,81.54,130.52,66.58,59.26,158.19,137.69,83.98,382.05,25.5,131.54,260.49,39.64,260.85,203.77,144.02,157.54,220.75,68.73,430.91,16.51,212.07,172.97,257.8,141.01,52.16,136.34,199.82,279.59,64.34,232.68,1.19,63.1,164.62,511.6,124.49,218.14,147.51,858.1,92.64,20.09,481.07,164.2,90.63,4.1,134.19,113.18,263.46,125.75,158.21,199.81,133.72,134.11,12.96,14.35,27.51,59.83,71.13,349.26,20.16,46.22,54.34,71.45,103.81,481.65,66.76,332.71,168.69,646.92,165.83,125.56,122.1,43.89,3.15
2026-10-07 22:40,28.29,33.39,36.69,36.03,50.07,53.48,51.62,54.39,39.09,51.4,51.86,41.87,55.84,45.65,29.94,44.71,35.68,42.52,47.08,51.35,53.04,54.25,46.71,54.13,55.13,44.59,46.32,46.41,45.48,46.26,43.48,48.28,47.85,24.8,127.27,337.55,239.27,494.85,308.43,372.61,322.68,116.61,286.06,161.84,142.14,749.8,128.04,56.92,283.46,31.06,246.03,154.26,29.87,313.57,40.25,266.49,786.69,67.52,468.66,51.55,51.22,77.51,135.78,30.1,109.0,7.2,630.82,69.89,104.17,118.11,28.3,580.47,113.74,112.98,102.38,0.0,1.35,25.5,162.96,545.52,138.13,371.58,231.62,527.81,147.89,74.74,974.6,488.44,90.56,8.41,69.94,200.64,270.19,108.91,85.85,173.91,489.5,121.83,28.5,61.09,91.81,106.07,89.0,444.17,20.67,196.8,298.95,0.0,98.12,108.58,0.0,354.77,146.81,263.07,221.42,128.48,121.61,43.87,3.16
2026-10-07 22:45,28.3,33.4,36.7,35.97,49.99,53.39,51.54,54.3,39.09,51.34,51.84,41.87,55.75,45.6,29.89,44.65,35.63,42.44,47.01,51.3,52.95,54.14,46.64,54.02,55.05,44.56,46.29,46.39,45.47,46.25,43.47,48.27,47.84,18.49,179.83,108.42,234.64,437.25,532.82,649.2,674.81,136.58,495.82,331.03,42.95,662.52,109.06,135.93,33.52,53.84,190.24,150.96,65.73,370.3,36.41,155.09,369.29,37.42,150.53,136.41,112.73,126.76,139.29,20.23,288.47,17.2,352.53,63.65,94.87,156.63,39.99,68.64,164.61,102.89,38.06,157.2,1.36,23.22,277.21,525.75,158.12,205.95,197.28,541.45,191.97,131.35,567.2,272.97,189.39,3.67,120.82,61.11,178.89,115.12,121.3,0.0,377.72,36.81,58.29,7.22,129.47,32.3,51.23,206.57,13.69,23.27,350.13,197.76,170.95,182.85,45.1,341.91,0.0,435.88,220.42,129.62,127.05,43.86,3.17
2026-10-07 22:50,28.3,33.41,36.71,35.85,49.91,53.29,51.43,54.2,39.08,51.23,51.78,41.83,55.67,45.49,29.76,44.52,35.5,42.33,46.92,51.24,52.87,54.06,46.52,53.93,54.95,44.47,46.18,46.32,45.43,46.2,43.46,48.22,47.8,21.71,186.07,412.97,226.39,172.32,751.47,566.06,535.93,35.67,366.84,434.14,122.4,261.09,98.02,159.33,180.41,39.83,203.81,12.8,73.04,256.11,42.55,132.32,387.12,10.98,573.37,82.73,125.26,169.48,112.14,82.03,174.95,20.16,428.54,194.69,290.18,113.57,41.38,369.44,174.82,314.71,29.29,109.44,1.32,71.02,0.0,658.23,113.18,60.42,177.32,435.93,94.74,112.02,483.91,331.81,150.41,10.18,170.4,205.47,221.84,192.99,125.51,189.71,292.13,104.91,76.45,38.88,138.96,108.62,27.88,411.73,16.97,125.25,91.45,255.73,149.06,361.29,31.4,428.06,160.15,823.08,189.15,132.76,132.15,43.83,3.18
2026-10-07 22:55,28.36,33.45,36.74,35.93,49.98,53.37,51.51,54.27,39.08,51.28,51.79,41.83,55.74,45.56,29.84,44.6,35.58,42.41,46.99,51.29,52.94,54.16,46.61,54.01,55.02,44.52,46.24,46.35,45.43,46.21,43.46,48.23,47.8,21.65,204.24,163.94,300.64,0.0,568.2,440.7,508.98,48.78,374.96,213.01,164.26,0.0,106.65,152.08,197.12,40.71,222.18,149.72,58.1,300.9,16.62,148.44,391.18,64.57,227.62,116.79,99.64,229.51,109.09,61.11,246.97,19.24,115.61,0.0,0.0,141.16,45.42,403.66,187.31,0.0,88.73,160.62,1.46,0.0,177.78,154.91,45.02,355.34,192.94,424.05,126.6,127.67,542.87,89.51,142.85,4.96,128.85,16.92,215.99,193.73,137.77,173.89,322.47,140.79,37.51,42.48,82.47,8.94,161.7,501.72,16.52,136.85,125.05,259.51,116.05,245.41,46.09,100.74,146.8,675.03,132.05,131.54,127.87,43.84,3.18
2026-10-07 23:00,28.32,33.43,36.73,35.97,49.94,53.3,51.52,54.28,39.08,51.35,51.83,41.86,55.72,45.62,29.88,44.61,35.62,42.44,46.95,51.27,52.9,54.1,46.61,53.99,55.05,44.57,46.29,46.39,45.45,46.24,43.48,48.26,47.83,21.08,120.82,119.48,238.54,173.13,779.59,224.0,530.33,47.86,607.75,213.01,87.72,262.32,81.24,252.3,217.44,65.99,177.51,207.27,83.99,392.7,22.15,181.24,644.56,102.6,165.89,163.53,144.05,279.46,107.6,56.18,345.81,31.92,373.2,0.0,0.0,121.56,26.87,445.29,112.44,0.0,41.97,105.56,1.52,0.0,0.0,859.93,133.09,564.59,146.96,418.28,66.99,128.63,662.84,288.96,148.84,12.26,176.78,103.19,154.83,151.26,81.5,202.34,119.89,75.19,37.51,46.86,134.75,54.55,163.22,722.29,11.85,150.96,122.68,105.49,58.99,349.16,30.29,559.24,170.82,820.42,35.13,129.83,130.42,43.85,3.19
2026-10-07 23:05,28.37,33.47,36.76,36.18,50.12,53.53,51.76,54.53,39.09,51.56,51.97,41.94,55.92,45.82,30.1,44.83,35.84,42.67,47.14,51.39,53.1,54.33,46.84,54.22,55.28,44.72,46.48,46.53,45.54,46.36,43.51,48.38,47.92,17.36,174.31,96.48,263.59,252.02,297.64,272.0,618.93,83.54,290.75,297.05,87.89,381.86,63.5,64.33,219.81,31.57,102.86,196.64,57.97,325.69,19.47,83.02,227.96,47.32,133.96,111.59,99.42,254.04,111.04,58.81,235.97,8.14,46.91,175.96,262.27,57.64,38.76,450.13,168.53,284.44,62.51,119.88,1.37,64.19,226.08,617.09,151.03,260.42,114.87,431.65,109.27,77.82,303.62,36.32,173.7,6.09,67.49,61.4,119.2,175.11,117.58,145.36,235.49,75.34,52.31,47.37,53.75,32.46,85.19,546.62,9.12,152.61,214.15,78.9,71.63,254.5,34.4,401.31,122.71,383.12,136.66,123.5,118.03,43.9,3.2
2026-10-07 23:10,28.37,33.47,36.76,36.25,50.17,53.6,51.82,54.59,39.09,51.63,52.09,42.02,55.97,45.89,30.17,44.91,35.91,42.73,47.18,51.43,53.15,54.37,46.9,54.27,55.34,44.79,46.55,46.62,45.65,46.48,43.57,48.51,48.03,20.13,79.18,371.01,246.94,428.79,117.03,317.02,309.66,58.43,282.63,402.63,28.62,649.71,99.23,187.7,114.03,30.69,245.81,183.39,26.51,307.33,29.85,196.9,551.32,58.08,515.11,149.02,45.46,21.65,93.3,37.52,315.13,23.75,629.2,151.52,225.84,125.2,17.61,233.51,83.63,244.93,23.67,111.93,1.91,55.28,0.0,413.91,105.81,319.62,179.5,362.66,138.94,162.77,720.11,487.19,86.91,3.23,26.54,169.9,161.64,151.22,53.41,81.57,138.84,24.53,70.9,24.58,22.22,89.82,30.2,169.54,12.37,79.17,149.8,68.68,83.48,381.83,32.12,269.18,68.86,177.6,146.23,118.24,114.7,43.91,3.21
2026-10-07 23:15,28.34,33.45,36.75,36.22,50.15,53.58,51.77,54.54,39.09,51.59,52.01,41.98,55.93,45.84,30.14,44.87,35.87,42.68,47.17,51.41,53.12,54.36,46.86,54.23,55.3,44.75,46.5,46.56,45.59,46.4,43.54,48.43,47.96,18.81,74.0,174.69,240.43,299.51,638.09,520.72,859.47,72.59,550.1,142.68,62.86,453.83,41.13,156.7,0.0,59.73,89.71,148.55,9.76,495.51,36.11,186.96,370.27,52.4,242.54,197.56,16.73,3.13,114.7,89.16,417.78,19.83,413.73,204.72,305.13,149.23,16.46,0.0,74.03,330.92,27.99,168.08,1.16,74.68,194.33,622.18,81.84,288.37,74.41,445.85,181.29,67.89,683.75,320.35,241.21,5.05,144.69,142.74,226.74,164.24,49.92,0.0,267.36,53.88,25.12,0.0,81.39,75.46,139.33,399.38,17.35,0.0,186.08,286.6,137.12,242.1,48.23,404.62,0.0,614.32,194.24,120.75,116.65,43.9,3.22
2026-10-07 23:20,28.4,33.5,36.78,36.15,50.1,53.5,51.72,54.48,39.07,51.47,51.98,41.96,55.89,45.79,30.07,44.8,35.81,42.63,47.12,51.38,53.07,54.31,46.8,54.18,55.24,44.7,46.45,46.52,45.57,46.38,43.53,48.4,47.95,21.21,234.11,191.45,246.22,395.26,252.23,371.95,276.21,85.1,312.81,136.2,0.1,598.91,13.46,105.95,156.39,33.97,295.12,97.78,77.12,738.95,9.32,234.39,404.54,62.9,265.81,179.02,132.27,164.86,62.36,107.11,378.57,13.41,91.64,170.26,253.78,149.25,52.06,320.25,220.82,275.23,31.18,195.92,1.61,62.11,104.73,140.43,0.0,346.14,24.34,242.42,130.97,153.86,857.21,70.95,77.52,3.3,57.19,153.61,151.71,189.68,157.91,174.21,231.34,0.09,23.98,33.7,132.4,81.21,120.41,415.48,11.61,108.57,218.16,259.42,97.94,1.66,56.21,91.33,147.07,426.21,152.39,122.67,119.35,43.88,3.23
2026-10-07 23:25,28.41,33.5,36.79,36.21,50.15,53.56,51.79,54.55,39.09,51.59,52.04,41.99,55.94,45.85,30.13,44.86,35.87,42.71,47.17,51.41,53.12,54.36,46.88,54.24,55.31,44.76,46.52,46.58,45.61,46.43,43.55,48.46,47.98,18.05,106.76,179.12,313.38,0.0,298.44,377.52,512.41,57.3,894.12,162.98,147.73,0.0,49.62,0.0,217.31,97.09,151.74,74.92,66.67,1042.97,29.35,194.43,129.32,59.2,248.69,173.59,114.34,182.49,89.0,59.22,367.09,0.0,231.08,31.58,47.08,107.52,23.74,445.01,97.39,51.05,31.04,126.65,1.62,11.52,24.96,449.18,125.34,325.78,89.77,345.98,133.24,68.88,711.07,178.92,143.81,7.4,67.67,80.01,177.72,147.02,72.01,336.52,212.38,126.62,28.7,46.83,135.87,42.3,166.02,372.93,13.6,150.87,146.88,55.82,99.41,415.31,36.34,292.11,284.09,423.98,0.0,119.66,116.05,43.9,3.24
2026-10-07 23:30,28.44,33.53,36.82,36.26,50.13,53.54,51.79,54.54,39.09,51.63,52.09,42.02,55.93,45.88,30.19,44.9,35.92,42.71,47.15,51.4,53.11,54.32,46.88,54.23,55.31,44.8,46.56,46.63,45.64,46.48,43.56,48.5,48.01,20.39,110.97,387.56,259.53,101.77,546.62,143.51,538.53,60.58,102.23,271.03,55.73,154.21,92.09,110.1,147.52,11.1,85.28,119.28,37.74,1461.0,35.3,53.68,181.67,70.33,538.09,66.31,64.72,223.79,181.16,37.85,140.23,13.93,435.71,25.57,38.12,195.26,24.68,302.09,105.61,41.34,32.82,52.96,1.53,9.33,139.81,172.26,112.29,387.0,166.58,704.2,146.05,121.87,196.32,337.37,151.14,6.64,123.95,93.14,185.8,91.2,74.85,220.46,190.54,47.77,47.72,31.79,88.07,49.24,198.73,86.88,14.22,102.42,155.31,68.29,37.79,30.79,15.19,112.02,186.12,400.37,263.19,118.22,116.54,43.9,3.25
2026-10-07 23:35,28.42,33.52,36.81,36.13,50.08,53.47,51.7,54.46,39.08,51.51,51.97,41.96,55.85,45.77,30.06,44.77,35.79,42.61,47.09,51.36,53.05,54.25,46.77,54.14,55.23,44.7,46.44,46.52,45.56,46.37,43.52,48.38,47.92,14.83,171.73,108.82,260.55,332.12,450.33,436.43,568.95,97.12,423.16,90.0,79.08,503.24,31.8,66.93,170.55,45.95,239.96,134.7,29.7,1729.23,27.06,197.3,284.48,36.11,151.08,39.69,50.94,55.71,116.39,76.36,83.94,8.47,48.1,70.78,105.49,91.0,38.19,349.25,164.13,114.41,42.11,196.67,1.44,25.82,123.39,463.0,109.43,198.71,57.52,452.42,191.86,97.25,721.58,37.24,159.68,5.49,102.12,103.17,67.06,103.46,115.84,216.84,228.17,67.78,15.85,36.76,169.39,54.54,75.41,372.46,5.13,118.4,248.98,173.69,114.92,307.35,56.43,301.1,183.06,357.98,81.43,122.7,121.41,43.87,3.26
2026-10-07 23:40,28.4,33.5,36.79,36.08,50.05,53.44,51.64,54.4,39.08,51.43,51.94,41.95,55.82,45.71,29.99,44.73,35.73,42.55,47.07,51.34,53.01,54.2,46.74,54.09,55.16,44.65,46.39,46.49,45.56,46.36,43.53,48.38,47.92,16.98,151.01,348.86,234.64,261.12,422.17,239.57,671.47,97.91,605.25,123.65,81.9,395.65,46.21,101.76,173.26,65.72,0.0,174.88,74.09,2611.56,27.86,148.24,313.27,83.54,484.36,192.69,127.07,74.96,174.07,93.22,407.48,12.88,209.29,154.63,230.47,135.25,33.58,354.8,138.88,249.95,13.01,135.53,1.45,56.41,117.28,233.57,55.75,459.73,83.6,676.67,15.08,167.34,542.13,162.05,188.45,3.09,95.73,18.58,179.84,131.51,101.86,164.61,387.31,70.19,21.77,37.34,0.0,9.82,56.04,501.49,13.76,120.29,251.0,192.13,63.09,359.54,38.89,151.9,138.97,439.63,166.17,123.69,122.81,43.86,3.27
2026-10-07 23:45,28.44,33.54,36.82,36.3,50.17,53.59,51.85,54.62,39.09,51.69,52.1,42.02,55.97,45.93,30.23,44.93,35.96,42.77,47.19,51.43,53.15,54.37,46.93,54.27,55.38,44.83,46.6,46.64,45.64,46.48,43.56,48.51,48.01,15.9,107.93,130.19,238.54,240.51,471.12,136.52,315.78,98.1,418.31,306.85,131.48,364.42,58.15,89.39,147.3,45.42,177.06,171.33,59.62,2729.97,4.98,114.01,453.23,56.39,180.76,41.72,102.25,29.15,102.46,63.37,88.21,11.31,270.65,252.45,376.28,91.71,24.0,301.65,100.25,408.08,36.49,157.2,1.42,92.1,32.24,345.7,119.44,310.34,105.2,398.28,76.57,98.51,416.97,209.56,88.62,4.81,106.83,122.87,135.27,119.89,72.81,130.92,220.06,112.69,54.03,31.75,109.11,64.95,13.26,425.12,10.35,102.27,251.48,54.07,35.95,184.62,45.1,224.82,110.52,451.14,240.49,118.14,114.4,43.91,3.28
2026-10-07 23:50,28.45,33.55,36.84,36.38,50.26,53.7,51.94,54.7,39.08,51.73,52.16,42.08,56.06,45.99,30.3,45.01,36.03,42.86,47.27,51.48,53.24,54.5,47.01,54.39,55.46,44.89,46.66,46.7,45.71,46.55,43.6,48.57,48.07,17.1,32.41,205.51,229.43,63.14,370.22,234.16,518.79,119.53,13.53,0.0,23.08,95.67,114.68,104.0,113.05,1.47,187.18,136.57,29.3,3223.46,35.53,114.95,306.67,43.98,285.33,173.27,50.24,3.26,20.49,80.47,366.41,13.16,258.65,96.75,144.21,105.91,7.21,231.5,44.25,156.4,52.58,64.55,1.19,35.3,214.62,483.51,121.28,242.0,207.46,79.63,64.48,141.01,420.38,200.27,145.6,4.37,83.95,145.64,14.53,83.51,21.86,93.84,397.92,19.78,0.0,24.36,88.39,76.99,50.32,204.73,1.11,78.49,306.43,142.29,61.66,362.8,18.52,314.44,79.23,342.15,174.92,113.18,108.54,43.92,3.29
2026-10-07 23:55,28.48,33.56,36.85,36.62,50.32,53.78,52.14,54.9,39.09,51.98,52.34,42.16,56.17,46.24,30.56,45.2,36.28,43.07,47.34,51.54,53.32,54.62,47.19,54.51,55.69,45.08,46.89,46.87,45.81,46.7,43.65,48.73,48.18,15.15,259.84,168.02,258.81,216.08,347.07,214.73,450.58,72.31,258.33,12.37,73.59,327.41,79.77,126.64,171.59,28.05,101.19,211.87,5.38,3376.57,28.17,0.0,662.56,43.24,233.28,59.36,9.23,124.86,158.91,59.2,125.52,16.02,89.69,66.02,98.41,169.5,57.78,351.39,230.39,106.73,8.67,113.0,1.37,24.09,120.51,354.52,125.12,237.96,144.3,617.72,52.7,136.79,0.0,69.44,126.46,5.92,78.7,55.14,193.27,153.08,175.27,294.09,60.33,63.07,2.18,36.98,135.98,29.15,98.62,437.74,14.79,119.13,185.36,97.37,56.55,132.92,32.42,230.55,248.28,464.71,250.6,105.21,102.21,43.98,3.29
