slot,n1,n4,n31,n54,n105,n114,n163,n188,n215,n229,n288,n296,n332,n342,n410,n415,n429,n458,n469,n495,n506,n516,n519,n549,n613,n636,n644,n679,n722,n726,n740,n752,n769
0,0.3118273709,0.3043722483,0.297646364,0.2884270734,0.1422754215,0.1831630359,0.2227956121,0.2203882536,0.05,0.2316805075,0.1572423877,0.1426938415,0.1600996233,0.237445711,0.2728669823,0.221575293,0.2669222765,0.2347806179,0.1454759345,0.09723404421,0.1511540613,0.1824534542,0.2108120029,0.1825159686,0.2309504479,0.1817160039,0.1897131793,0.156732127,0.1328998275,0.1475683233,0.06548495553,0.1486715811,0.1116898748
1,0.3140334999,0.3078377582,0.3007785417,0.2907223882,0.1375172096,0.1759152152,0.2247297975,0.2215119888,0.05,0.233592503,0.1566486176,0.1403909755,0.1574476639,0.2393665433,0.2749192098,0.2227711944,0.2697344366,0.2365739682,0.1403639877,0.09472956308,0.1464337875,0.1784831765,0.2117626042,0.1805062061,0.2323661004,0.182523453,0.1894566346,0.155844559,0.1311762657,0.1463521178,0.06499900757,0.1472001665,0.1113707158
2,0.3123649025,0.3087595211,0.3015178851,0.2825935044,0.1351691758,0.172793074,0.2163280599,0.2136339257,0.05,0.226145134,0.1524111357,0.136285237,0.1527587366,0.2326752184,0.2666587992,0.2145923898,0.2619408014,0.2283631335,0.1381339158,0.09229171967,0.142489733,0.1732614361,0.2038683706,0.1747371201,0.2246683752,0.1767313378,0.1841499842,0.1510663632,0.1272574673,0.1427619545,0.06292681354,0.1437794932,0.1084338589
3,0.3138655605,0.3088965056,0.3030026811,0.2811592523,0.1367116102,0.1755303939,0.2141257695,0.2109997711,0.05,0.2213780585,0.1485097281,0.1323540271,0.1534855588,0.228637888,0.2644844796,0.2134161459,0.2594123134,0.2261434427,0.1402520888,0.09305159839,0.1451018099,0.1751294741,0.2022517959,0.1748462815,0.2212412756,0.1732979801,0.1807535966,0.1482410275,0.1236470095,0.1389191409,0.06146850533,0.140593683,0.105055458
4,0.318843233,0.3148700888,0.3078037304,0.2770044976,0.1331364951,0.1693531605,0.2113992704,0.2087014298,0.05,0.2182409698,0.1474358273,0.1318679633,0.1496871548,0.2262051757,0.2610162604,0.2100051967,0.2548415113,0.2225879283,0.136004148,0.09001190566,0.1403396337,0.1704451471,0.1987817077,0.1718777078,0.2194757069,0.1709315937,0.1781990532,0.1459138152,0.1228987435,0.1379747284,0.06064935083,0.1390682543,0.1044585567
5,0.3182748066,0.3140695301,0.30799559,0.2716135896,0.1303392569,0.1665350056,0.208502478,0.2060831898,0.05,0.2164033666,0.141735901,0.1274549351,0.1471700649,0.2229094149,0.2554609617,0.2056830026,0.2504762085,0.2194746281,0.1325511736,0.08830220874,0.1380517888,0.1669914347,0.1956654092,0.1675781483,0.2160987515,0.1679726944,0.1734365532,0.1413098757,0.1184274043,0.1325605743,0.05850610741,0.1335811804,0.1002437228
6,0.3166588224,0.3128959952,0.3076678626,0.2642083918,0.1260507895,0.1619695145,0.2047166865,0.202525791,0.05,0.2137532169,0.1422755921,0.127749216,0.1430012994,0.2190579285,0.2493552611,0.2015599491,0.244771102,0.214990967,0.1291611151,0.08637921316,0.1338823228,0.1621589138,0.1917505213,0.1637905245,0.2130779434,0.1657753889,0.1719844215,0.1416821755,0.1185435285,0.1330303828,0.05877588845,0.1345110006,0.1009719778
7,0.3194263383,0.3153560791,0.3097644527,0.2653573487,0.130854259,0.1676959706,0.2066647114,0.2044112885,0.05,0.2138637052,0.1422994868,0.1280473723,0.1474352817,0.2208006141,0.2509674802,0.2040048903,0.2463676069,0.2168080517,0.1334006329,0.08903478673,0.1387550679,0.1677401247,0.1948267321,0.1677089583,0.2145602475,0.1664363616,0.1730992248,0.1417034711,0.1180528407,0.133576908,0.0582135701,0.1343684648,0.1000856442
8,0.3205701021,0.3166823275,0.3111229443,0.2587763561,0.1243892614,0.15959671,0.1991683654,0.1962791905,0.05,0.2076364062,0.1375854032,0.1242673752,0.1403251837,0.2142482796,0.2435522735,0.196372366,0.2395526359,0.2091961132,0.127241973,0.08450335611,0.1314537302,0.1601119474,0.1866658788,0.1604569699,0.2065183895,0.1613496537,0.1673260276,0.1371454564,0.1154506682,0.1288900322,0.05692630938,0.1299106164,0.09753903711
9,0.3215390719,0.318690402,0.3130282264,0.2575463976,0.1280994582,0.1661298551,0.1991751859,0.1965834091,0.05,0.2053617991,0.1336726515,0.1202174709,0.1430013949,0.2127127819,0.2421014037,0.1970855896,0.2378497364,0.2091125714,0.1309236393,0.08692685258,0.1358518838,0.1660136368,0.1880146247,0.1647495399,0.2062232922,0.158796931,0.1644469226,0.1333808339,0.110830205,0.1241577416,0.05509078725,0.1255616729,0.09404865257
10,0.3214445493,0.3185595968,0.3137274171,0.2471274346,0.1192586459,0.1547251927,0.1884152666,0.1872789086,0.05,0.1945069533,0.1258776969,0.1155212323,0.1335460997,0.2020832023,0.2311978453,0.1862991915,0.2265351236,0.1985567576,0.1215230412,0.08062029948,0.1256637046,0.1543263134,0.176937328,0.1534635344,0.196545951,0.1507313239,0.1545302478,0.1257553222,0.10573363,0.1177901089,0.0523217548,0.1184244437,0.08853601224
11,0.3252713219,0.3221760977,0.3164954652,0.2540298543,0.1237117945,0.1598008615,0.1958054544,0.1932215485,0.05,0.2031440985,0.1347727148,0.1201800301,0.1395056625,0.2095853489,0.2393891605,0.193770759,0.2349988665,0.2061015133,0.1264460286,0.08378260694,0.1308615432,0.160213538,0.1839950545,0.1598856674,0.2035500603,0.1580641112,0.1637163267,0.1342446607,0.1121177929,0.1261665258,0.05570977488,0.1268426806,0.09564857103
12,0.3237407759,0.3215658218,0.3162388869,0.240655038,0.120242568,0.1561610283,0.1885439448,0.1863163976,0.05,0.1973627347,0.1280853337,0.1171434254,0.1346477718,0.20123534,0.2266444102,0.1850243614,0.2230313127,0.1973697483,0.1229350476,0.08118895198,0.1275292236,0.1545069086,0.1769243915,0.1531862235,0.1954435821,0.1513617784,0.1556448042,0.1276368651,0.1073599181,0.1200930189,0.05306957984,0.1208147945,0.09058716713
13,0.3267850666,0.3234610167,0.3184575793,0.222702178,0.1138729874,0.1488556719,0.1756414819,0.1740238306,0.05,0.18316142,0.1188498501,0.1095369322,0.1259528795,0.1871758952,0.2110105323,0.1722790851,0.2078368662,0.18407315,0.1168283036,0.07627715728,0.1200774344,0.1468366479,0.1647265706,0.1452240611,0.18267988,0.1407576509,0.1452923147,0.1185618623,0.1007162739,0.111498764,0.05,0.1123889099,0.08493050011
14,0.3255424525,0.3226857423,0.3183324478,0.2347613972,0.1200335391,0.1558997516,0.1891369009,0.1874903515,0.05,0.196443648,0.1273461268,0.1149858042,0.134638855,0.2015068606,0.2233929923,0.1829934776,0.2199806539,0.1976428702,0.1227051752,0.08119420507,0.1268644572,0.1553775311,0.1767462464,0.1549236545,0.1966836406,0.1502821906,0.1556194474,0.1269725307,0.1058924506,0.1190305996,0.05226091587,0.1196390764,0.08970612576
15,0.327905973,0.3252917037,0.3198295414,0.2342668768,0.1196547053,0.1566768691,0.1852234972,0.1830674817,0.05,0.1894849209,0.1228201713,0.1097772207,0.132610796,0.1962429582,0.2209631213,0.1813276227,0.2171062746,0.1933948851,0.1223675141,0.08053091694,0.1258419523,0.1539802501,0.1732330942,0.152951583,0.1924528364,0.1459958444,0.1506537672,0.1222423829,0.1018133207,0.1141918517,0.05020884077,0.1149518487,0.08681046776
16,0.3284061341,0.3264199888,0.3210593161,0.2272969828,0.114925649,0.150514115,0.1780623452,0.1759922907,0.05,0.186182226,0.12264643,0.1126792718,0.1271811703,0.1906940055,0.2143981046,0.1745634728,0.21080229,0.1861946823,0.1177735494,0.07702147947,0.1210908065,0.1472695758,0.1667645322,0.1464018591,0.1849376399,0.1431295124,0.1480770228,0.1221011508,0.1037093588,0.1149167208,0.05103247635,0.1158093371,0.08721051317
17,0.3283015914,0.3257814403,0.3207721128,0.2277642415,0.1153676682,0.1486221603,0.1785135842,0.1772617103,0.05,0.1868129064,0.11938426,0.1067027673,0.1284724945,0.1906290533,0.2142892872,0.1750339655,0.210914756,0.1871844906,0.1176167446,0.07718894011,0.1216676266,0.1488204385,0.167403576,0.1477505528,0.1860447269,0.1420623144,0.1466157706,0.1190212269,0.0984555002,0.1109385753,0.05,0.1119165908,0.08447340874
18,0.3281574994,0.3268495844,0.3216927718,0.2271602159,0.1145515471,0.1490607674,0.17881354,0.1766818194,0.05,0.1850042129,0.1212043289,0.109526456,0.1279701941,0.191239149,0.2146299019,0.1751404547,0.2105959825,0.1871570082,0.1175199576,0.07748954348,0.1212687792,0.147518286,0.167554525,0.1465219379,0.18597416,0.1425589125,0.1472611141,0.1207187232,0.1010041864,0.1129237478,0.05006110042,0.1142210369,0.08623157358
19,0.3306858842,0.327875051,0.323044962,0.2186147545,0.1115483039,0.145853054,0.1708505207,0.1694654855,0.05,0.176200437,0.1126009689,0.1027905227,0.1226001986,0.1820195214,0.2048312786,0.1666981412,0.2013553131,0.1790388891,0.1142714687,0.07419370081,0.1167808996,0.1426312828,0.1599647163,0.1403957216,0.1786197324,0.1350665934,0.1389544053,0.1125371653,0.09412544124,0.1052026069,0.05,0.1060172084,0.07943712874
20,0.3317565793,0.3302820375,0.3251122222,0.2252490577,0.1129142714,0.1478807449,0.1752595671,0.1737506991,0.05,0.1806080569,0.1159323258,0.1047391387,0.125069782,0.1862483133,0.2105433053,0.1717232052,0.2075601417,0.1834222597,0.1158307375,0.07580695344,0.1186278378,0.1443288635,0.1641681666,0.1432219857,0.1827426575,0.1381323775,0.1421744647,0.1156892746,0.09705467647,0.1082662615,0.05,0.1092856716,0.08240880916
21,0.3334393473,0.3325689458,0.3271776796,0.2246053548,0.1098173651,0.1437853942,0.1728064955,0.1718662009,0.05,0.1791561128,0.1148059977,0.103931008,0.1229820048,0.1850821286,0.2097594252,0.1700792831,0.205637592,0.181636026,0.1121936191,0.07419069349,0.1158764738,0.141087909,0.1619338913,0.1407230973,0.1810318243,0.1370977262,0.1410971606,0.1143664262,0.09520544236,0.1066370287,0.05,0.107682719,0.0809235179
22,0.3365703635,0.3360222953,0.3301598291,0.2230693108,0.1094589051,0.1424617365,0.1719616154,0.1704739168,0.05,0.1765937342,0.1138467661,0.1021368441,0.1227074017,0.1832958072,0.2088939217,0.1686285648,0.2047657555,0.1804804485,0.1117862785,0.07373618977,0.1153697206,0.1416154831,0.1608830306,0.1411604851,0.1790715079,0.1359163567,0.139476425,0.1135812539,0.09405465596,0.1058181766,0.05,0.1062977314,0.07999438387
23,0.3401162852,0.3402607194,0.3334732489,0.21828962,0.1070542082,0.1404756139,0.1671827801,0.1664444596,0.05,0.1735838037,0.1100113003,0.09972917306,0.1195449678,0.1792877878,0.2032705091,0.1644900849,0.2003410667,0.1759599033,0.1094504323,0.07226989196,0.11241377,0.1379982569,0.1567391769,0.1369634901,0.1753099894,0.1328850368,0.1357513378,0.1097362317,0.09108544113,0.1026021113,0.05,0.1032112792,0.07719806352
24,0.3455417902,0.3458517672,0.3382995042,0.2171704717,0.1084521803,0.1429165744,0.1670805579,0.1656677816,0.05,0.1723257642,0.108050949,0.09828887862,0.1197800815,0.178381644,0.2028363327,0.1636659587,0.1989989824,0.1754974975,0.1111817322,0.07290999439,0.1141605319,0.1402214806,0.1564327166,0.1378424806,0.1745884429,0.1314554852,0.1345691231,0.1085048878,0.08944339789,0.1012441726,0.05,0.1023134142,0.07698519136
25,0.351659988,0.3522757915,0.344094087,0.2186860673,0.1039445013,0.1363658011,0.1639409488,0.1625509732,0.05,0.1695416972,0.1063094395,0.09842398425,0.1160164525,0.1754673629,0.2017429743,0.1606802445,0.1976464642,0.1725458551,0.1066607106,0.07000724179,0.1097114844,0.1337107866,0.1530377347,0.1333725493,0.1713749587,0.1292220198,0.1319750447,0.1068302586,0.08872461298,0.09926222899,0.05,0.09999550715,0.07498586271
26,0.3559156866,0.3579317345,0.3491419572,0.2312193514,0.108101381,0.1405367669,0.1699635595,0.1686718359,0.05,0.1720694061,0.1078243118,0.09796752134,0.1208567357,0.1823286274,0.2114610656,0.168079684,0.207538027,0.1791907432,0.1106356338,0.07292762486,0.1141008063,0.1399285684,0.1599837585,0.1394253016,0.1774895,0.1327418528,0.1346762658,0.1082514702,0.08933406377,0.09999382229,0.05,0.1006783048,0.0756075909
27,0.3602402075,0.3621340528,0.3531751946,0.2290328116,0.1051848306,0.137489172,0.1669178687,0.1650974566,0.05,0.1715946504,0.106433409,0.09545498319,0.1177587535,0.1789547292,0.2086128588,0.1654577694,0.204186772,0.1759448849,0.1081316485,0.07112221351,0.1112270466,0.136301975,0.1565644238,0.1353184395,0.173933134,0.1314713604,0.1327036565,0.107254003,0.08740417965,0.09882573559,0.05,0.0997318973,0.07462321114
28,0.3627336192,0.3646165492,0.3554015439,0.2242252969,0.1041519814,0.1380175805,0.1624495644,0.1605221978,0.05,0.165875341,0.1027572197,0.0953542456,0.1148401021,0.1745863216,0.2041278606,0.1611150603,0.199854054,0.1712422337,0.1071679266,0.0699232647,0.1090426713,0.1333107513,0.152155141,0.1317851563,0.1688705081,0.127182495,0.1292569237,0.1033436654,0.08542324813,0.0957710625,0.05,0.09595366814,0.07205762708
29,0.369403036,0.3718273191,0.3619308677,0.2261690466,0.1026537712,0.1350668181,0.1610103716,0.1590255907,0.05,0.1639106157,0.102579919,0.09383251736,0.1138835568,0.1731221266,0.204650741,0.1605458727,0.1997296835,0.1707909438,0.1044910415,0.06882548042,0.1075429157,0.1317629374,0.1511817734,0.1308487376,0.1677438889,0.1261474202,0.1277749125,0.102648803,0.08506676675,0.0948077214,0.05,0.09555593226,0.07194328543
30,0.372196317,0.3750587836,0.3651616327,0.2258038414,0.0990780768,0.1297172731,0.1605975878,0.1585438278,0.05,0.16382466,0.1015155031,0.09427451625,0.1114670551,0.1728466483,0.2040858524,0.159096853,0.199749836,0.1698240383,0.1012619062,0.06744072562,0.1043839167,0.1278429958,0.1496085699,0.1277366688,0.167745599,0.1260216822,0.1267429035,0.1025106482,0.08484229514,0.09455205802,0.05,0.09509907791,0.07164316015
31,0.370259221,0.3739392199,0.364323393,0.2316697206,0.1031038562,0.1371113907,0.1614057529,0.1595008328,0.05,0.1653842003,0.1020918711,0.09480049162,0.1137418701,0.1738438967,0.2083536712,0.1615125141,0.2033960595,0.1709315825,0.105463402,0.06882219687,0.1079594767,0.1330061363,0.1513237882,0.1309791712,0.1681274108,0.1268385719,0.1281597329,0.1023508812,0.08522202253,0.09508414418,0.05,0.09572600684,0.07144221566
32,0.3699821226,0.3733488388,0.3636641591,0.2307912032,0.09731540742,0.1277693354,0.1553669887,0.1527705663,0.05,0.1591363662,0.09517335803,0.08808364934,0.1085178341,0.1685084242,0.2051114028,0.1563218846,0.2006108076,0.1650988877,0.09947619104,0.06509463291,0.1023465628,0.1241139004,0.1458478314,0.1236835404,0.1617247053,0.1217995818,0.1217310685,0.09669358868,0.07856274936,0.08853101685,0.05,0.08853129421,0.06662636904
33,0.3702012958,0.3735349528,0.3643128955,0.2191852484,0.09559011895,0.1266712949,0.1471258925,0.1448043069,0.05,0.1497346948,0.09133173366,0.08712670085,0.1039565948,0.1593739286,0.1946874847,0.1487263298,0.1898090863,0.1563155621,0.09770066788,0.06321584528,0.09921939032,0.1210772955,0.1394647534,0.1189759095,0.1535688199,0.1148688365,0.1157271828,0.09278829941,0.07688255296,0.08552384351,0.05,0.08577638065,0.06454606095
34,0.3777644411,0.382373488,0.3722043901,0.2289727373,0.09411061501,0.1247815771,0.1504896449,0.1480024762,0.05,0.1527038685,0.09218395813,0.08721317983,0.1046826008,0.1632488412,0.2012776105,0.1523383524,0.1966182948,0.160627816,0.09659526162,0.06295905692,0.09868786169,0.1206704465,0.141625896,0.1192859356,0.156899537,0.1181873272,0.1170536334,0.09389047078,0.07672969625,0.08562810936,0.05,0.0854672996,0.06442806887
35,0.3801236915,0.3851820422,0.3743713208,0.2402140441,0.09703144485,0.1274375351,0.1564230895,0.1541476495,0.05,0.1616226232,0.09565839185,0.08863465408,0.1082649593,0.171114033,0.2110359144,0.159072492,0.205549586,0.1673323355,0.09918176603,0.06525870508,0.101634705,0.1240334516,0.1477358069,0.1237629519,0.1631512685,0.123513556,0.1229485811,0.09743083993,0.07839331977,0.0887269627,0.05,0.08887023669,0.06630213413
36,0.3804530916,0.3857872533,0.3750142702,0.2381479208,0.09260966489,0.1216940735,0.1499621192,0.1474876154,0.05,0.1537223826,0.09044155376,0.08525752704,0.1031909849,0.1643118171,0.207430937,0.1540993358,0.2018088095,0.1607147938,0.09426035936,0.0624133039,0.09700759085,0.1176845103,0.142060929,0.1179045613,0.1563595988,0.1183379114,0.1173480235,0.09281108822,0.07537021376,0.08430366929,0.05,0.0847236145,0.06324312661
37,0.3867525465,0.3935647242,0.3815295137,0.2472454883,0.09383314606,0.1231231348,0.1527104009,0.1495568654,0.05,0.1564891043,0.0906305583,0.0834389754,0.1045960396,0.1673899774,0.2135635987,0.1576329084,0.207884105,0.1642049693,0.0955793616,0.06323298243,0.09805887659,0.120009796,0.1442277971,0.1196217694,0.1580798494,0.1197974042,0.1185584583,0.09328603116,0.07450112371,0.08358958759,0.05,0.08418540444,0.0630454833
38,0.3848772735,0.3906266471,0.3804457016,0.2543574941,0.09349459891,0.1237042107,0.1521488601,0.1489113554,0.05,0.1560604037,0.09093748148,0.08509500703,0.1048729244,0.1685685045,0.2183412269,0.1588573765,0.2121808765,0.1645557108,0.09523883583,0.06271364956,0.09812105251,0.1198736546,0.1452685327,0.1195830951,0.1581614556,0.1207242316,0.1185500441,0.09309513145,0.07503128057,0.08374293443,0.05,0.08449263592,0.06337369074
39,0.3873168155,0.3940416804,0.3833002548,0.2572833709,0.0938548963,0.1230982778,0.1539938731,0.1510339239,0.05,0.1592556735,0.09319823819,0.086519318,0.1056795369,0.1709124575,0.2208815004,0.160806401,0.214289223,0.166039945,0.09589714026,0.06368208717,0.0982598127,0.1200362386,0.1471538243,0.1203106782,0.1602136771,0.1229248374,0.1218131135,0.09581962029,0.07705486633,0.08577380421,0.05,0.08684801822,0.0647635355
40,0.3887745697,0.3957750786,0.3842243069,0.2632193147,0.0945194625,0.1242157226,0.1552120671,0.1522899685,0.05,0.1580616745,0.08947452491,0.0835200854,0.1061847424,0.1713069323,0.2247731685,0.1625356551,0.2180471393,0.1677176623,0.09556535918,0.06373691322,0.09897414263,0.1207412649,0.1480271946,0.1210855594,0.1607502171,0.1216940987,0.119195173,0.09208764875,0.07438761655,0.08311773215,0.05,0.08251982294,0.06192249458
41,0.3888956283,0.3965680658,0.3850843904,0.2760519697,0.09126947264,0.1196188699,0.1573232392,0.1528682594,0.05,0.1608127951,0.09044335244,0.08184700276,0.1051566693,0.1756913905,0.2334318787,0.1663898991,0.2262457635,0.1713284497,0.09288259353,0.06251678719,0.09666977832,0.1175316266,0.1504847498,0.1198132115,0.1626402969,0.1238282589,0.1218705751,0.09398519403,0.07358641246,0.08308892335,0.05,0.08317760772,0.06197952096
42,0.3897204772,0.3971388155,0.3865063013,0.2864234803,0.09089936691,0.1180897163,0.160211474,0.1556418817,0.05,0.1645256776,0.09213296767,0.08425585141,0.1056686448,0.1787768448,0.2415474717,0.170343098,0.2339037227,0.1749321889,0.09215248793,0.06301071264,0.09593368515,0.1169187227,0.1529110407,0.1202128254,0.1659514488,0.1268363214,0.1241071242,0.0960284386,0.07516399096,0.08466454225,0.05,0.08472807042,0.06341097306
43,0.3895593755,0.397446461,0.386639351,0.296986481,0.09460609428,0.1237262915,0.1659854032,0.1612733249,0.05,0.1702987301,0.0950044424,0.08554777814,0.1102932639,0.1862550052,0.2501907191,0.1770500375,0.2421746043,0.1812509055,0.09656414834,0.06602425285,0.1004450807,0.1225483956,0.1593248301,0.1253027518,0.1721037276,0.1314245507,0.1285095177,0.09926522564,0.07677692448,0.08718797739,0.05,0.08755627849,0.06544000387
44,0.3852212617,0.3923365808,0.3834005226,0.3034990845,0.0958771979,0.1249199867,0.1702513399,0.1653450918,0.05,0.1753059765,0.09754424788,0.08701823437,0.1122834865,0.1908812879,0.2559134868,0.1804222079,0.2480059951,0.1856523679,0.09799948009,0.06723537356,0.1022540319,0.125179135,0.162905762,0.1281298882,0.1760414769,0.1348923359,0.1315150186,0.1014582442,0.07849755522,0.08901759022,0.05,0.08957689921,0.06673720946
45,0.3834208564,0.3918678884,0.3821752464,0.3105871981,0.09541804888,0.1240084058,0.1689285013,0.163885525,0.05,0.174169537,0.09627003152,0.08569389611,0.1116301169,0.1903697252,0.2606721255,0.1822270658,0.252334478,0.1854919628,0.09672967401,0.06677408473,0.100862213,0.1234433087,0.1623641142,0.1266108727,0.174557935,0.1344927035,0.1310488454,0.1006479621,0.0774899744,0.0878154491,0.05,0.08827648541,0.06594722298
46,0.3785270636,0.3871469123,0.3779087313,0.3216144339,0.0953711692,0.1220182236,0.1710039865,0.1655859251,0.05,0.177725967,0.09909879365,0.08856152117,0.1125937847,0.19400262,0.2681073079,0.1858423327,0.2594563424,0.1884058678,0.09666218952,0.06708281716,0.1010914652,0.1225846571,0.1652422186,0.127483626,0.1761868462,0.1379018432,0.1346947074,0.1031959224,0.08014194743,0.09094598671,0.05,0.09052551031,0.06803995324
47,0.375549207,0.3825127337,0.3742583663,0.3244694399,0.0923082021,0.1179408192,0.1717867681,0.1669057585,0.05,0.1792731214,0.0984473073,0.08722795999,0.1111084285,0.1952044308,0.2701989127,0.1867983454,0.2617741213,0.189630347,0.09388151304,0.06613248232,0.09907280406,0.1199152811,0.165455266,0.1260749239,0.1776064686,0.1383025216,0.134384987,0.1030149256,0.07895414432,0.08974795893,0.05,0.08935856959,0.06656271822
48,0.3719230714,0.3800207984,0.3716076351,0.3261339005,0.09268046455,0.1193846768,0.1717385195,0.1662089294,0.05,0.1785520165,0.09912935909,0.08880953333,0.1107627165,0.1954746784,0.2713979113,0.1870514483,0.262711203,0.1899512716,0.09403801982,0.06603350341,0.09923661971,0.1204450006,0.1653611113,0.1260536684,0.1774620374,0.1388320571,0.1351431272,0.1035535881,0.08018705112,0.09053510523,0.05,0.09096498561,0.06762134127
49,0.3687192756,0.3765145719,0.3687413929,0.3307728176,0.09534174904,0.1233552815,0.1737824964,0.1685017938,0.05,0.182189231,0.09990458923,0.08813395268,0.1135581131,0.1985395882,0.2748576059,0.1902541191,0.2661260634,0.1923176949,0.09694457417,0.06778314644,0.1022697597,0.1240321648,0.1682676512,0.1289429804,0.1796277954,0.1408891566,0.1365115906,0.1049513904,0.08039829488,0.09087326154,0.05,0.09155823153,0.06806904378
50,0.3656944167,0.3746125643,0.366709281,0.3349670828,0.09347473503,0.1200855793,0.1763520253,0.1704942442,0.05,0.182619538,0.09984115684,0.08710619529,0.1135310268,0.2007549441,0.2781967608,0.1916846577,0.269549211,0.1946472782,0.09494730534,0.06736444224,0.1005559439,0.1221279758,0.1697102937,0.1288407967,0.1817163245,0.1416660708,0.1368847247,0.1045656631,0.07923486933,0.09053218957,0.05,0.09039497941,0.0673910006
51,0.3614358685,0.369519772,0.3628316945,0.3399010707,0.09631886374,0.1227992018,0.1804966207,0.1741868242,0.05,0.1876031004,0.1020321751,0.08859367799,0.1162378861,0.2049683531,0.2832302922,0.1960292132,0.2742361119,0.198985919,0.09742986333,0.06878811517,0.1032188518,0.1256575095,0.1739148589,0.1319513555,0.1861754752,0.1445313546,0.1405392142,0.1070791403,0.08056255553,0.09302164477,0.05,0.09281932257,0.06901143578
52,0.3617644588,0.3735741462,0.3637428041,0.3344537707,0.09330011248,0.1202865415,0.1739721018,0.1684718811,0.05,0.1823285036,0.09745729889,0.08527325809,0.1120832914,0.198622945,0.2772505986,0.1903760616,0.2688966725,0.1927502638,0.09449464957,0.06621513758,0.09989417359,0.1212358603,0.1680916431,0.1267557601,0.1795719281,0.14002532,0.1352402995,0.1030532055,0.07791355333,0.08870419732,0.05,0.08871845232,0.06597556145
53,0.3587273905,0.3728282396,0.3605930675,0.3356643998,0.09496084942,0.1226107447,0.1760761527,0.1701126807,0.05,0.1844349458,0.09924738269,0.08585238663,0.1142263055,0.2004754018,0.2787661801,0.1920700775,0.269981208,0.1942265832,0.09614560781,0.06767569726,0.1020432448,0.1250569668,0.1701349625,0.1296163058,0.1814949685,0.1422461445,0.1372995274,0.1045472862,0.07846744133,0.09015898923,0.05,0.09041507857,0.06752363568
54,0.360192415,0.3787266556,0.3625671801,0.3325398844,0.09051116689,0.1151612689,0.1719321643,0.1658074538,0.05,0.18039451,0.09688414604,0.08320313955,0.1099250819,0.1969265069,0.2758691272,0.1888970767,0.2674194141,0.190581273,0.09152218649,0.0649623303,0.09712509574,0.117811536,0.1663073475,0.1245774195,0.1770513724,0.1390312444,0.1342345921,0.1017398674,0.07617066715,0.08767300707,0.05,0.08836562529,0.06587345795
55,0.3554553621,0.3763601729,0.3580651315,0.3343861459,0.09071829859,0.116039276,0.1737976322,0.1681658357,0.05,0.1833286957,0.09779995493,0.08371364415,0.1111229306,0.1994938346,0.2780101177,0.1899449373,0.2690538067,0.1925940651,0.0919960431,0.0658277791,0.09780955801,0.1189870538,0.1677022889,0.1255455865,0.1794494171,0.1409298246,0.1363341191,0.1032188815,0.07696674399,0.08847701924,0.05,0.08927812263,0.06634707003
56,0.3551079518,0.3870430869,0.3584745064,0.3259870971,0.08853666788,0.1143045,0.168453643,0.1628420469,0.05,0.1750871396,0.09441419008,0.08338863727,0.1077264628,0.1930729974,0.2696746329,0.1847741807,0.2611606995,0.1866372149,0.0902304532,0.06362070116,0.09558597671,0.116294645,0.1626920172,0.1222924822,0.1741758283,0.1355378753,0.1311518129,0.09937978322,0.07492689296,0.08602492965,0.05,0.08539655807,0.06387761664
57,0.35490728,0.398869943,0.3563882668,0.3226413301,0.08481561991,0.1081930669,0.1658063801,0.1609570632,0.05,0.1744904535,0.09415339547,0.08268543718,0.1046182807,0.1909076733,0.2673329728,0.1821174649,0.258866467,0.1843332018,0.08593504049,0.06160698421,0.09170467988,0.1111132351,0.1604724264,0.1187849784,0.1716981412,0.1348373961,0.130314042,0.09935550447,0.07488599889,0.0859417908,0.05,0.08555355446,0.06392958642
58,0.3498807216,0.394785183,0.3525623299,0.3260253787,0.08411281851,0.1069622114,0.1687065771,0.1628676226,0.05,0.1777336866,0.0963356879,0.0847428856,0.1046909275,0.194186629,0.2712883343,0.1847628347,0.2628419781,0.1872119764,0.08484655561,0.06196416715,0.0911365384,0.11025708,0.1623606547,0.1195814011,0.1746853174,0.1375811608,0.1337020684,0.1018442883,0.07670989253,0.08823416025,0.05,0.08852696038,0.0653803623
59,0.350595547,0.4033565203,0.3501510242,0.3264827253,0.08679396374,0.1109672857,0.1710621856,0.1646616226,0.05,0.1793132147,0.09720864765,0.0846727351,0.1074110479,0.1966621406,0.2721292596,0.1862133571,0.2638110686,0.1895211244,0.08823941287,0.06401422302,0.09395321642,0.1143562869,0.1644339212,0.1220343972,0.177218742,0.1388424477,0.1348045672,0.1028184762,0.0767407361,0.08805897488,0.05,0.08867571507,0.06564081813
60,0.3475254273,0.4017690622,0.3462773083,0.3181641437,0.08697205015,0.1105371671,0.1689265753,0.1637278094,0.05,0.1755444744,0.09442712801,0.08012068858,0.1071359096,0.1928899628,0.2661367202,0.1835168845,0.2574863499,0.1868050822,0.08799544466,0.06305614441,0.09376023783,0.1142649125,0.1626935642,0.1215850151,0.1755242957,0.1356026722,0.1313072115,0.09978245213,0.07339002496,0.0853530925,0.05,0.0858389787,0.06339606276
61,0.3446449762,0.3985182269,0.3421280943,0.3118149409,0.07962296049,0.1020359053,0.1643212129,0.1594214717,0.05,0.1724223297,0.09363320021,0.08074587074,0.1013600575,0.1887229709,0.2608123613,0.1783998516,0.2529241874,0.1818750473,0.08038458816,0.05940486511,0.08671028793,0.1058500335,0.1578613008,0.1153443346,0.1710203912,0.133826161,0.1296334493,0.0985978432,0.07357669314,0.08489465541,0.05,0.08509652195,0.06339480394
62,0.3425450103,0.3878134388,0.3389728192,0.3084224101,0.07736498368,0.09945168892,0.1626120806,0.1569962639,0.05,0.1692931174,0.09061697669,0.07838031975,0.09939720097,0.1865355367,0.2580823411,0.1764428897,0.2499969061,0.1800058147,0.07828729888,0.0582614922,0.0850153274,0.1046279033,0.1555792756,0.1130259617,0.1688033571,0.1310744426,0.1264135544,0.09556323937,0.07099304387,0.08214201869,0.05,0.08209096005,0.06129435666
63,0.3417713131,0.38559052,0.3366165836,0.3017896486,0.07738818941,0.1002635875,0.1570085021,0.1516991749,0.05,0.1665251886,0.09113168852,0.07991635437,0.09623364626,0.1815669637,0.2525335101,0.1721969763,0.2447703726,0.1748928989,0.07831485617,0.05699046262,0.08311422392,0.1022654378,0.1516227953,0.1096088251,0.1629781156,0.1296296372,0.1256157089,0.09569990311,0.07202699685,0.08266059949,0.05,0.08343956397,0.06202575754
64,0.3409154163,0.3765174822,0.3333885221,0.2951324161,0.07690853832,0.09945107166,0.1551718586,0.1501501806,0.05,0.1627420236,0.0888930286,0.07780159243,0.09600695698,0.1778441251,0.2478003786,0.1695409068,0.2398047344,0.1724592994,0.07826561471,0.05670630181,0.08320136881,0.1017179927,0.1492438276,0.1091182923,0.1615995095,0.1264245287,0.1224390704,0.09342030938,0.06979431326,0.08047846484,0.05,0.08072366828,0.0599798411
65,0.3401042883,0.3660739391,0.3306602952,0.287846431,0.07547919353,0.09793265122,0.1513682633,0.1462747988,0.05,0.1586959403,0.08849647883,0.07791835931,0.09390086592,0.1737964489,0.2417883798,0.1663926846,0.2341493361,0.1681758558,0.07680354504,0.05555125827,0.08180450277,0.09985262314,0.1463467547,0.1064127964,0.1567947245,0.1237604718,0.1209340058,0.09257598541,0.06986631099,0.08016281774,0.05,0.08106360189,0.05980955041
66,0.3394867031,0.3516309715,0.3268745909,0.2844839167,0.0755623891,0.09744013288,0.1514930603,0.1463031239,0.05,0.1592884346,0.0887636933,0.07774697276,0.09425391173,0.1735688476,0.2405931768,0.1658092309,0.2324861627,0.1680173812,0.07662357665,0.05546671226,0.08140547174,0.09973189967,0.1461276719,0.1067006737,0.1569937028,0.1241213935,0.1214827819,0.0931150763,0.07064736176,0.08113800777,0.05,0.08167420193,0.06049037385
67,0.3409217636,0.3462220197,0.3252379023,0.2938997649,0.07977681421,0.1026946639,0.1601862981,0.1549045529,0.05,0.1675250089,0.09377768468,0.07995436851,0.09962963952,0.1819119857,0.2496441052,0.173657757,0.2420579229,0.1768456996,0.08128147971,0.05875315908,0.08616713954,0.1054080615,0.153735101,0.1126640404,0.1655112622,0.130384001,0.1279320818,0.09769667796,0.07319034276,0.08519406943,0.05,0.08540478851,0.06326185751
68,0.3439620377,0.3470455148,0.3240066749,0.295710992,0.08246095864,0.1057287262,0.1622155914,0.1567782409,0.05,0.1689829832,0.09648407853,0.08312951133,0.1019730462,0.1837146211,0.2513862487,0.1761583082,0.2442402434,0.1790736,0.08366317779,0.06011575697,0.08879695215,0.108043741,0.1562719254,0.1152800524,0.1676062283,0.132267819,0.1304381576,0.1002415744,0.07571492689,0.08757478607,0.05,0.0881870466,0.06584041387
69,0.3480556446,0.3446191571,0.3226079463,0.2953657304,0.08395912362,0.1081778031,0.1657155365,0.1601570745,0.05,0.1701755314,0.09769975681,0.07953112289,0.1039873558,0.1859894648,0.2531123515,0.1781338362,0.2454133832,0.1818867084,0.08547480504,0.06110256651,0.09035181221,0.110325068,0.1593268336,0.1178671204,0.1713664972,0.1334786731,0.1321540389,0.1015401652,0.07446028436,0.08806054338,0.05,0.0892506833,0.06615494211
70,0.3528259587,0.3406119146,0.3201375069,0.2927690873,0.08516059289,0.1084313624,0.1661846991,0.1609279986,0.05,0.1715890597,0.1020465234,0.08300683738,0.1057774863,0.1858200348,0.2520273597,0.1801510007,0.2446952101,0.1822166729,0.08700080791,0.06217018564,0.09157207576,0.1107693116,0.1600192016,0.1186765055,0.1711250642,0.1350623392,0.1352193044,0.1048942875,0.07874296328,0.09259332392,0.05,0.09407166527,0.06974895789
71,0.3586376583,0.3419081974,0.3207883552,0.2958312466,0.08946073349,0.1124899559,0.1696475963,0.1643898068,0.05,0.175269152,0.1084620145,0.08870610043,0.1083424419,0.1901830077,0.2562790117,0.1828159786,0.2485825501,0.1867865144,0.09074691769,0.06456774154,0.09543541779,0.1155247988,0.1633983409,0.1223976001,0.1751916604,0.1394370643,0.140651994,0.1103481571,0.08380617235,0.09878715082,0.05,0.09928828993,0.07357056054
72,0.3676390422,0.345968778,0.320918485,0.3109331092,0.09647593427,0.120942508,0.182950798,0.1765671911,0.05,0.1881494482,0.1160290918,0.09271294736,0.117710354,0.2039822541,0.2707370292,0.1965264819,0.2632754791,0.2006565344,0.09840801546,0.06992537459,0.103544992,0.1239763735,0.1760727708,0.1327047106,0.1883372691,0.1490133295,0.1505724497,0.1189848869,0.08997001751,0.1060648307,0.05,0.1070633164,0.07955188338
73,0.3698723338,0.3530806978,0.3206914051,0.3125181689,0.1011905495,0.1267442091,0.1886515264,0.1826233364,0.05,0.1918212604,0.1235741266,0.09839553859,0.1227660289,0.2077339222,0.2747391977,0.2018924584,0.2658724938,0.2051429902,0.1030777151,0.07303597842,0.1086998616,0.1302468733,0.1819047134,0.1382425649,0.1936730837,0.1536622703,0.1562399659,0.1247143329,0.09597091973,0.1130018172,0.05,0.1149245889,0.08544388126
74,0.3766416317,0.3573603126,0.3223891972,0.3317550924,0.1104380123,0.1361699418,0.2061007842,0.1994213291,0.05,0.2096101078,0.1395909464,0.1095479477,0.1358475934,0.2250567492,0.294649188,0.2195692697,0.285631318,0.2241431922,0.1125019175,0.08071706744,0.1192320687,0.1422592369,0.19919845,0.1525680938,0.2109644698,0.1690721608,0.1741194749,0.1399629603,0.1080218392,0.128003305,0.0538836006,0.1298905075,0.09675563971
75,0.3860708736,0.3628540134,0.3219732283,0.3595590058,0.1262653279,0.1542621357,0.2335998843,0.2264625561,0.05,0.2351633026,0.1588866862,0.1239863276,0.1551341514,0.252901804,0.324627573,0.245616818,0.3137227193,0.2523020115,0.1286467915,0.09268065124,0.1368665998,0.1639514659,0.2248158739,0.1749768279,0.2387071366,0.1901185367,0.1962830182,0.1592015797,0.1235914999,0.145784053,0.06146857941,0.1478387086,0.1099603364
76,0.3911039781,0.3748340818,0.3237731991,0.3652349473,0.1291384095,0.1566597405,0.2385254688,0.2315976247,0.05,0.2427829075,0.1697102424,0.1303406427,0.1583662645,0.2595053099,0.3298196108,0.2502593943,0.3202019959,0.2575225814,0.1313148111,0.09401092895,0.1395235046,0.1659286607,0.2287610925,0.1779992643,0.2442891591,0.1977043589,0.2070585518,0.1689372942,0.132055158,0.1563898151,0.06482801371,0.1585288159,0.1178650803
77,0.3948641818,0.3822781322,0.3254284828,0.37830247,0.1379882366,0.1658801631,0.252448083,0.2451878433,0.05,0.2546338266,0.1822059726,0.1372409222,0.1687074578,0.2721115297,0.3446030335,0.2636356599,0.3332388757,0.2717398359,0.1407901262,0.1006069402,0.1490239122,0.1758635338,0.2419657972,0.189298928,0.2577707611,0.2087835731,0.2199222187,0.1804966536,0.1408582008,0.1680747714,0.06940104297,0.1712584799,0.1278281187
78,0.3934178595,0.3857317549,0.3241342855,0.3907405337,0.1447105141,0.1736592569,0.2661357901,0.258396541,0.05,0.2684693592,0.1902988473,0.1417166667,0.1780165905,0.285991353,0.3583354086,0.2771766782,0.3469654087,0.2856516111,0.1476671137,0.1062275558,0.1571331193,0.1857038195,0.2554019381,0.200104065,0.2720067839,0.21861154,0.2306238816,0.1889331815,0.146445396,0.1749510109,0.07209370062,0.1782721954,0.1326456435
79,0.3952920415,0.3981266923,0.3272516375,0.4153802297,0.157304153,0.1857144527,0.2898633379,0.2819116508,0.05,0.2936942993,0.2162801966,0.1597923509,0.1937316524,0.3110079657,0.3863648697,0.300166494,0.3730209063,0.310377922,0.1594301921,0.115574078,0.170784234,0.201876157,0.2768500286,0.2187307326,0.2962875347,0.240341873,0.2568718004,0.2133238689,0.1670105664,0.1994054973,0.08256762333,0.2037464059,0.1511802975
80,0.395564857,0.4058885965,0.3243691729,0.4212441315,0.1631210828,0.1939349019,0.2960147537,0.2871784074,0.05,0.297977152,0.2166156697,0.1621458466,0.2005077339,0.3161089207,0.3923050138,0.3059607816,0.3786660359,0.3164002609,0.1658304981,0.1189424924,0.1775262937,0.2088154125,0.2839559396,0.224748566,0.3017159403,0.24389315,0.2593678245,0.2145249307,0.1680094854,0.2000796696,0.08353731738,0.2037732001,0.1521931328
81,0.3875696729,0.4073189952,0.3205572422,0.4418620153,0.1753507115,0.2074147661,0.3149352403,0.3061560519,0.05,0.318167622,0.2329464312,0.168746715,0.2146652933,0.3362320409,0.4141880447,0.3247558313,0.3991502456,0.3367746389,0.1776353902,0.1284693636,0.1905005963,0.2253150844,0.3011417823,0.2417808589,0.3211473875,0.2608607898,0.2777203279,0.2301929197,0.1791833145,0.2151204917,0.08845979361,0.2195140924,0.1631426035
82,0.3923491215,0.4206120916,0.3206736769,0.442352732,0.1764279022,0.2099508603,0.3171220275,0.3090248636,0.05,0.3181974457,0.2379131657,0.1744966481,0.215949776,0.3374280145,0.4143869828,0.3260955857,0.3992346512,0.3377546058,0.1793963799,0.1290157512,0.1918830695,0.2268172922,0.3040541837,0.2425767621,0.3230044633,0.2618304448,0.2800417369,0.2338912008,0.1837545805,0.2197280042,0.09050343549,0.2239163355,0.1669962701
83,0.3960806902,0.4324428459,0.3225421956,0.4617815451,0.1892842703,0.2242813387,0.3362793599,0.3277733952,0.05,0.3398291086,0.2511264465,0.1842803889,0.231434964,0.3571586658,0.4350643421,0.3448210071,0.4193657268,0.3578813323,0.1931223809,0.1383592941,0.2054959232,0.2435707008,0.3223548315,0.2605544694,0.3425483148,0.2785641749,0.2980410869,0.2485011899,0.1944308785,0.2326337067,0.09590327378,0.2371805646,0.1766569132
84,0.3819352803,0.4264888139,0.3171614205,0.4739093868,0.1968685471,0.2325570181,0.3474442845,0.3386731226,0.05,0.3510026749,0.2652585647,0.1944039599,0.2396158931,0.3689033914,0.4489071755,0.3574301018,0.4325287836,0.3696647875,0.2003729447,0.1438265572,0.2143967241,0.2519414989,0.3332448651,0.2701745827,0.3537641376,0.2889645007,0.3106055472,0.2611263565,0.2063508177,0.2461665599,0.101865917,0.250529692,0.1869116455
85,0.3918311648,0.421100668,0.3184418887,0.4863837808,0.2018380192,0.2379538839,0.3593201382,0.3497511366,0.05,0.3641593056,0.2754728082,0.1949026601,0.2470298152,0.38121006,0.4634326059,0.3688419006,0.4452046624,0.3814524175,0.2054668124,0.1472526312,0.2196150824,0.2580324435,0.3443890251,0.2771336116,0.3656512807,0.2991592453,0.3233158237,0.2704670731,0.2098309698,0.2537356201,0.1039756724,0.2594122666,0.192862092
86,0.3889781653,0.4148597536,0.3155459827,0.5030975179,0.2096568298,0.2460379566,0.3763994671,0.3672232071,0.05,0.3813416843,0.2892619765,0.2096954492,0.2591473915,0.3975171562,0.481785694,0.3854148685,0.4622439908,0.398714059,0.2131595964,0.1549676083,0.2299183796,0.269295121,0.3609522725,0.2912838814,0.3830605123,0.3126648773,0.3386139101,0.283706511,0.2228339774,0.2667117067,0.1103959487,0.2731107829,0.2030610342
87,0.3879317841,0.4182859926,0.3172775801,0.5187492255,0.2212289264,0.2593845373,0.3915115547,0.3818539949,0.05,0.3969416045,0.3051281492,0.2203951956,0.270882614,0.4142994142,0.4971768791,0.3989983665,0.4780051749,0.4148730708,0.2249086256,0.1621798135,0.2412346815,0.2838220039,0.3750542065,0.3056415097,0.3988146939,0.3276160017,0.3540814396,0.2989294439,0.2354751557,0.2820820575,0.1169719056,0.288373434,0.214854081
88,0.3825501547,0.4119561891,0.3156872392,0.5212331699,0.2236590313,0.2628848515,0.3940206706,0.3846465229,0.05,0.3969745527,0.3076730327,0.2207600322,0.2733501627,0.4162799306,0.5013042064,0.4015596189,0.4814153414,0.4176487929,0.2273774014,0.1636820667,0.2434353579,0.2864915086,0.3776416156,0.3071075951,0.4017488067,0.3287932846,0.3561133574,0.3007117818,0.2369798129,0.2841862271,0.1172900579,0.2904881699,0.2161970122
89,0.3850311337,0.4106202486,0.3177003421,0.5551445582,0.243192502,0.2861422452,0.4261314994,0.4158271242,0.05,0.4300601544,0.3252273062,0.2309255845,0.2965853266,0.448561422,0.5359830536,0.4329812902,0.5141578841,0.4500462,0.2473676115,0.1774818376,0.2654985013,0.3128396812,0.4085520871,0.3350823621,0.4334430278,0.3526163346,0.3807745606,0.3187920404,0.249194099,0.3000785723,0.1229750314,0.3066005162,0.228176842
90,0.3816100787,0.392636105,0.3131142909,0.5469763005,0.2381736474,0.2789813872,0.4193563164,0.4093458756,0.05,0.4274783457,0.3280184526,0.2338772092,0.291611357,0.4423232773,0.5276763372,0.4256985566,0.5074378871,0.4434662816,0.2421376943,0.1743867717,0.2596017461,0.3053211334,0.4014321585,0.3274708108,0.4263843731,0.3506501589,0.3808823783,0.320324478,0.2515118273,0.3027190843,0.1238290428,0.3092968685,0.2297031209
91,0.3897361137,0.3931827424,0.3196753303,0.5452498913,0.236150497,0.2768085342,0.4161861593,0.4062262561,0.05,0.4207763661,0.3254893571,0.2334524156,0.289031343,0.4395894488,0.5263336213,0.4231479411,0.5053038256,0.4406758625,0.2399828986,0.1727985639,0.2578776049,0.302826805,0.3991095516,0.325653791,0.4237265973,0.3480686803,0.3771929183,0.3186775235,0.2505147212,0.3008565121,0.1242957577,0.3076798355,0.2288827717
92,0.3862733571,0.3914478262,0.3183728591,0.5685546149,0.2483891886,0.2901387007,0.4374044906,0.4266895049,0.05,0.4433759698,0.3433047313,0.2418569573,0.3045150295,0.4624486674,0.5507328502,0.4449158861,0.5285555019,0.4627794835,0.2526815748,0.182151518,0.2714978678,0.3195684016,0.4188397376,0.3427576449,0.4448506676,0.3663702373,0.3982009509,0.3352724329,0.2621422107,0.3173536539,0.1298934171,0.3248403726,0.2413201101
93,0.3786320918,0.3797234526,0.3160330324,0.5674188213,0.2485348787,0.2922329917,0.434469132,0.4240877312,0.05,0.437936377,0.3320725087,0.2387229497,0.3022251681,0.4578449843,0.5465800639,0.4419430476,0.5260795239,0.4594910808,0.253145694,0.1811927977,0.2709919055,0.3196417269,0.4159809738,0.3411855284,0.4423150725,0.3603388581,0.3891157747,0.3263338846,0.2547893498,0.3062122667,0.1261025084,0.3128798365,0.2325490228
94,0.3798625925,0.3826524544,0.3155376707,0.5674357401,0.248344259,0.2919664507,0.4379179244,0.4279832282,0.05,0.4409159371,0.3345341519,0.2385993993,0.3037466447,0.4605917273,0.5479112622,0.4430542936,0.5278226375,0.463124533,0.2520850878,0.1819945951,0.2712226347,0.3209060506,0.4188990669,0.3435848151,0.4454899364,0.3625836363,0.390706174,0.3279566038,0.2562853089,0.3086483633,0.1268567999,0.3162014478,0.2354475404
95,0.3763543168,0.3834636949,0.3161867542,0.5581786501,0.2421559409,0.2840378386,0.4317335368,0.422172941,0.05,0.4407687696,0.3349623945,0.2374689777,0.2989621464,0.4560544781,0.5398968487,0.4373111083,0.5200137653,0.4560174808,0.2463695538,0.1784272796,0.2659573577,0.3132304104,0.4124723771,0.3370975588,0.4404702726,0.3598717088,0.3907249916,0.3279255014,0.2558484986,0.3085108356,0.1268947945,0.315409889,0.2342744701
96,0.3805956207,0.3806800934,0.3164267977,0.5547065143,0.2382277012,0.2807235473,0.4221629353,0.412291022,0.05,0.4303152343,0.3258725578,0.2311731595,0.2922320204,0.4468449729,0.5368561384,0.4307370214,0.5149550632,0.4471339155,0.2416974709,0.1743465645,0.2603099233,0.3082568878,0.4037877098,0.3296919643,0.4301787514,0.3521104442,0.3810996267,0.3192570235,0.2489835874,0.3007562615,0.1239375956,0.3082505803,0.229170024
97,0.3883469854,0.3832180506,0.318775095,0.5560475168,0.239507164,0.2814386659,0.425959427,0.4163504303,0.05,0.4360108358,0.3277576087,0.2372818011,0.2940897848,0.450757631,0.5378212133,0.4326900914,0.5164866859,0.4512750203,0.2431257554,0.1755245744,0.2616347361,0.3098430177,0.4076734419,0.3317356018,0.4342297191,0.354893478,0.3837052303,0.3209921402,0.2528342708,0.3027990163,0.1246627288,0.309148352,0.2303190685
98,0.3821567916,0.3763521229,0.3168351019,0.5682330094,0.2497918568,0.2943152322,0.4348714392,0.4244908417,0.05,0.4436556048,0.3310714691,0.2351913191,0.3035184563,0.4603505618,0.5485556841,0.4427511257,0.5279308735,0.4604056101,0.2543218384,0.1816893986,0.2719649971,0.3206505638,0.416265189,0.3417535235,0.4428430592,0.3617006164,0.3897055954,0.3244900493,0.2528663439,0.3044521849,0.1255518086,0.3116751904,0.231846086
99,0.3840664166,0.380171431,0.3221991674,0.5834134048,0.2577260831,0.3040538443,0.4517141745,0.4415428077,0.05,0.4597746641,0.3435075029,0.2436943716,0.314610588,0.4755715113,0.5640433495,0.4577266683,0.5435020359,0.477533582,0.2619143075,0.1885181582,0.2816090786,0.3329201459,0.4321812533,0.3554450129,0.4597149312,0.3741787681,0.4040769442,0.3366656979,0.2623967514,0.3161857221,0.1295162349,0.3240170473,0.240305747
100,0.3895529523,0.389208756,0.3225571785,0.5654907879,0.2443287464,0.2890179254,0.4323605351,0.4219524979,0.05,0.4416145535,0.3251335243,0.229328136,0.2987168845,0.4569078269,0.5471955451,0.4385129911,0.5253027754,0.4571336263,0.248455297,0.1785786678,0.266977457,0.3179020422,0.4130340743,0.3384865667,0.4405402224,0.3578610804,0.3851337203,0.3195291724,0.2472615607,0.2984313155,0.12225131,0.304916068,0.2269660158
101,0.3884310267,0.3875517791,0.321614402,0.5798722484,0.2455267767,0.2876635671,0.4432506551,0.4315648059,0.05,0.4506555644,0.334676986,0.2420116601,0.3041367591,0.4681916662,0.5600805498,0.4519693515,0.5392107897,0.4701284933,0.2488162796,0.1818310009,0.2691535684,0.3189609977,0.4247570956,0.3432555154,0.4509425938,0.3685276328,0.3950714674,0.3295991028,0.258787547,0.3092190482,0.1281183674,0.3159278736,0.2351681368
102,0.3928978696,0.3881163559,0.3210192288,0.5846384177,0.2555293213,0.3029770125,0.4499150987,0.4392699995,0.05,0.4583768975,0.3396058394,0.2430269284,0.3115120654,0.4743854081,0.5646993878,0.4589877812,0.543659779,0.4758060211,0.2598858408,0.1863868349,0.2781047246,0.3305464546,0.4308611707,0.3523702408,0.4577783319,0.3720555665,0.3999010449,0.3333354952,0.259811138,0.313659542,0.1287627406,0.3207905283,0.2387461238
103,0.3984857235,0.4062223665,0.3258628883,0.5642474059,0.2452183541,0.2892049284,0.4344668961,0.4232290132,0.05,0.4412251063,0.3266613641,0.2324892094,0.3009375036,0.458088274,0.5439037296,0.4421915166,0.5244429062,0.4593730599,0.2500440432,0.1801126291,0.2681790367,0.3168744588,0.4165126941,0.3394645203,0.4418312224,0.3593034059,0.3859817019,0.3213364192,0.2502488349,0.3008924051,0.1230931788,0.307731905,0.2292910625
104,0.4118036075,0.4239840414,0.3321925011,0.5665258396,0.2460492087,0.2904802329,0.4353850608,0.4264621536,0.05,0.44441746,0.3311538527,0.241948885,0.3014136698,0.4612113044,0.5446031324,0.4408837665,0.5268735157,0.4609688036,0.2496293409,0.1797989284,0.2684932107,0.3185532836,0.4154722102,0.3407786113,0.4443865026,0.3631061608,0.389941797,0.3258906991,0.2557697089,0.3059153569,0.1267567944,0.3121468802,0.2327734457
105,0.4065556533,0.4315117098,0.3299877606,0.5827744408,0.257030115,0.3052088078,0.4496606293,0.4399783498,0.05,0.458781597,0.3408118141,0.2432274691,0.3134296263,0.4754446966,0.5633375611,0.4562123882,0.5431038682,0.4761583819,0.2610358273,0.1876242106,0.2800274332,0.3343563905,0.4305792967,0.3557708886,0.4585516904,0.3730146197,0.4020739598,0.3345244968,0.260257808,0.3131350569,0.1288181781,0.3202435932,0.2381782867
106,0.4053704202,0.4274585007,0.32399124,0.5416992655,0.2318974848,0.2759874946,0.4104038187,0.4008067157,0.05,0.421512249,0.3109577529,0.2286627745,0.2840759902,0.4352098394,0.5177552976,0.4176444937,0.5013738547,0.4354649979,0.2357061105,0.1692049015,0.2534230472,0.3026734138,0.3934043677,0.3228158394,0.4185392874,0.3412110628,0.3670103501,0.3055521928,0.2412477494,0.2874494726,0.1188201157,0.2937305818,0.2192600468
107,0.4123461072,0.4375545102,0.3253220921,0.5742245406,0.2474822524,0.2914596821,0.4412020301,0.4309963952,0.05,0.4548233666,0.3369377142,0.2467543674,0.3041265632,0.4671347922,0.5546071328,0.4468423235,0.5345939484,0.4672048529,0.2513079621,0.1812652595,0.2708919824,0.3213703696,0.4209057865,0.3446380919,0.4490651384,0.368050241,0.3970385676,0.3305886556,0.26109978,0.3109989906,0.1291244104,0.3179010539,0.2369299331
108,0.4224256729,0.4508967178,0.3316903069,0.5546714973,0.2447992776,0.2924067268,0.4231950426,0.4133481359,0.05,0.4328910034,0.3213628317,0.2334512518,0.2953600462,0.448554316,0.5319455352,0.4313894823,0.5142654662,0.4486316597,0.2489476668,0.1771834223,0.2657277173,0.3166986804,0.4064474013,0.3351614231,0.4305909434,0.3514271795,0.3777439307,0.3157395025,0.2483501812,0.2966743654,0.1227127081,0.3031828056,0.2257398874
109,0.4225644409,0.4481797893,0.3320477755,0.5641287192,0.2477688981,0.2947924823,0.4310687661,0.4205741708,0.05,0.4410744356,0.3225313485,0.2339437397,0.3000334559,0.4564121675,0.5399344712,0.4373522422,0.5234679343,0.4561972967,0.2520412507,0.1797034859,0.2698923483,0.3193064636,0.4115498884,0.3389812313,0.4391207181,0.3571532091,0.3825867028,0.3174956264,0.2482938686,0.2972800422,0.123050347,0.3033077918,0.2258752363
110,0.4220077715,0.4331816011,0.3279464958,0.5731270002,0.2427760304,0.2861063426,0.435583904,0.4252231412,0.05,0.4466683072,0.3299031857,0.2380486005,0.2990059219,0.4629455258,0.5480128302,0.4415819526,0.532040985,0.4625254498,0.2469483286,0.1782694709,0.2661962597,0.3163667607,0.4157647754,0.3391789801,0.4444319543,0.3630909951,0.3896411275,0.3240623702,0.2525778454,0.3030899098,0.1245208777,0.3102310484,0.2309590177
111,0.4339312047,0.4339241531,0.33478715,0.5771959438,0.2476985377,0.2923951044,0.4396235164,0.4293911352,0.05,0.4496697329,0.3301439085,0.2368940301,0.3037260014,0.4657302696,0.5567694466,0.4493478974,0.5356719138,0.4653443179,0.2515232267,0.1813227258,0.270285059,0.3224070731,0.421571087,0.3447376233,0.4479588148,0.3645457709,0.391627497,0.3245355447,0.2523637029,0.3034219316,0.1256414783,0.3105116508,0.2315010622
112,0.4251041578,0.4193804752,0.3302278058,0.5588005082,0.2384454745,0.2825686407,0.4235974081,0.4139735681,0.05,0.4352810599,0.3149814218,0.227111882,0.2923505364,0.4505044495,0.5347306072,0.4307430999,0.5175702024,0.4493013114,0.2425317571,0.1742157113,0.2603688545,0.3107114326,0.4055841322,0.3312708606,0.4328123724,0.3506255934,0.375292576,0.3093813806,0.2408404375,0.2889892867,0.1192223935,0.2959665101,0.2201701576
113,0.418220149,0.4078462774,0.3292006129,0.5825438448,0.2507145517,0.2965393512,0.4457289164,0.4353167931,0.05,0.4556257269,0.336372313,0.244425563,0.3081359731,0.4728441004,0.5599288233,0.4536261961,0.5419132929,0.4731345303,0.2545745694,0.1835849402,0.2738358994,0.3282426258,0.4257654647,0.3499170479,0.4545075381,0.3705759415,0.3970922177,0.3307401876,0.2598404458,0.3100859358,0.1288952253,0.3164072455,0.2359369164
114,0.4192230397,0.4044840532,0.3288589546,0.5744619744,0.2445532206,0.2883162944,0.4391613369,0.4285232665,0.05,0.4510998607,0.3286354004,0.2391838025,0.3016209019,0.4648788606,0.5531103156,0.4451896853,0.533906147,0.4642886252,0.2482228254,0.1801478508,0.2686867936,0.3192059733,0.4188178198,0.3415505017,0.4474398229,0.3637145075,0.3905164405,0.3229155588,0.252673063,0.3020827516,0.1252386951,0.3087069366,0.2296870834
115,0.4208129522,0.4062662447,0.3306288956,0.5787916144,0.2548426727,0.3030514874,0.4455621641,0.4348626192,0.05,0.455429232,0.3319202863,0.2393862947,0.3103291724,0.4700268646,0.5559535104,0.452176346,0.5384076551,0.4709762904,0.2592089059,0.1853741415,0.2778204065,0.3314344961,0.4255921067,0.3512604605,0.4534715558,0.3678885674,0.3933903392,0.3266918248,0.2539261556,0.3058462394,0.1265528283,0.3129185073,0.2329385927
116,0.4279918282,0.4155253724,0.3358104752,0.5761840459,0.2467478532,0.2913525515,0.4378553381,0.4270661847,0.05,0.4463697328,0.3263150145,0.2330549908,0.3025803716,0.4639697495,0.5526902678,0.4454319714,0.5344680066,0.4646382511,0.2510344877,0.1801949174,0.2696084673,0.3204732713,0.4171249834,0.3411006196,0.4456730804,0.363410144,0.3888319235,0.3213192442,0.248866735,0.2993649401,0.1228938898,0.3058829065,0.2275868769
117,0.4202662603,0.4067719366,0.3310282246,0.5827583527,0.2440417917,0.2899833244,0.4401242125,0.4292615752,0.05,0.4525531059,0.3279953156,0.2388205199,0.3011394637,0.4679963771,0.5570257217,0.4488399094,0.5402433275,0.4672341035,0.2479884956,0.1796452565,0.2672610886,0.3191713552,0.4211642341,0.3407154481,0.4492586328,0.3669116937,0.3897985957,0.3233658589,0.2514950561,0.3020929211,0.1250485183,0.3079595195,0.229329195
118,0.4231042532,0.4172417132,0.3335242042,0.5595164987,0.2325774587,0.2775689203,0.4182298026,0.4079710455,0.05,0.4298820104,0.3077407633,0.2269280548,0.2862931534,0.4452930592,0.5332951515,0.4283877007,0.5171580129,0.4447566919,0.2360186805,0.170707101,0.2540927988,0.3053624712,0.4000305829,0.3252141684,0.4265446846,0.3464209794,0.3688046818,0.3035080346,0.2377275647,0.283217874,0.1179730996,0.2887468975,0.2155820582
119,0.4253945695,0.4220892352,0.3344793164,0.582598391,0.2491922778,0.2951605699,0.4432966375,0.4332875597,0.05,0.454391493,0.3232137624,0.2354019913,0.3057904736,0.4698973551,0.5557194927,0.4506128996,0.5398507412,0.4695809015,0.2525632063,0.1821708823,0.2727422261,0.3253406933,0.4235667494,0.3472005926,0.4525463309,0.3645330842,0.3875453131,0.3192772568,0.2486209246,0.2973164792,0.123087149,0.3036350364,0.2257905519
120,0.4337239891,0.4309701651,0.3443436095,0.5637741999,0.2384491728,0.2837268829,0.4256173237,0.4156804109,0.05,0.4359313713,0.3105045336,0.224878842,0.2933641716,0.4499617729,0.5389821919,0.4334659708,0.5215365067,0.4515084439,0.2419544619,0.1744993967,0.260780226,0.3108379278,0.4070474279,0.3328566953,0.4339001324,0.3505269847,0.3736980069,0.3065021047,0.2375046405,0.2851357166,0.1177268871,0.2905425891,0.2151589346
121,0.4483478397,0.4488682636,0.3530783513,0.5560559269,0.2319527525,0.2759430323,0.4122050628,0.4017463397,0.05,0.4259015088,0.307459271,0.2228941619,0.282527578,0.4411059454,0.5315962978,0.4238386906,0.513026971,0.4400748256,0.2360680585,0.1688630298,0.2528843807,0.299890029,0.3953243362,0.3184686556,0.4212173662,0.3445178391,0.367957457,0.3035294028,0.235556178,0.2829484518,0.1164567036,0.2887595077,0.2147340937
122,0.4438255358,0.4350560353,0.3494384551,0.5673250965,0.2385969248,0.282564177,0.4286869737,0.4177949349,0.05,0.4358286779,0.3147805119,0.2305193196,0.2938043421,0.4550078742,0.5422072131,0.4361864315,0.5249690226,0.4556554176,0.2425100025,0.1751640254,0.2610728753,0.3129140836,0.4093923554,0.3328820433,0.4374165419,0.353427449,0.3773141335,0.3110973018,0.2425575897,0.2898338664,0.1205873374,0.2962503819,0.2210944746
123,0.4535963859,0.4402955064,0.358635661,0.5724685906,0.2425672262,0.2893743133,0.4348315819,0.424531827,0.05,0.4471076816,0.3253339005,0.2391358232,0.2986093942,0.4620945108,0.5483484816,0.4413601989,0.5309234214,0.4610254077,0.2464589853,0.178193193,0.2656242197,0.3168786931,0.4148190676,0.3385259306,0.4437013913,0.3614454392,0.3856348219,0.3200662128,0.2524078989,0.3001316419,0.1241561768,0.3065963379,0.228712838
124,0.4535843695,0.4340343821,0.3582982465,0.561474758,0.2302314038,0.2726624341,0.4179136567,0.4073017791,0.05,0.4273748393,0.3081513166,0.2245110243,0.284677366,0.4454887542,0.5332914402,0.4270681643,0.5185292695,0.4452285811,0.2339577728,0.1696175615,0.2521965912,0.2996038507,0.3992577808,0.3221069542,0.4264507608,0.3467262481,0.3694530454,0.3041902335,0.2363703126,0.2832657972,0.1167070004,0.2888892314,0.2146986005
125,0.4645667709,0.437644903,0.3676886449,0.553588434,0.2321292006,0.2759156386,0.4152276964,0.4051262535,0.05,0.425988987,0.3089614134,0.2278907889,0.2846592163,0.441668961,0.5292352664,0.4246317979,0.5118649571,0.4415678769,0.2365671096,0.1698015588,0.2536177016,0.3033458014,0.3974755237,0.3235910648,0.4240969363,0.3442549824,0.3688328761,0.3049537777,0.238809531,0.2847382637,0.1175158763,0.289731871,0.216681189
126,0.4631229966,0.4378825776,0.370084465,0.5356332163,0.2226642339,0.2661111054,0.3968404989,0.3877475228,0.05,0.4100210533,0.2919342477,0.2197593029,0.2719574266,0.4245938713,0.5085677455,0.406282118,0.4934344106,0.4233031516,0.2265992955,0.1621536584,0.2429527719,0.2903208375,0.379352109,0.3073117069,0.4061206272,0.3294799186,0.3507524488,0.2883553815,0.2279294375,0.2689400632,0.1123713326,0.2740014543,0.2043245452
127,0.4609657138,0.4329592036,0.3711769596,0.5682704283,0.2400258573,0.2859510968,0.4269725243,0.4164669911,0.05,0.4438409216,0.3169180689,0.2344095716,0.2934017781,0.4553417811,0.5434117951,0.4345115721,0.5264586158,0.4533544251,0.2440919751,0.1752375951,0.2614680205,0.3132502979,0.4064478735,0.3332333243,0.4362849075,0.3558423014,0.3792651638,0.3131946528,0.2466675512,0.2920242971,0.1229490606,0.2981518867,0.2230075347
128,0.4726726414,0.4335024775,0.3771172023,0.5433189637,0.2260291953,0.2687213597,0.4050719915,0.3951151086,0.05,0.4147296524,0.2980857481,0.2207250598,0.277178417,0.4319156259,0.5181533074,0.4147096707,0.5017302315,0.43120764,0.2301404723,0.1650204837,0.2470935112,0.2935805808,0.3872042798,0.3135154755,0.4143136683,0.3358099433,0.3573560644,0.2950270998,0.2304110092,0.2740685847,0.1140498489,0.2805310073,0.2081161842
129,0.4518366676,0.4249612258,0.3686722742,0.6041051442,0.2594640625,0.3095760433,0.4610862419,0.4497984363,0.05,0.4701645828,0.3366716935,0.2413511079,0.3177755791,0.4874883884,0.5788399309,0.470020972,0.5609057323,0.4893128429,0.2635637152,0.189958277,0.2835554602,0.3381258373,0.4412771407,0.3600644054,0.4699106076,0.3788905034,0.4041417784,0.3326573431,0.2564281955,0.3089597126,0.1275632759,0.3160375221,0.2352222272
130,0.4539835756,0.4182976569,0.3693313399,0.5694246117,0.243216168,0.28920181,0.4309445148,0.4204739572,0.05,0.4392231231,0.3115572527,0.2291991939,0.2976408874,0.4556442467,0.5443970737,0.4400384503,0.5277145097,0.4571288711,0.2468572899,0.1780185954,0.2651606085,0.317065648,0.4123111743,0.3361881116,0.4389476683,0.3533358118,0.3748008619,0.3081658519,0.2411996006,0.2866987423,0.1192548272,0.2925716468,0.2180792792
131,0.4613973968,0.4253533365,0.3731282839,0.5503581317,0.231086544,0.2749949094,0.4131616174,0.4029014821,0.05,0.4288961279,0.3011921408,0.2200538739,0.2832157431,0.4396086051,0.5245261277,0.4196086469,0.5093104217,0.4391827488,0.2352127687,0.1689837019,0.2521584716,0.3020800207,0.3942732354,0.322701211,0.4212321046,0.3413180956,0.362913112,0.297383322,0.2322129771,0.2763130654,0.1133983445,0.2816367266,0.2096382921
132,0.4618511571,0.4299956708,0.3788574019,0.5478711852,0.2315478997,0.2785844605,0.4105875051,0.4000386173,0.05,0.4189385824,0.2937791434,0.2172998983,0.2818992748,0.4354321313,0.5208857629,0.4201387194,0.5058006407,0.436474985,0.235594792,0.1679250876,0.2521021807,0.3013357441,0.3935415905,0.3195087485,0.4190218384,0.3369631081,0.3562122675,0.2912269747,0.226530981,0.2706357845,0.1120927613,0.2759889551,0.2055441405
133,0.4565357822,0.4278180351,0.3753433305,0.5294985442,0.2139657793,0.2567164559,0.3905985165,0.3811406222,0.05,0.4004012804,0.2876079398,0.2125217817,0.2640964833,0.4171473886,0.5022112875,0.3984742413,0.4873090595,0.4166008691,0.2181829533,0.1570529459,0.2340786195,0.27945724,0.3723694703,0.2994165747,0.3994224874,0.323675365,0.3446256532,0.2839074194,0.221902608,0.2648071236,0.1097397335,0.2696344864,0.2008141568
134,0.4524248472,0.4229774819,0.3735058948,0.5451178036,0.2260016038,0.2688559177,0.4078611204,0.3967275918,0.05,0.4194907382,0.296993593,0.2182745975,0.2780147579,0.4339344066,0.5193384428,0.41784327,0.5037988814,0.4333068277,0.2297715689,0.1659327804,0.2469321767,0.2964549445,0.3894465615,0.3155399018,0.4156340823,0.3371289158,0.3571581454,0.2938364625,0.2280912208,0.2730992791,0.1136044405,0.2789629808,0.2079187745
135,0.4573115325,0.4245840491,0.3749888927,0.5393219743,0.2260947798,0.2698672029,0.4017206731,0.3918934064,0.05,0.4107128166,0.2903035557,0.2139156355,0.2761491442,0.4270419032,0.5116705772,0.4114141156,0.4971642941,0.4275041696,0.2300182882,0.16479142,0.2466675025,0.2945915631,0.3846959821,0.3124244123,0.4094809999,0.330049546,0.3506241529,0.2873857761,0.2242528378,0.2668295343,0.1100330221,0.2730028884,0.2033316894
136,0.4514425792,0.4236972432,0.3732289591,0.5578666117,0.2304082336,0.2734129126,0.4151014256,0.4050572336,0.05,0.4292492808,0.3063173891,0.2235179309,0.2836917348,0.4426551047,0.5299739346,0.4246111746,0.5145196313,0.4415503467,0.2348664707,0.168947274,0.2519837824,0.3002790991,0.3960995276,0.3210028366,0.4236982211,0.3454139761,0.3673917458,0.3025549742,0.2346089297,0.28144896,0.1159956339,0.2879863914,0.2136520646
137,0.4564281037,0.429870763,0.3787206782,0.5687458667,0.2351014964,0.2808774244,0.4186843694,0.4071596084,0.05,0.4321697537,0.3029356754,0.2188681079,0.2869386724,0.4483019733,0.5409582751,0.4306581527,0.5239659388,0.4470344714,0.2388015776,0.1717593813,0.2562222021,0.304806223,0.4011651498,0.3243418383,0.4274435056,0.3460499841,0.3677833206,0.2997709548,0.2309786006,0.2775755672,0.1143673971,0.2832539053,0.209861126
138,0.4545531644,0.4362112789,0.3811718161,0.560081854,0.2285173572,0.2738649405,0.4111851749,0.4003799388,0.05,0.4276951168,0.3032299353,0.2230543424,0.279245849,0.4402970479,0.5309716351,0.4227339225,0.5156468881,0.4393418731,0.2326339898,0.1672131616,0.2490154275,0.297681255,0.3939223087,0.3165727831,0.4203440485,0.343239947,0.3649432264,0.2994689449,0.2333452314,0.2787883405,0.1159968764,0.2844407273,0.2125892453
139,0.4430147073,0.4223348372,0.3744788809,0.5669551987,0.2331458873,0.2781189226,0.4191454306,0.4085616852,0.05,0.433149375,0.3064973855,0.2231906977,0.2847236896,0.447303436,0.5353454284,0.4280903483,0.5215351043,0.446562422,0.2367573279,0.1698241237,0.2540575192,0.3035818123,0.399114156,0.3235147271,0.427778346,0.3475774911,0.3688271566,0.302567448,0.2345899243,0.2813776149,0.1163726468,0.2871834204,0.2138015788
140,0.4279902242,0.4128518818,0.365541093,0.5967164753,0.240944343,0.2855365748,0.4417578692,0.430935109,0.05,0.4503194953,0.3132254721,0.2251002699,0.2987234997,0.4702374922,0.5674988873,0.4539439121,0.5490396347,0.4713214869,0.2441179771,0.1781433601,0.2637022827,0.3150315838,0.4221304196,0.3389903713,0.4510595491,0.3620256003,0.3812599015,0.3109046584,0.2385451133,0.2869807023,0.1183995487,0.2929158578,0.2181768983
141,0.4239131302,0.4110313228,0.3651102333,0.5976203988,0.2430577075,0.2883659707,0.4397449556,0.4281074892,0.05,0.4500700387,0.3173164534,0.2340673702,0.2997983569,0.4677159712,0.5630901329,0.450583807,0.5487883347,0.4693388208,0.2468189013,0.1788561472,0.2657093623,0.3154104289,0.4208044042,0.3388825814,0.4474553915,0.3627481312,0.3833086419,0.3140644232,0.2447688454,0.2912721998,0.120159325,0.2962918407,0.2208610316
142,0.4203005104,0.4139908919,0.365206402,0.6116595168,0.2446630606,0.2893217686,0.4487227013,0.4374055731,0.05,0.4637262301,0.3225910403,0.2361375658,0.3030888245,0.4807380258,0.5786852848,0.460790248,0.5617013556,0.4795258272,0.2478976395,0.1800217165,0.2677532171,0.3195353883,0.429915874,0.3433330681,0.458221716,0.3710748296,0.3928661349,0.3202102628,0.2479627434,0.2965707545,0.1226681496,0.3019739101,0.2253247355
143,0.4123496944,0.4030851196,0.3591620468,0.6235665361,0.2543993034,0.3015725713,0.4591872466,0.4465580921,0.05,0.4651980154,0.3250091343,0.2396517369,0.3132358052,0.4876644868,0.5895053228,0.4721515585,0.5728865902,0.4894927871,0.2587741613,0.1867389316,0.2778498956,0.3304871675,0.4406853991,0.3537145282,0.4676934578,0.3760150737,0.3958440044,0.3226080443,0.2511740163,0.2987320329,0.1242598939,0.3047627994,0.2265803339
144,0.4041140516,0.3994265616,0.3543794005,0.6220862085,0.24856283,0.2939111067,0.4569075584,0.4447291613,0.05,0.4673957704,0.3282670233,0.241663541,0.3094466851,0.4877410962,0.5868740387,0.4695724913,0.5711852617,0.4881494092,0.251491211,0.1839625849,0.2727776682,0.3243317849,0.4372475363,0.3506256343,0.4659160802,0.3776499198,0.3998039362,0.3260404637,0.2532138704,0.3015303946,0.1250059267,0.3072884044,0.2285449472
145,0.4009759606,0.3975650608,0.3522728614,0.6155369805,0.2514862087,0.3002857883,0.4527255278,0.4406547047,0.05,0.4618517032,0.3253220439,0.2378047306,0.3088261005,0.4818683489,0.5805309288,0.4650658219,0.5650657514,0.4823524255,0.2550036235,0.1843164928,0.2748633349,0.3285148064,0.4333072435,0.350053354,0.461980462,0.3729314654,0.3932886348,0.3217976197,0.250456414,0.2991156223,0.1238259219,0.3046267945,0.2274785355
146,0.3965894126,0.3948300146,0.3497656866,0.6263021001,0.2516448502,0.2986174834,0.455178435,0.4421770899,0.05,0.4650602245,0.321368654,0.2318303543,0.3102402975,0.4853484622,0.5899746617,0.4708146987,0.5732764827,0.4865950753,0.2557171657,0.1847372481,0.2748785072,0.3277580156,0.4365962773,0.3497547931,0.4626609376,0.3737643908,0.3940933542,0.3198427356,0.24474014,0.2944014321,0.1200451785,0.2996670323,0.2226254363
147,0.3909577641,0.3921770829,0.3441976512,0.6532837939,0.2597662688,0.307485575,0.4784446631,0.4663335941,0.05,0.4874170676,0.3365356298,0.2435562031,0.32394555,0.5104982595,0.617482934,0.4912081535,0.5995813908,0.5105706313,0.2635280337,0.1924952067,0.2862433806,0.344242197,0.4568839209,0.3686097638,0.4884128649,0.3921955944,0.4133148145,0.3346506876,0.2566475711,0.3081654914,0.1277223107,0.313856376,0.2341031557
148,0.3907143551,0.3968674932,0.3457282097,0.6067767382,0.2365313861,0.2795640033,0.4376439997,0.4254965485,0.05,0.4472809289,0.3031616264,0.2205516386,0.2949747655,0.4675154628,0.5671910284,0.4513298138,0.5529858575,0.4684869749,0.2400817656,0.1753703307,0.2600955762,0.3099166269,0.4192100385,0.3338518785,0.4465993191,0.3570675198,0.3737376238,0.3017857837,0.2314965579,0.2780551457,0.1137965233,0.2825886909,0.2104533257
149,0.3964365533,0.4113911119,0.3492690465,0.6384690996,0.2516035166,0.298537881,0.459093499,0.446500037,0.05,0.4701828782,0.3244367651,0.2365533198,0.3120517562,0.4917999788,0.5987264201,0.4757039997,0.5831342447,0.4918354295,0.2552929985,0.1856136875,0.2764879009,0.3270650894,0.4410324136,0.3521609777,0.4681005735,0.3783725148,0.3978768263,0.322690632,0.248523086,0.2970375661,0.1227248236,0.302748097,0.2255005175
150,0.3979092133,0.4210637406,0.3495266893,0.6745316837,0.2603626408,0.3057754092,0.4869583856,0.4734107186,0.05,0.4972924047,0.3398996058,0.2428877466,0.3268911369,0.521844444,0.6347310584,0.5040631759,0.6167302588,0.5217543873,0.2635863383,0.1943075383,0.2866208999,0.3410360987,0.4666938403,0.3692610053,0.497155507,0.399813819,0.4198266578,0.3390180309,0.2584093609,0.3104397425,0.1272223098,0.3159989104,0.235054086
151,0.4011222622,0.4417119828,0.3532177876,0.6517699113,0.2481465795,0.2924053808,0.4677684085,0.4548681877,0.05,0.4763885134,0.3298666729,0.2421290972,0.3124165126,0.5007908416,0.611396466,0.4834753476,0.5944511074,0.501053457,0.2510684907,0.1851188877,0.2731170119,0.3272422432,0.4477507858,0.3531962387,0.4778222531,0.3845740445,0.4029403727,0.327589417,0.2544781179,0.3027242647,0.125219965,0.3082519388,0.2299735768
152,0.3960229691,0.4465476435,0.3482860212,0.6549347665,0.2527460189,0.2976884564,0.4702112109,0.4574394558,0.05,0.4793738786,0.3252606547,0.2385644077,0.3162737926,0.5039224991,0.6144748221,0.4869214021,0.5973364939,0.5036677581,0.2568131372,0.187860808,0.2782855676,0.3325372076,0.4507353227,0.3587220942,0.4796667674,0.3848464519,0.4034200381,0.3244654524,0.2493469161,0.2971036046,0.1237544198,0.3027761817,0.2247262725
153,0.3994262008,0.4605604858,0.3503646863,0.6637029933,0.2559558731,0.3007699641,0.4738316911,0.4607578173,0.05,0.4870846499,0.3316128662,0.239193924,0.318407557,0.507783517,0.6211540554,0.4909505521,0.6045680459,0.5076955258,0.2598019122,0.1895959447,0.2813711698,0.3324307663,0.454083086,0.3596953297,0.4834634798,0.3904883795,0.40930924,0.3303358592,0.2517776945,0.3030313828,0.1237649003,0.3084745506,0.229843414
154,0.4027986225,0.4769473982,0.353635603,0.6790451074,0.2603435549,0.3073704684,0.4863852999,0.4733658392,0.05,0.5011335017,0.3413424791,0.24154107,0.3252622055,0.5239904351,0.6383523987,0.5031918716,0.6199887455,0.5217958472,0.2633116197,0.1937237768,0.2855414643,0.3419344319,0.4657918901,0.368692088,0.4973488049,0.4018357787,0.4215338663,0.3396595977,0.2584589926,0.3114283318,0.1282864025,0.3181431539,0.2365029759
155,0.4033429337,0.4917480709,0.3550552896,0.6638305659,0.2535311776,0.2980427455,0.473448542,0.4606013851,0.05,0.4858757781,0.3322355489,0.240665923,0.3176933204,0.5081412207,0.6195138222,0.4892522085,0.6035288349,0.5081192398,0.2573638585,0.188428316,0.2786090646,0.3315503054,0.4536886988,0.3595171806,0.4833932733,0.3905295827,0.408868216,0.331382096,0.2529171307,0.3037632617,0.1249387047,0.3088941676,0.2301906035
156,0.4020004771,0.4931291622,0.3542112079,0.6776159369,0.2589979141,0.305888564,0.48422661,0.4711001433,0.05,0.4932993881,0.3387758649,0.2478297562,0.3240067714,0.5192288001,0.635531699,0.5018602637,0.6167718088,0.5189671667,0.2626492021,0.1924419024,0.2853758053,0.3401093162,0.4637924998,0.3665485171,0.4942242763,0.3979569967,0.417791595,0.3376235737,0.2595755211,0.3106449069,0.1282661093,0.3151526763,0.234547339
157,0.3992249818,0.4788296836,0.3521419987,0.6981914039,0.2698194249,0.3181897715,0.5032847667,0.4899269796,0.05,0.5050000104,0.3457300855,0.2520724166,0.3382304597,0.5357903251,0.6545455894,0.5201164305,0.6360673258,0.5383245011,0.2726045613,0.2010241896,0.297311539,0.3542038587,0.4822995008,0.3829636852,0.512627685,0.408480237,0.4276920911,0.3446706577,0.2642052149,0.3162230756,0.1302745739,0.3218058769,0.239363008
158,0.3969621477,0.4755008232,0.3514607378,0.683804796,0.2601043031,0.3070511357,0.4848284687,0.4705533602,0.05,0.4939598111,0.3361855931,0.2425523448,0.3242185104,0.5207165116,0.6371713314,0.5016569255,0.6204642344,0.5197366578,0.2630887966,0.1925898608,0.2853128823,0.3406444329,0.4633919403,0.367085841,0.4944460406,0.3971849542,0.4144065333,0.3341820068,0.255758081,0.3071179636,0.1259439111,0.3129391912,0.2315582989
159,0.3941115015,0.4534197209,0.3486977946,0.6981510999,0.2650294536,0.3124236339,0.4969951926,0.4829789813,0.05,0.5058626628,0.3451988688,0.2522389861,0.3318506417,0.5333480471,0.6512316947,0.5133882969,0.6343080626,0.5330663589,0.2679996222,0.1971356011,0.2911095854,0.3460939445,0.4747041353,0.3747613264,0.5077331723,0.4080839873,0.4260117046,0.3446745776,0.2645281452,0.3159799543,0.1311534407,0.3218200862,0.2391970495
160,0.3885109,0.4345537761,0.3450130692,0.6924317733,0.2670141666,0.3159078254,0.4923714394,0.477663238,0.05,0.4967338105,0.3395454413,0.2471984745,0.3307149669,0.5277420407,0.6424356351,0.5098285188,0.6279661998,0.5283636701,0.2706927578,0.1965041409,0.2926496197,0.3491102604,0.471493543,0.3747815152,0.5017349172,0.4019359639,0.4191288974,0.3386575895,0.2590589421,0.3103746649,0.1273088221,0.3162052345,0.2349945795
161,0.3838510155,0.4048710423,0.3416999213,0.7159306604,0.2705628198,0.3200340574,0.5110716068,0.4958970976,0.05,0.5216861684,0.349738508,0.2569726379,0.3396305317,0.5490530982,0.6690470848,0.5276323632,0.6515747038,0.5480815583,0.2740260536,0.2016558339,0.2984679047,0.3534852423,0.4886669748,0.3833174069,0.5218562617,0.4185611145,0.4341916125,0.3500179457,0.2693795233,0.3205393225,0.1331590992,0.3261037501,0.2429302789
162,0.3760370236,0.3853447837,0.3346958223,0.6997929839,0.2653726862,0.3128227991,0.4947851515,0.479835124,0.05,0.4981846044,0.3373245411,0.2455252324,0.3312912438,0.5313318672,0.650233448,0.5128552669,0.6338756145,0.5313540745,0.2681254386,0.1971192429,0.290761935,0.3479301933,0.4743127339,0.3752025654,0.5043755284,0.4034308817,0.419039859,0.3371747517,0.2576674327,0.3080559507,0.1270478325,0.3140255115,0.2334637324
163,0.3701416323,0.3709161666,0.3316485828,0.7011352068,0.2726139451,0.3230635626,0.4972324053,0.4828359919,0.05,0.5044814895,0.3395010044,0.2467096874,0.338226829,0.5336897416,0.6525919848,0.5167085619,0.6351950296,0.5332316903,0.2763139238,0.2013101566,0.2984261948,0.3571865331,0.4781036584,0.3816606125,0.5067528853,0.4058993453,0.4222936303,0.3396848162,0.2586819039,0.3106571429,0.1279088024,0.3166737745,0.2350544437
164,0.367115064,0.3598774286,0.3295980349,0.6951975199,0.2619220468,0.3107579409,0.4907412252,0.4767435235,0.05,0.5002009024,0.3404238865,0.2488298442,0.327720574,0.5280826038,0.6467683617,0.508855437,0.6300489954,0.5276382186,0.2649798969,0.1946280907,0.2876283586,0.3434100333,0.4702382393,0.3713336919,0.500324977,0.4032622556,0.4212172856,0.3394101227,0.2608213541,0.3118934106,0.129113096,0.3172440983,0.2352995666
165,0.3574804829,0.3447793028,0.3224662421,0.7060106528,0.2704309542,0.3189194097,0.5024738895,0.4880750538,0.05,0.510026315,0.3464843202,0.2490192978,0.3370457593,0.5384729794,0.6579343399,0.5187548143,0.6400527661,0.538366648,0.274316935,0.2004248475,0.297263546,0.352917046,0.4803948865,0.380428731,0.5126301567,0.4102275894,0.4291482937,0.3453546891,0.2630787649,0.3162129256,0.1297649256,0.3223421407,0.2387665466
166,0.3541410666,0.3361330035,0.3195616405,0.70646244,0.2659579997,0.3124975758,0.4999767484,0.4853469342,0.05,0.5071511667,0.3441948859,0.2518431068,0.3335091802,0.5367153081,0.6582514838,0.5175222159,0.6405842611,0.5374779863,0.2693402648,0.1981767613,0.2920384134,0.3473930759,0.4782760116,0.377441968,0.5111070484,0.4096994459,0.4264879921,0.3440996422,0.2641307922,0.3151974024,0.1302435487,0.320374863,0.2385355851
167,0.3481051038,0.3289678134,0.3160446188,0.6953760214,0.258656449,0.3043422709,0.4867434126,0.4727989804,0.05,0.4952894664,0.3344334426,0.2439606316,0.3240998324,0.5241192238,0.6457473837,0.5047694222,0.6282248455,0.5238667042,0.2619292341,0.1922305676,0.284176375,0.3374284154,0.4653052454,0.3661017687,0.497168606,0.3993327017,0.4166216826,0.3341131603,0.2548200802,0.3047969931,0.1254754245,0.3103670903,0.2304235185
168,0.3425964087,0.3256432829,0.3119305861,0.6682097362,0.2450576252,0.2890696079,0.4650728976,0.4507999722,0.05,0.4742508528,0.3184730673,0.2371324948,0.3069058435,0.5016625814,0.6184159647,0.4841123828,0.6027263515,0.5002186755,0.247811583,0.182240867,0.2690249078,0.3186422775,0.4456375951,0.3466287008,0.474640844,0.3820062271,0.3962231392,0.3184347509,0.2453282586,0.2913776017,0.1211204918,0.295623403,0.2204388906
169,0.3452541301,0.3247897481,0.3127173957,0.7110548102,0.2764958498,0.327892896,0.5056562433,0.4903145754,0.05,0.5132917027,0.340883413,0.2457459474,0.3408250381,0.5414855986,0.6602479431,0.5221537614,0.6437184386,0.5418759491,0.2805671162,0.2032379902,0.3021286498,0.359720671,0.484268375,0.3850126394,0.5148844928,0.4109136272,0.4259642912,0.3411160203,0.25899308,0.3110980605,0.1278719438,0.316481038,0.2356269052
170,0.3407771733,0.3221741002,0.3094490526,0.7010399966,0.2659584061,0.3141943456,0.4992596994,0.4850993605,0.05,0.5061297652,0.3364397438,0.2404735091,0.3337445251,0.5362330889,0.6525928957,0.5144247028,0.6357594229,0.5354555559,0.2692762372,0.1977271016,0.2926902756,0.3502225489,0.4772071918,0.377726824,0.5101432209,0.4054411495,0.4213255184,0.3372139482,0.2546311929,0.3072115374,0.1265626044,0.312926296,0.2326854161
171,0.3381488261,0.3186272102,0.305722823,0.664421943,0.2446770378,0.2883303595,0.4617768975,0.4477177928,0.05,0.4695275136,0.3153960355,0.2283610431,0.3061152191,0.4988633631,0.6142159541,0.4804350347,0.5987574104,0.4972484368,0.247825104,0.1814718939,0.2685080021,0.3197129673,0.4415326601,0.3460009591,0.472045076,0.3784365464,0.3927882352,0.3152513511,0.2397966973,0.2882165825,0.1195644782,0.2941009932,0.2187494688
172,0.3354830996,0.315186543,0.3041559351,0.6845227392,0.2583227964,0.3060860283,0.4847445981,0.4706776208,0.05,0.4890574417,0.3284557782,0.245524462,0.3230109465,0.5209171881,0.6344814629,0.5002702566,0.6192797947,0.5196588257,0.2616472676,0.1915413591,0.2839961868,0.3391406425,0.4622395804,0.3657630185,0.4946977554,0.3944949119,0.4088062554,0.3293858709,0.2537352496,0.3011067976,0.1253320576,0.3061031547,0.2279951997
173,0.3347709885,0.3132439143,0.3022300867,0.6699168446,0.2551088866,0.3037697555,0.4722600261,0.4588971006,0.05,0.4766546777,0.3205372899,0.2352572628,0.3167479471,0.5073589841,0.6211571151,0.4891962864,0.6047111376,0.5070898529,0.2573753844,0.1881409939,0.2800018765,0.3346339814,0.4519141087,0.3595644629,0.4822918499,0.3843943111,0.3982470145,0.320247898,0.2445492375,0.2922106627,0.1207113765,0.297303773,0.2215414139
174,0.332455052,0.3121295667,0.3010920495,0.6714914554,0.2544710977,0.3023409834,0.4741797255,0.460266137,0.05,0.4797641237,0.321636212,0.2355877189,0.3173281861,0.5095434037,0.6204654829,0.4899138401,0.6071716405,0.5093612648,0.2576327293,0.1882316008,0.2796960073,0.3320589704,0.4540349338,0.3585433108,0.4845515142,0.3866048421,0.4008319353,0.3225860795,0.2465227581,0.2949521068,0.121703688,0.2996650184,0.2228716062
175,0.3245315162,0.305274132,0.2946184686,0.6579893593,0.2508477191,0.29779437,0.4665140223,0.4531103369,0.05,0.470103714,0.316296585,0.2333206025,0.3121299995,0.500919733,0.6120228354,0.4823207411,0.5960407158,0.5012664259,0.2546866065,0.1856891488,0.2751666107,0.3270718733,0.4464583772,0.3524711129,0.476909078,0.3795119445,0.3928530125,0.3168277315,0.2432445965,0.2900780846,0.1202415552,0.2950572219,0.2189589854
176,0.3259306848,0.3082683313,0.2961708427,0.6546076452,0.2472679761,0.2932174802,0.4631404163,0.4496737143,0.05,0.4719638258,0.3168671045,0.2364925782,0.3097387726,0.4977313029,0.6079493268,0.4791789501,0.5922625359,0.4965398559,0.2508780593,0.1843443786,0.2722413425,0.3249510955,0.442576593,0.3506872922,0.473035334,0.3785532672,0.3929933306,0.3168255424,0.244836584,0.2905176284,0.1203632984,0.2950758838,0.2192086426
177,0.3225624841,0.3052016569,0.2937402532,0.635076219,0.2379663105,0.2820458347,0.4454974206,0.4329198541,0.05,0.4507614673,0.3028590817,0.2290908985,0.295910699,0.4795436403,0.5892931431,0.4607849571,0.5732666312,0.4786672961,0.2417085619,0.1762801102,0.2609943616,0.3112034045,0.4250461489,0.3361450798,0.45581867,0.3637072505,0.3782713988,0.3040285667,0.2358744118,0.2780705757,0.1159760379,0.282273382,0.2107957461
178,0.3201131353,0.3035980811,0.2923828311,0.6340593518,0.2365733859,0.2808376243,0.4436311723,0.4309542896,0.05,0.4516386493,0.3072008355,0.2321254907,0.2942797282,0.4796566645,0.5880505785,0.460040538,0.5733277962,0.4772632101,0.2394144436,0.1751972921,0.2592305314,0.309030257,0.4249518713,0.3337044712,0.4546203155,0.3658134251,0.3808758912,0.3070785041,0.2382353962,0.2819588599,0.1175156677,0.2863248071,0.2133637123
179,0.3173271264,0.3001522562,0.2896593933,0.6198825345,0.2364397832,0.2818303767,0.4364132426,0.4243929402,0.05,0.442786157,0.2977660272,0.2290341425,0.2926192908,0.4691112806,0.5755852227,0.4514076943,0.5593216386,0.4690011694,0.2397962465,0.1740272568,0.2586540809,0.3085343459,0.4172548638,0.3314189155,0.4458415787,0.3567948656,0.3704776512,0.2983976705,0.2331803463,0.2738710251,0.1149867035,0.2780687617,0.2067823163
180,0.3174713849,0.3007444975,0.2898860497,0.610596401,0.2322374907,0.2772433595,0.4282687376,0.4168289025,0.05,0.4353755098,0.2935256565,0.2251103268,0.287978228,0.4625789868,0.5657151736,0.4444310087,0.55186071,0.4603740461,0.2355388384,0.1713004786,0.2548371645,0.3043116077,0.4099256347,0.3260024657,0.4381676512,0.3509279033,0.3639891458,0.293392875,0.2290746465,0.2693989164,0.113216221,0.273661441,0.2038134606
181,0.3105432892,0.2929410416,0.2846066773,0.6009742136,0.2291921461,0.2754830131,0.422431433,0.4105372571,0.05,0.4251710688,0.2847939013,0.2183810799,0.2826715313,0.4542944733,0.5559986819,0.4373058516,0.5413185283,0.4534779495,0.232172012,0.168196105,0.2508294772,0.297339501,0.4041331307,0.3199242258,0.4322422716,0.3426604227,0.3549044137,0.2854656833,0.2217695494,0.2612035919,0.1095054747,0.2653252757,0.1976704691
182,0.3137360369,0.2963480153,0.286664139,0.5974313047,0.231525777,0.2772156882,0.4215248418,0.4101172989,0.05,0.4317341397,0.2920402434,0.222514252,0.2848582037,0.4541758317,0.5537046422,0.4356774612,0.540766274,0.4527523069,0.2352222655,0.1691644455,0.2528283176,0.301035683,0.4030181576,0.3224828617,0.4311387504,0.3466049404,0.3611866273,0.2914995489,0.2274902558,0.2680142532,0.1119735827,0.272740418,0.2031624559
183,0.3064696615,0.2895566012,0.2806885187,0.5917830175,0.2335637529,0.2811035463,0.4200899856,0.4088021205,0.05,0.4260550819,0.2897216624,0.2199089247,0.2846482816,0.4514358352,0.5493097649,0.4326904474,0.5358392944,0.4499645762,0.2369658357,0.1692643061,0.2538717781,0.302204753,0.4011742807,0.3220321814,0.4289161767,0.3431887095,0.3574929468,0.2889890795,0.2250831161,0.2657362431,0.1113505147,0.2701149476,0.201258978
184,0.3072810762,0.2899026211,0.2812520582,0.5763463608,0.2225340053,0.2670717102,0.4067793664,0.3951205495,0.05,0.4168363649,0.2822544905,0.2157867522,0.2738656531,0.4393320252,0.5338382942,0.419327303,0.5208083562,0.4366851876,0.2256551675,0.1626172143,0.2429456164,0.2895192386,0.3886995287,0.3092221322,0.4158451085,0.3348063681,0.3488760896,0.2821384336,0.2204024804,0.2600610698,0.1089418103,0.2639616603,0.196356563
185,0.3049921221,0.288261707,0.2802111222,0.5806597936,0.2259940444,0.2699005335,0.4143052547,0.4026052417,0.05,0.4192238756,0.2815778411,0.214521724,0.2776759392,0.4440932418,0.5392518019,0.425094484,0.5262627167,0.4429843302,0.2285461558,0.1653234893,0.2465352415,0.2927880913,0.3945080329,0.3131795727,0.4224964268,0.3365123345,0.3490892836,0.2814276128,0.2184150641,0.2579211801,0.1078553424,0.262842197,0.1954172768
186,0.3048116309,0.2877151536,0.280336963,0.5799445553,0.230054051,0.2776308893,0.4130379284,0.4029946077,0.05,0.4189295736,0.2831601019,0.2183014465,0.2791660037,0.4443678921,0.538535855,0.4246115635,0.5250508893,0.4419729232,0.2335339017,0.1665070815,0.2498250634,0.298087128,0.3936120564,0.3168573446,0.4231510234,0.3370547386,0.3490054583,0.2825316084,0.2217408862,0.260211149,0.1093257643,0.2639288539,0.1969425978
187,0.3068742526,0.288167054,0.2801087859,0.5783423688,0.2227739957,0.2674404906,0.4118276334,0.4000650581,0.05,0.4153287642,0.2812999437,0.214966925,0.2755404553,0.441507941,0.5389146368,0.4239938727,0.5234901569,0.4402170859,0.2256770806,0.1638899177,0.2438717208,0.2905100322,0.3933657255,0.3113164768,0.4207599433,0.335045175,0.3484978273,0.2813138616,0.2191596162,0.2584795187,0.1084372818,0.2624473022,0.1944828716
188,0.3043630073,0.2850731638,0.278088391,0.5644779296,0.2214868987,0.2651112802,0.4025625,0.3922005628,0.05,0.4069018219,0.2723050036,0.2067630329,0.2710416908,0.4328476994,0.5224860545,0.4137927429,0.5106494488,0.4313446136,0.2248906671,0.1613947012,0.2418449151,0.2863311407,0.3830519934,0.3056328899,0.4126173937,0.3269617153,0.3388137596,0.2727595391,0.2112436261,0.2494979767,0.1039034584,0.2534264202,0.1882014033
189,0.3024621205,0.2836919534,0.277402608,0.5582492478,0.2206902218,0.2640659978,0.4022930148,0.3921694407,0.05,0.405236941,0.2772728365,0.2128858196,0.2711651387,0.4297493032,0.5204309171,0.4133801986,0.5074066676,0.4292093081,0.2235379579,0.1616554683,0.240509598,0.2867716758,0.3842061328,0.3071052228,0.4115341623,0.3267281919,0.3407182992,0.2760513925,0.2175998539,0.2546837433,0.1070993557,0.2589780931,0.1931143328
190,0.3006641758,0.2825866884,0.2760544991,0.5393685103,0.2114044901,0.2537494738,0.385653883,0.3756665377,0.05,0.3898658562,0.2677689819,0.2049735845,0.2589884314,0.4135133874,0.5020721345,0.3968590824,0.489336524,0.4123951785,0.2143779202,0.1540051573,0.230541014,0.2746182629,0.3682426305,0.2939919352,0.3947939128,0.3147682449,0.3286525671,0.2666859429,0.2084477791,0.2462624568,0.1032343355,0.2503653817,0.1860524282
191,0.3022739242,0.2827668013,0.2766421214,0.5331780723,0.2117127982,0.2561447856,0.3806938288,0.3704271467,0.05,0.3863435297,0.2625164158,0.2046992401,0.2567046731,0.4097489832,0.4963752682,0.3911931694,0.4834839972,0.4077473727,0.2149423328,0.1531928124,0.2299115403,0.2728263286,0.3629596899,0.2899520277,0.3906092438,0.3109115546,0.3229772076,0.2618343403,0.2062972036,0.2416094179,0.1022804159,0.2458212969,0.1833585311
192,0.3001563149,0.2791693502,0.2749866015,0.5373267999,0.2162070864,0.2602854035,0.3875830349,0.3772772315,0.05,0.3928718273,0.2660866413,0.2030392593,0.2626451797,0.4164384496,0.5023295377,0.3980631726,0.4889563823,0.4141443131,0.2190675248,0.1567835608,0.2346696033,0.2791270478,0.3695282318,0.2966794149,0.3968938234,0.3157135089,0.3290799816,0.2657795994,0.2067840448,0.2444453341,0.1022786351,0.248087457,0.1854257588
193,0.3049053555,0.2839437308,0.2771612519,0.5265749827,0.2131289401,0.2584105618,0.3824026731,0.3724477635,0.05,0.3861251907,0.2664393852,0.2053553836,0.2591667657,0.4103555597,0.4941174354,0.3918188774,0.480517146,0.4081570273,0.2165817814,0.1546603463,0.2322353449,0.2755240617,0.363772726,0.2930899075,0.3920348817,0.312306155,0.3268067845,0.265707502,0.208529702,0.2454920568,0.1032477288,0.2490826348,0.1857609014
194,0.307833577,0.2846999076,0.2791437683,0.5400896704,0.2184274175,0.2632997285,0.3929828302,0.3836413603,0.05,0.4007870497,0.2742363238,0.2085716157,0.2663514424,0.4222643369,0.5073296321,0.4010099266,0.4933203295,0.4195388104,0.2216633408,0.1588028953,0.2383372177,0.2845547261,0.3736197841,0.3019372468,0.4036118465,0.3224202876,0.3369746916,0.2733781855,0.2142175311,0.2520436535,0.105851678,0.2564141475,0.1911229513
195,0.3048184671,0.2831280826,0.2767028841,0.5087453392,0.211026824,0.2568496353,0.371452185,0.3626385415,0.05,0.374313984,0.2589774777,0.200863596,0.2538116924,0.3973005147,0.4771385304,0.378803641,0.464072093,0.3953945455,0.2148369844,0.1517212778,0.2286325041,0.2727147335,0.3535263949,0.2874004937,0.3811115907,0.3022484097,0.3164369282,0.2578695294,0.2037593677,0.2384882276,0.1008164714,0.2421664771,0.1810716033
196,0.3010036638,0.2806012349,0.2742593749,0.5044097599,0.2081178101,0.2513256276,0.3708072515,0.3630349082,0.05,0.3777265359,0.2602082373,0.2014561163,0.2523869415,0.3979190032,0.4746717484,0.3792277958,0.4622837041,0.3952422753,0.2106820484,0.1506365181,0.2260343302,0.2701249438,0.353551433,0.2864890503,0.3808527964,0.3037655177,0.3177098397,0.2589267885,0.2045052714,0.2405081844,0.1013175453,0.2433813132,0.1827545095
197,0.3021287275,0.2811789289,0.2751138819,0.5051312953,0.2137960518,0.2573497193,0.3780325583,0.3695204275,0.05,0.3840702737,0.2664817252,0.2075504595,0.259312406,0.4026980677,0.4768081397,0.3835616276,0.4648383503,0.4015919727,0.2176624759,0.1544626566,0.2333645817,0.2776737161,0.359547912,0.2940277628,0.3881081433,0.3088533359,0.3241618372,0.2650225458,0.2100986062,0.2455162178,0.104416541,0.2501996107,0.1870998736
198,0.3007910563,0.281078869,0.2733192216,0.4882871053,0.2049281131,0.2498558385,0.3614392368,0.3532187528,0.05,0.3624469086,0.2518687848,0.1971373357,0.2470763352,0.3851132107,0.4597102858,0.3679811007,0.4476475251,0.384837845,0.2089008969,0.1479927832,0.2227050132,0.2655192013,0.3445059789,0.2799267502,0.3705759702,0.2923999372,0.3061460819,0.2499203747,0.1990506276,0.2324700342,0.09846494994,0.2364159319,0.176020309
199,0.2997442548,0.2802507399,0.2727556041,0.4917418941,0.2068961347,0.2505343994,0.3638176688,0.3549733089,0.05,0.3695356908,0.2577117835,0.1981038845,0.2493034678,0.3886097644,0.4647990218,0.3705642559,0.4519931641,0.3876545483,0.2098649574,0.1495645228,0.2242255136,0.2685622827,0.3465560019,0.2827574452,0.3720103786,0.2978955237,0.3131653599,0.2553840851,0.201364155,0.2368483298,0.09947956676,0.2411225657,0.1796858746
200,0.3000773179,0.2798565076,0.2732263049,0.4869554546,0.2032200335,0.2461136947,0.3596901177,0.3512357777,0.05,0.3667020127,0.2575650907,0.2028324415,0.2459126869,0.3852433793,0.4596092001,0.367293858,0.4476980837,0.3829866311,0.206505079,0.1465656877,0.2205533357,0.26224284,0.3433547933,0.2773069107,0.3681129361,0.2961753653,0.312042771,0.2557000721,0.2039152396,0.2382850105,0.09997692649,0.2416965226,0.1802446411
201,0.2999200104,0.2802907553,0.2726150633,0.4842530631,0.2057225229,0.2508414411,0.3582321262,0.3500303811,0.05,0.3637041372,0.2512287634,0.1948302144,0.2458521982,0.383041873,0.4569439549,0.3645438223,0.4442022474,0.3815329092,0.2089817998,0.1472200865,0.2225708189,0.265796737,0.3407296319,0.2781882153,0.3672868823,0.2923397788,0.3058520755,0.2493546585,0.1974479348,0.2314868474,0.09726188838,0.2350412391,0.175409181
202,0.2995055576,0.2790359835,0.271642071,0.4676316539,0.1996519344,0.2424551881,0.3499922894,0.3428201839,0.05,0.3531914909,0.2440078059,0.1914989808,0.2395979027,0.3734584895,0.4422215019,0.3544363625,0.4308134241,0.3717963881,0.2028186122,0.1433020393,0.2164180952,0.2571610594,0.3323194018,0.2713366168,0.3598989539,0.2848541748,0.2977154071,0.2426838094,0.1925944532,0.2249988768,0.09539644997,0.2290970853,0.1707266698
203,0.2988443123,0.2780223881,0.2700739639,0.4570537696,0.2001992208,0.2447390966,0.3423477993,0.3343000457,0.05,0.3484720719,0.2422129223,0.1947889907,0.2367546396,0.3640633955,0.433574517,0.3470505271,0.4212120727,0.3638782901,0.2037272745,0.1416127822,0.2149181598,0.2552416027,0.326052738,0.2677254395,0.3510007074,0.2802587337,0.2950857546,0.2415383127,0.1940949725,0.2243287601,0.09637244413,0.2277029978,0.1705361945
204,0.2946851417,0.276243547,0.2686410156,0.4522951306,0.1980528738,0.2434883559,0.3400872188,0.3338360829,0.05,0.3476142484,0.2431993173,0.1951044719,0.2354480497,0.3626008325,0.429154421,0.3444598164,0.4171842001,0.3611491787,0.20212622,0.1410524033,0.2146071931,0.2552629382,0.3234270839,0.2668799438,0.3489376272,0.2789760935,0.294526021,0.2420142252,0.194438435,0.2251271742,0.09583888553,0.2282515444,0.1707807145
205,0.2950602976,0.2760724448,0.2682404717,0.4606460713,0.205639489,0.2524600173,0.3515200994,0.3440776951,0.05,0.3577132807,0.253223502,0.2036169884,0.2438196854,0.3740114,0.439133856,0.3555857178,0.427290046,0.3724853191,0.2085988671,0.1462134643,0.2219221039,0.2661548551,0.3343863182,0.2772587348,0.3603121855,0.2882757554,0.30432718,0.2508973634,0.2030288531,0.2347404743,0.1001574863,0.2384654613,0.1785188217
206,0.2968264795,0.2765597007,0.2685292977,0.4511041541,0.1983381261,0.2415155636,0.3449892013,0.3377340593,0.05,0.3474732859,0.2492570711,0.2015003224,0.2370196029,0.3659418807,0.4298489469,0.3479041562,0.4180835404,0.365159754,0.2012887942,0.1418349869,0.2149843588,0.255766718,0.3274847386,0.2689328938,0.3532427471,0.2822039648,0.2984332482,0.2465695242,0.2003880638,0.2316363407,0.09868070597,0.2352077622,0.1758173019
207,0.2963655343,0.2751305153,0.2674345194,0.4498018641,0.2005620782,0.245219462,0.3432616131,0.3367508595,0.05,0.3485938735,0.2499762359,0.2033805727,0.2378134936,0.365384091,0.4295013826,0.3463261874,0.4178697956,0.3632513275,0.2041955657,0.1420931349,0.216021027,0.2566244606,0.3257655014,0.2689904042,0.3537434397,0.2818647251,0.2990500411,0.2471821401,0.2019858907,0.2320802403,0.1001543342,0.2356655835,0.1760340707
208,0.2903605928,0.2692443391,0.2629152425,0.4528055542,0.2021565551,0.2467379371,0.3493128158,0.3425490636,0.05,0.3523382134,0.2525102917,0.2035593139,0.2408758027,0.3708337259,0.4342978222,0.3512975895,0.4220429741,0.3696058093,0.205906175,0.1444820691,0.2182815472,0.2592465838,0.3316627582,0.2728735737,0.359530861,0.286626617,0.3020991462,0.2495644923,0.2021728546,0.2339376085,0.100388732,0.2375698102,0.1779162591
209,0.2920733302,0.2729914257,0.2668400673,0.4367448243,0.1956552314,0.238866885,0.3364351321,0.3303553785,0.05,0.3412752773,0.2439745931,0.1977965869,0.2328950555,0.3575956719,0.4176948284,0.3386581579,0.4068901332,0.3559043129,0.1993437415,0.1394771541,0.2118939876,0.2525566436,0.3192789873,0.2639156825,0.3464260399,0.2756420359,0.2919301986,0.2407817697,0.1962992024,0.2266299444,0.09641399814,0.2294956035,0.1720746016
210,0.292261058,0.270996291,0.2663745776,0.4159332598,0.1910074537,0.2339793106,0.3216483986,0.3152150498,0.05,0.3306262146,0.2370981001,0.1916849056,0.2242420636,0.3425702739,0.3999044419,0.3232016652,0.3891786995,0.3402898023,0.194693241,0.1348179357,0.2048362804,0.2430933649,0.3058614894,0.2537311875,0.3311881762,0.2662101947,0.2820020718,0.2340755576,0.1907342522,0.2203255935,0.09449823393,0.223687593,0.1675063985
211,0.2859279937,0.2667744183,0.2628533021,0.4135916507,0.1924359817,0.2363217942,0.3265733436,0.3213665393,0.05,0.3306696585,0.2391219798,0.1944262492,0.2279552314,0.3460947949,0.398530602,0.32531326,0.3881840057,0.3442448636,0.1962731819,0.1369154637,0.207865207,0.2473710783,0.3091544007,0.2578575923,0.3366886763,0.2672277385,0.284509282,0.2362603019,0.1923705683,0.2218551769,0.09487442531,0.2258408018,0.1691338687
212,0.2847682839,0.2663675974,0.2624459434,0.3946658981,0.1871400497,0.230349137,0.3135124967,0.3082345868,0.05,0.3159394422,0.22761868,0.1888543712,0.2190152496,0.33179149,0.3804812115,0.3110433411,0.3707449587,0.329979311,0.1915377191,0.1311065907,0.2008366705,0.2414010318,0.2951540544,0.2494295173,0.3238894759,0.2556472427,0.271214369,0.2248265949,0.1854113762,0.2117111922,0.09111969523,0.2140708979,0.1604747998
213,0.2865867553,0.2682046571,0.2638389682,0.4027366805,0.1920300546,0.2373133028,0.3187691717,0.3125999955,0.05,0.325442512,0.2393566004,0.1959274277,0.2247007197,0.3372993414,0.3902595074,0.3201882159,0.3802991842,0.3361933068,0.1960570979,0.1353157139,0.2065185438,0.2476426408,0.3033460666,0.2548614212,0.3273384509,0.2642145272,0.2818938184,0.2355061127,0.1933941316,0.2227723458,0.09592202642,0.2257477944,0.1691425285
214,0.2813425719,0.2639142274,0.2601798169,0.393838835,0.1847982621,0.2280732611,0.3103736773,0.3048278282,0.05,0.3176242032,0.2384000016,0.2009519646,0.2169973604,0.3291565555,0.3828197953,0.3107830625,0.3713649553,0.3279377576,0.1878379152,0.1301339428,0.1989932161,0.2365265055,0.2943171094,0.2456168427,0.3193850956,0.2591208874,0.2778298251,0.2337339741,0.1962072221,0.2236126149,0.09720506781,0.227258122,0.1697773419
215,0.2808168912,0.2640848502,0.2606291105,0.3832009716,0.1811361364,0.2232233875,0.301445131,0.2963617649,0.05,0.3080964212,0.2251524892,0.1863068171,0.2114907149,0.3209058662,0.3689595735,0.3011032927,0.3599395351,0.3184431041,0.1848350626,0.1273734061,0.1940594978,0.230137658,0.2852874019,0.2399138293,0.311205873,0.2500078075,0.2654723396,0.2217901732,0.1834666083,0.210072691,0.09162390294,0.2128942539,0.1602583993
216,0.2723606376,0.257767181,0.2555531095,0.3916496342,0.1887912463,0.2352923342,0.3109489082,0.3062770744,0.05,0.3154270585,0.2279087776,0.1879826534,0.2205697484,0.3291989208,0.3786507237,0.3097715526,0.3687420384,0.3279884298,0.1926034372,0.1322462311,0.2027444883,0.2417007363,0.2943431257,0.2488340366,0.3205515366,0.2553959713,0.2708477372,0.2250798332,0.1849612505,0.2123266202,0.09141976765,0.2160262825,0.1621429635
217,0.2760318013,0.2628440687,0.2583445627,0.4100951821,0.2004422967,0.2476020937,0.3311500988,0.3258724088,0.05,0.3378290742,0.2470721763,0.1972109889,0.2343251743,0.350791766,0.4009361617,0.329834079,0.3888414597,0.3477530894,0.2038751232,0.1408644935,0.2151536508,0.2577733284,0.3136960652,0.2658573294,0.3407714314,0.272486716,0.2925795132,0.2433027158,0.197771999,0.2292494876,0.09775154205,0.2329374459,0.1737596354
218,0.2773003644,0.2646221688,0.2593740509,0.4113794244,0.2007356167,0.2472599401,0.3323022647,0.3268802505,0.05,0.3350296687,0.242895588,0.1973755082,0.235104619,0.3496413811,0.4004951439,0.3299229134,0.3889189938,0.3487432575,0.2047397806,0.140971126,0.2155999757,0.2578419049,0.3146612164,0.2668086613,0.341004175,0.2705891817,0.2886821292,0.2397308219,0.1952081843,0.2257623167,0.09629057488,0.2288521921,0.1702305789
219,0.2773846662,0.2649296813,0.2596264941,0.3973102794,0.1927519203,0.2365361631,0.3199203995,0.3149157112,0.05,0.3251437244,0.2406646749,0.1994677895,0.2248500401,0.3384991579,0.3859652918,0.3166865021,0.3764996888,0.3364995363,0.1965174067,0.1353279621,0.2070283191,0.2442761545,0.3020090581,0.2537240628,0.3291965232,0.264053766,0.2805911358,0.2364333106,0.1960929853,0.2246791032,0.09701151941,0.2278461139,0.1704652268
220,0.2773502513,0.263702591,0.2590271551,0.3742808294,0.1814785988,0.2226188502,0.3017225606,0.2976500152,0.05,0.3091822907,0.2284666361,0.1867539109,0.211831946,0.3188132982,0.366400976,0.2992362731,0.355217172,0.316863159,0.1847718542,0.127332026,0.1949128772,0.2320061099,0.2843269845,0.2402849595,0.3110839137,0.2491164948,0.268544649,0.2243583123,0.1855806637,0.2136513174,0.09164371345,0.217245186,0.1636038212
221,0.2766271536,0.2666958685,0.2605713391,0.3941024775,0.1885617269,0.2316436271,0.3233840751,0.3186461299,0.05,0.3299046212,0.2408139669,0.1977483675,0.2239404318,0.3410983992,0.3885932935,0.3173402954,0.3764380477,0.3385159455,0.1917835977,0.1340596515,0.2037916047,0.243549762,0.3034529795,0.2552365302,0.3333291522,0.265950669,0.2838113883,0.2369806648,0.194419106,0.2234458464,0.09709309341,0.2273476809,0.1699134712
222,0.2753391449,0.2645157656,0.2570863029,0.3899162969,0.1894323424,0.2342397671,0.3178991632,0.3129854568,0.05,0.3233809727,0.2367654162,0.1984491202,0.222269876,0.3351239285,0.380775023,0.3128651664,0.3706256412,0.3334314449,0.1929467543,0.1331901577,0.2036311734,0.2437789694,0.2990556647,0.2532335717,0.3272518787,0.2617190732,0.279226209,0.233410704,0.1941364453,0.2217571646,0.0952576559,0.22472407,0.1687000893
223,0.2700530285,0.2624829312,0.255642772,0.40147081,0.1919323591,0.2345334275,0.320757903,0.3152341703,0.05,0.3281297651,0.2433679919,0.200156699,0.2249031457,0.339823606,0.3926249252,0.3222631903,0.3796970863,0.3376380377,0.1954437374,0.1350459709,0.2062941135,0.24501331,0.3044853261,0.2548870582,0.3300287131,0.2662161243,0.2855501259,0.2391121537,0.1979011125,0.2277735975,0.09776806172,0.2315256606,0.1735075304
224,0.2718175758,0.2667336782,0.2555096951,0.4107923024,0.1989458895,0.2439248432,0.330549701,0.3253145104,0.05,0.3372270875,0.2509578276,0.205661889,0.2335455328,0.3497734594,0.4006304757,0.3290413835,0.3893934515,0.3476303993,0.2029097424,0.1404871962,0.2140880061,0.2554254767,0.3137433483,0.2649094738,0.3399174206,0.2737131098,0.2942503949,0.2464962599,0.2055191734,0.2349624423,0.1010731681,0.238002465,0.1788623579
225,0.2723385293,0.2693121138,0.2561977552,0.3862139559,0.1886707092,0.2349174969,0.3078514205,0.3023319201,0.05,0.3141329148,0.2278595366,0.1913046954,0.2179443831,0.325706608,0.3753460347,0.307906399,0.3646821446,0.3236104268,0.1927902415,0.1316403263,0.2017908483,0.2416213222,0.2919155415,0.2480776679,0.3164779892,0.2541675758,0.2696143503,0.2248995013,0.1866849049,0.2127770419,0.09264926784,0.2152494307,0.1612516687
226,0.2711937735,0.2714054069,0.2537965025,0.4097757234,0.1945376027,0.2374313919,0.3286485907,0.323216904,0.05,0.3365858945,0.2507225004,0.2063261531,0.2290369402,0.3484463727,0.4007233647,0.3266860777,0.3888630998,0.3462804253,0.1984179734,0.1369634901,0.208977471,0.2486252408,0.3105509928,0.2598106064,0.3379393964,0.27314252,0.2933367697,0.2460160123,0.2041678901,0.2344838494,0.1006204569,0.2373580439,0.1784329279
227,0.2744713432,0.2775997322,0.2578548375,0.4001974499,0.1851486414,0.2267859991,0.3188425618,0.3127133016,0.05,0.3286737737,0.2414778533,0.1979276092,0.2200957673,0.3382017402,0.3907882126,0.3189520941,0.3792717275,0.3358314829,0.1890231367,0.1314024887,0.1994006334,0.2387904629,0.3020234515,0.2498024476,0.3280076247,0.2654693265,0.2839134309,0.2370954114,0.1962111596,0.2252204312,0.09685518615,0.2286521471,0.1717147286
228,0.2740584746,0.2756532909,0.2564861825,0.4063375366,0.1972775132,0.2451501097,0.3273087551,0.3217050343,0.05,0.3336561755,0.2463868279,0.2075778596,0.2307456836,0.3462186516,0.3957140189,0.3250978379,0.3854764207,0.3435752597,0.2018829762,0.1383850606,0.212807806,0.2541771244,0.3092586675,0.262560244,0.3363500891,0.2715896545,0.2882276489,0.2427250844,0.204013409,0.2307746443,0.1008206265,0.2338881637,0.1761122404
229,0.2681193257,0.2734124564,0.2529026982,0.4145682192,0.1991517133,0.2435295194,0.3364812047,0.3305670805,0.05,0.3429360572,0.2498963418,0.1974350199,0.235056653,0.3551910719,0.4060319174,0.3338342279,0.3938030884,0.3533742911,0.203238279,0.1411052928,0.2148264927,0.2561246673,0.3183045631,0.2670829022,0.3457001634,0.2762563818,0.2942903325,0.2458430795,0.198754882,0.2318563837,0.09886369462,0.2361793669,0.176588156
230,0.2773652677,0.2746762518,0.2575527094,0.3934898862,0.1861555904,0.2286066051,0.314411797,0.3087614825,0.05,0.3241146691,0.2423130962,0.2036905266,0.2187288174,0.3346253354,0.3858241866,0.3134086426,0.3734385377,0.3310430986,0.1902186159,0.1315963665,0.2007059062,0.2380553144,0.2978650736,0.247829311,0.3242787563,0.2638490757,0.2834302703,0.2386552965,0.2001258559,0.2275445636,0.09946734467,0.2300856023,0.1735926874
231,0.2691079713,0.2697445876,0.2540205571,0.4086750724,0.1994707648,0.2435031665,0.3324229595,0.3267724467,0.05,0.3370681329,0.2444165215,0.196946393,0.2333952008,0.3494267924,0.3990891518,0.3290187613,0.3880179925,0.3485253678,0.2030832104,0.1405179733,0.2143578613,0.2545525323,0.3145696307,0.2656257282,0.3413580618,0.273005214,0.290233535,0.2411494745,0.1960774344,0.2270633038,0.09728136208,0.230225866,0.1722994444
232,0.2736861362,0.2712547774,0.2553068167,0.4097295983,0.1999219385,0.2448964288,0.3340037376,0.3285162987,0.05,0.3381492815,0.2512406288,0.201359263,0.2351967917,0.3512200346,0.4029810936,0.3327935245,0.3909734663,0.3500233259,0.2033579512,0.1415722727,0.2157738775,0.2568753043,0.3163820361,0.2671801085,0.342885757,0.2744192459,0.2955027133,0.2466892305,0.2021860675,0.2335742827,0.1001451348,0.2376586574,0.1784112523
233,0.2735443423,0.2705093831,0.2561631603,0.4093354637,0.1994433773,0.2451803961,0.3311800505,0.3255993339,0.05,0.3407278812,0.2519481558,0.2031454209,0.2331416393,0.349324982,0.4001807352,0.3301501242,0.3891137464,0.3483066925,0.2035558765,0.1401214271,0.214710477,0.25545849,0.3142325496,0.2648791053,0.3384537054,0.2752265392,0.2949635109,0.2472874393,0.2033035404,0.2348225775,0.1009554261,0.239254713,0.1791681342
234,0.2724233582,0.2696046447,0.256753933,0.4029543657,0.1933522484,0.2370808086,0.3255321204,0.320970847,0.05,0.3326814138,0.2407648562,0.1950865704,0.2280403899,0.3440204674,0.3945543032,0.3240971918,0.3829934437,0.3419832198,0.1967456143,0.1366795428,0.2083104915,0.2488921053,0.3077861553,0.2599404013,0.3349498017,0.267932856,0.2862885462,0.2378679611,0.194479577,0.2239288076,0.09668943302,0.2274105286,0.1702244712
235,0.2744845042,0.269150292,0.2574058787,0.3930999641,0.1911961984,0.2351106036,0.3151710118,0.309884012,0.05,0.3206818605,0.2357470619,0.1933753811,0.2227728568,0.3329915886,0.3829523249,0.3146630301,0.3722069359,0.3315922514,0.1952527244,0.1337718552,0.2047810246,0.2436138628,0.2991600976,0.2526191921,0.3236406354,0.2600688824,0.2772550341,0.2317538972,0.1908260946,0.2198849261,0.09450260266,0.2233717044,0.1675686559
236,0.2688579724,0.2660759627,0.2540095148,0.3880216108,0.1866021844,0.2285651514,0.3114094352,0.3069335371,0.05,0.3158050129,0.2353360149,0.1957974778,0.2176329421,0.3300140326,0.3783066105,0.3091665173,0.3674802332,0.3283286085,0.1900907759,0.1312232349,0.1997855766,0.2378565262,0.2946366341,0.2462887054,0.3216025278,0.2577436796,0.2758185834,0.23132777,0.1935392633,0.2204829643,0.09530437836,0.2238195377,0.1681625351
237,0.2742374086,0.2755109504,0.2574385674,0.3944114989,0.1899072306,0.2329869622,0.3173035986,0.3122413203,0.05,0.3249731989,0.2403445569,0.1983772734,0.2230487338,0.3349375121,0.3866080552,0.3156595007,0.3745273102,0.3339907952,0.1937466316,0.1336310753,0.2048098698,0.2429723555,0.3005895337,0.2516771501,0.3270137103,0.263014797,0.2811938272,0.2356477554,0.1957223078,0.2241091079,0.09686212816,0.2275678622,0.1708108584
238,0.278650137,0.2780820032,0.2611126327,0.392332204,0.1854672388,0.228111331,0.3161800335,0.3115240367,0.05,0.3248053129,0.2414554255,0.2057416753,0.2186402265,0.3353647192,0.3829481078,0.3141477722,0.3725846669,0.3322428488,0.1894433672,0.1314428299,0.1995951597,0.2383513296,0.2986806843,0.2480975149,0.3257989577,0.262894528,0.2826683398,0.2370647516,0.1997685884,0.2259100418,0.09883372171,0.2289425528,0.1721185231
239,0.2743458726,0.2745420956,0.2576104625,0.3818642181,0.1839624919,0.2249749883,0.3093533319,0.3038894301,0.05,0.31647515,0.2366116903,0.2001563047,0.2167439434,0.3269821608,0.3738982398,0.3065268194,0.3627861922,0.3254616006,0.1877524286,0.1301085255,0.1971228297,0.2356022836,0.2931677897,0.2444661403,0.3184274557,0.256792048,0.2753013538,0.232389719,0.1946540078,0.2216575135,0.09628677594,0.2252228371,0.1680496644
240,0.2750177082,0.2757744516,0.2577404525,0.3662014225,0.1819919681,0.2258579256,0.3000067239,0.2962391716,0.05,0.3053835705,0.2267174819,0.1876203922,0.2123864877,0.3164433556,0.361477722,0.298078541,0.3498851256,0.3145318385,0.1861812151,0.1273281996,0.1952346577,0.2322764638,0.2838258115,0.2404275683,0.3087283087,0.247422313,0.2653592019,0.2222384684,0.1849865155,0.2120648018,0.09185368004,0.2157710356,0.16119635
241,0.2792096837,0.2802403194,0.2598252344,0.3672799438,0.1828067669,0.2255891241,0.3044997819,0.3004406181,0.05,0.3125781986,0.232528508,0.1953719585,0.2144986658,0.3205813706,0.3622233211,0.3004223092,0.3516107976,0.3183128268,0.1871613226,0.1292807943,0.1970782347,0.2367109964,0.287412091,0.2451336339,0.3133924522,0.2522804497,0.2708664314,0.2280239025,0.1916882867,0.2184305792,0.09474704219,0.2215700868,0.1664760906
242,0.2771762346,0.2755154513,0.2584679354,0.3735946609,0.1865493711,0.230036207,0.3079470991,0.3038794007,0.05,0.3118320632,0.230972667,0.1898400264,0.21679559,0.3245382433,0.3667663453,0.3040929836,0.3572269435,0.3233136266,0.1909145855,0.1307387601,0.1995963689,0.2382792521,0.290807079,0.2460468892,0.3171473887,0.253358906,0.2713195438,0.2275525213,0.1876064043,0.2155006539,0.09243350587,0.2188704437,0.1639324957
243,0.2787326366,0.2771797228,0.2609881374,0.3638852476,0.1801252608,0.2236457297,0.2977722519,0.2934093254,0.05,0.3040703372,0.2263637158,0.196537209,0.2088368614,0.3150386827,0.357931514,0.2945099625,0.3474343372,0.3126494785,0.1837984856,0.125615732,0.192366568,0.2285365151,0.2811501828,0.2360955562,0.3070311776,0.2472287052,0.2645389637,0.2225180298,0.1898453032,0.2124800647,0.09400492277,0.2156646704,0.1621924568
244,0.279099004,0.274990708,0.2608971703,0.3808811867,0.1883896154,0.2328700086,0.3119344765,0.3064585184,0.05,0.3210561628,0.2381956451,0.197379507,0.2194310203,0.3305256575,0.374076407,0.3081643001,0.3635718887,0.3276011945,0.1930120983,0.1321549327,0.2031449951,0.2416355249,0.2954194457,0.2496662334,0.3210222737,0.2599274907,0.2787080494,0.2340702922,0.1940586844,0.2218385925,0.09537797592,0.2256473832,0.1685722814
245,0.2748470358,0.2702994065,0.2585525776,0.3752717874,0.1852688811,0.2285774163,0.3058806835,0.3020620248,0.05,0.3123202926,0.2349259737,0.1985103056,0.2153234863,0.3223902,0.3664882772,0.3047890124,0.356833411,0.3206665628,0.1888762547,0.1300955408,0.1985886775,0.2371205496,0.2901091892,0.2459549073,0.314819494,0.2523944286,0.271451289,0.2300317994,0.1940653716,0.2207366476,0.09597176251,0.2231601767,0.1676426335
246,0.2700347783,0.264731998,0.255772409,0.3787594345,0.1844293099,0.2254018396,0.3095057272,0.3046427076,0.05,0.3129151847,0.2328192679,0.1919993843,0.2165850962,0.3266904124,0.3712298632,0.3048991429,0.3604732991,0.3244507181,0.1880328444,0.1298485385,0.1982775765,0.2354472245,0.2913434711,0.2462507152,0.3185729947,0.2547271495,0.2732717869,0.2289048665,0.1902656962,0.2177386386,0.09430843284,0.2214067431,0.1661706348
247,0.2739982333,0.2664302077,0.2580663997,0.3779163329,0.1833129391,0.2262686695,0.3087786088,0.3044176789,0.05,0.3123183098,0.2292676544,0.1913397369,0.2150358423,0.3244199674,0.3688747006,0.3043964828,0.3589849525,0.3234412703,0.1868392939,0.1289836886,0.1972515371,0.234780689,0.2907110535,0.2439971564,0.3178316633,0.2534249218,0.2696049318,0.2255546459,0.1867769913,0.2138477574,0.09202218916,0.216625234,0.1624768913
248,0.2745535727,0.2648324514,0.2570602062,0.3706145674,0.1854486361,0.2306810271,0.3011189795,0.2965098265,0.05,0.3065386685,0.2263719028,0.191535635,0.2132281138,0.3174434371,0.3623294538,0.2983236358,0.3520778198,0.3158259095,0.1898451993,0.1284605732,0.1977786988,0.2354095738,0.2853026815,0.2416804142,0.3100839387,0.248403762,0.2647083753,0.2220408592,0.1862601785,0.2109606422,0.09191942329,0.2140627014,0.1612808455
249,0.2730084108,0.2647861848,0.2577840035,0.3752607213,0.1855682316,0.2299798979,0.3054132114,0.3023508965,0.05,0.3083312442,0.2289778797,0.1941179228,0.2153946767,0.3212005296,0.367140066,0.302860545,0.3571340124,0.3209415221,0.18888822,0.1297497393,0.1987186887,0.2371841931,0.2889445979,0.2453068503,0.3149971499,0.2514449107,0.2686684054,0.2253500101,0.1886113292,0.2142252399,0.09369440351,0.2169944506,0.163421985
250,0.2796261718,0.269836307,0.2621078097,0.3793731549,0.1895953739,0.2359771845,0.3079575874,0.3036214143,0.05,0.3116294492,0.2339517587,0.1959510929,0.2186787934,0.325485869,0.370467349,0.304705473,0.3605365582,0.3235865806,0.1943111841,0.1319211754,0.2032062231,0.2421313192,0.2905953527,0.2494292434,0.3177545528,0.2546046588,0.2732391259,0.2302320301,0.1915441219,0.2195962,0.09467673768,0.2225797931,0.1676533892
251,0.2712864911,0.2609959768,0.2553190097,0.3837683262,0.1877290558,0.232092326,0.3128778524,0.3080194852,0.05,0.3168523714,0.2368262518,0.1982015322,0.219611212,0.3297821486,0.3759763886,0.3092071251,0.3653151233,0.3283026455,0.1913160328,0.1318484291,0.201343169,0.2399558527,0.2950974562,0.248334095,0.3222355704,0.2588429019,0.2771544228,0.232384017,0.1942216071,0.2215803894,0.09719446491,0.224907863,0.1680704095
252,0.2746257354,0.2640427753,0.2576201899,0.3968788589,0.2008309267,0.2461770108,0.3295064132,0.326039573,0.05,0.3326303705,0.2463152039,0.2021183426,0.2342332872,0.3445176056,0.391069825,0.3249995914,0.379540446,0.3440629479,0.2053740086,0.1408408296,0.2156130626,0.2558318456,0.3117284428,0.2655561896,0.3388522924,0.2693509819,0.2888116039,0.2423403738,0.2001936407,0.2300654219,0.09896311441,0.2336918451,0.1746670945
253,0.2706870857,0.2619611219,0.2555236724,0.3813616366,0.1828102457,0.2233773103,0.3071316731,0.3027427693,0.05,0.3164631022,0.2371831436,0.1953415721,0.2137187113,0.3261004264,0.3748398642,0.3068927274,0.3634818409,0.3233553634,0.1866140027,0.1288056407,0.1967522102,0.2335257684,0.2908230497,0.2438505789,0.3172512868,0.2568923447,0.2760423092,0.232386499,0.1927338082,0.2213113785,0.09501732552,0.2249950384,0.1679949579
254,0.2823313784,0.2708475859,0.2632591194,0.3925378301,0.1907050609,0.2335242865,0.3208369882,0.3161835283,0.05,0.3313987554,0.2465804258,0.2001020625,0.224170162,0.3392243176,0.3869099088,0.3171138142,0.3748837757,0.3366372262,0.1953177942,0.1346930459,0.2057915619,0.2441043332,0.3036562057,0.2550559062,0.3311404734,0.2671755921,0.2879379078,0.2416435839,0.1993245607,0.2292677338,0.09806173597,0.233170029,0.1746241617
255,0.2767365842,0.2676874354,0.2598123532,0.3877689861,0.1869770773,0.2290080979,0.3171121102,0.3123364413,0.05,0.321142094,0.242173572,0.2006344817,0.2207513071,0.3341098579,0.3810180994,0.3143675886,0.3696016164,0.3331761418,0.1897162435,0.1318783565,0.2008487546,0.2399533731,0.2998779223,0.2494146873,0.3271013617,0.2622226108,0.2815939436,0.2376860158,0.1983413172,0.2266680959,0.09781567988,0.2295115751,0.1722394962
256,0.2794844426,0.2707969382,0.2623742431,0.3861547774,0.1912054069,0.236407271,0.3143220846,0.3097400551,0.05,0.3164000115,0.2398157419,0.2003991903,0.2230449775,0.3298508291,0.3785731274,0.3132299695,0.3675079096,0.3300908267,0.1946864116,0.1344542415,0.2054870892,0.2446834045,0.2987688955,0.252962083,0.3233524015,0.2590843335,0.2775036215,0.2349639603,0.1962056517,0.2243743654,0.09695386328,0.2278955842,0.1709974683
257,0.2709386182,0.2640529153,0.2568531041,0.3816086668,0.1868759036,0.2305277145,0.3123867872,0.3079802338,0.05,0.3153287206,0.2338765342,0.1902377734,0.2195414719,0.3284387807,0.3743926578,0.3080245459,0.3633582335,0.3274849564,0.1910648816,0.1315033242,0.2011175142,0.2400655924,0.2951776831,0.249604824,0.3225421767,0.2568903595,0.2748392822,0.230125496,0.1886345122,0.2179762422,0.0931092583,0.2220313163,0.165519807
258,0.2713011438,0.2666173355,0.2581361861,0.3715882584,0.1811136111,0.2241339758,0.3013761014,0.2968405924,0.05,0.3044377069,0.2239351722,0.1842235815,0.211353623,0.3176787709,0.3615928047,0.2983038689,0.3520274418,0.3164841807,0.1848150905,0.126382345,0.1937002877,0.2296783273,0.284818323,0.239221976,0.3103162403,0.2470860105,0.2628122371,0.219725552,0.1811097477,0.2087020407,0.08921836936,0.2120223617,0.1579371913
259,0.2768925473,0.2708832416,0.2599514486,0.3748895533,0.1868329817,0.2329099467,0.3038051438,0.2998944222,0.05,0.3121655955,0.2303785296,0.1902625691,0.2159222503,0.3197312141,0.3683159787,0.3036381556,0.3571333196,0.3186396278,0.1911011584,0.1304167789,0.200246471,0.2384055023,0.288809486,0.2456656074,0.3126491484,0.2512817002,0.2699537531,0.226017119,0.1872432206,0.2145796014,0.09215149419,0.2181844896,0.1629990038
260,0.2784926512,0.2719235387,0.2623618341,0.3810146735,0.1800407488,0.220224309,0.309949712,0.3052736893,0.05,0.3154468446,0.23525842,0.19903196,0.2141752199,0.3264769776,0.3731986586,0.3066196789,0.3622212385,0.3254283149,0.1840884204,0.1279078034,0.1944332517,0.230920037,0.292762743,0.2421536594,0.3196167298,0.256535088,0.2740313355,0.2315759703,0.1954439549,0.2213628166,0.09687649639,0.2245773694,0.1680408218
261,0.2760924564,0.271880148,0.260086974,0.3407719125,0.1657538804,0.205884266,0.2720085416,0.2679234973,0.05,0.275566785,0.2061960802,0.1766342979,0.1911391832,0.2875347474,0.3305580993,0.2702733052,0.321949242,0.2860117479,0.1692561949,0.1147056746,0.1768491556,0.2111157554,0.2567884011,0.2175568192,0.2807855026,0.2244459784,0.2404120378,0.2022089251,0.1704749496,0.1930517281,0.08409443983,0.1952742095,0.146301291
262,0.2824297639,0.2799903996,0.2656541659,0.3497739671,0.1743387639,0.2160994609,0.2848745712,0.2805773091,0.05,0.2891887634,0.2201428494,0.1899853884,0.2018003782,0.300637722,0.3432373456,0.2820766605,0.3329839992,0.2991358296,0.1782940837,0.1209807156,0.1862436925,0.2222933109,0.2688432035,0.2288541752,0.2922170357,0.2370208324,0.255154262,0.2154560798,0.1835439611,0.2073821847,0.09031258328,0.2094887761,0.1569816635
263,0.2803835125,0.2753149107,0.2629066752,0.3438082552,0.164769328,0.2043505626,0.2765447943,0.2729051438,0.05,0.283591608,0.2134889605,0.1864384649,0.1919300183,0.2944639311,0.3363259232,0.2741689082,0.3271473151,0.291008147,0.1687215641,0.115636416,0.1769575716,0.2102323941,0.2603203719,0.2190782984,0.2862616388,0.2309232117,0.2487368185,0.2100039463,0.1792459956,0.201308391,0.08826871838,0.2035877655,0.1534165972
264,0.282722573,0.2803717111,0.2644745571,0.3487538594,0.1729155151,0.2142099637,0.2855148984,0.2820959665,0.05,0.2895695987,0.2164569247,0.1840431,0.200184876,0.3009509547,0.3410108292,0.2806201014,0.3321217457,0.2990199116,0.1771374064,0.1205496211,0.1846022278,0.218885145,0.2684156673,0.2266280155,0.2950106014,0.2348405458,0.2523891305,0.2121620048,0.17870608,0.2024978872,0.08867286608,0.2055651565,0.154511339
265,0.287074205,0.2813742706,0.2672871376,0.3447313888,0.1687839848,0.2092890498,0.2779622634,0.2740744853,0.05,0.2845076388,0.2126519214,0.1831651987,0.1956614374,0.2953958929,0.3366743178,0.2755956233,0.3275895374,0.2920670577,0.1725769308,0.1179935674,0.1811672634,0.2148502379,0.2618728519,0.2215869174,0.2883025855,0.2308208369,0.2481482143,0.2088707637,0.1769478361,0.1996023307,0.08769694091,0.2021969148,0.1528122727
266,0.2876372685,0.2809273102,0.267235054,0.3464227627,0.1668616632,0.2061928708,0.2778486012,0.2740813966,0.05,0.2830814765,0.2101879087,0.183335186,0.1944551005,0.2955352968,0.338173353,0.2772620413,0.3284274259,0.2927247124,0.1698610002,0.1169802099,0.1788708861,0.2128739268,0.2631375086,0.2206162615,0.2876448196,0.2310044639,0.2460598928,0.2072400093,0.1765645777,0.1980524523,0.08729380416,0.2000188504,0.1511001587
267,0.2826903758,0.2749931421,0.2645186117,0.3365939888,0.1666368793,0.209409642,0.2733068652,0.2701276409,0.05,0.275832434,0.1976802203,0.1664932303,0.1921481288,0.2880614468,0.3260214912,0.2683314438,0.3181541307,0.2860578978,0.1707613031,0.1155202863,0.1786426402,0.2135248183,0.256696064,0.2186839018,0.2822906897,0.221418678,0.2347325663,0.1948948646,0.1612919878,0.1839181307,0.07964030301,0.1863148742,0.1394341083
268,0.2884545629,0.279978625,0.2683087941,0.3329251244,0.1659608474,0.2076717543,0.2687725096,0.2655931157,0.05,0.2700594863,0.1967586593,0.1718830062,0.1902179537,0.2817323111,0.324182434,0.2662464771,0.3147166885,0.2815057531,0.169650775,0.1146178447,0.1767225775,0.2111049493,0.2533370986,0.2161454753,0.2773899356,0.2183363338,0.2320468247,0.1945038944,0.1650036841,0.1849806078,0.08128379189,0.187411882,0.1401160976
269,0.2911610059,0.2811969147,0.2709124496,0.3223288581,0.1608368996,0.2023682563,0.2577541793,0.2540044655,0.05,0.2642853147,0.1935412395,0.1674498558,0.1836738457,0.2742342206,0.312951431,0.2570917817,0.3050721128,0.2711214811,0.1647851715,0.110476103,0.1707642451,0.2044192409,0.2440783348,0.2076580207,0.2663955912,0.2134670121,0.2275421089,0.1904939911,0.1614710997,0.1822819369,0.08003370746,0.18451604,0.1389116565
270,0.2862813782,0.2758771067,0.2680771197,0.3249680378,0.1578029749,0.1990362305,0.2586542337,0.2552609582,0.05,0.2608734971,0.188908822,0.163135821,0.1812324325,0.2745480664,0.3142738889,0.2562358641,0.3061625811,0.2722070573,0.161280055,0.109139967,0.1681671473,0.2018830739,0.2439079112,0.2073438884,0.268180214,0.2105711304,0.2236417187,0.1859288748,0.1568586285,0.1767376243,0.07731766925,0.1794084699,0.1343082665
271,0.2889575251,0.2768016252,0.2699161471,0.3165773653,0.1532850371,0.1934154073,0.2520781214,0.2490905564,0.05,0.2585419871,0.1870029871,0.1625127877,0.175743803,0.2674882267,0.3061441384,0.2496176422,0.2983120964,0.2652969625,0.1564530521,0.1056070138,0.1632293275,0.1973928254,0.236249952,0.2010225514,0.2615882346,0.2075319129,0.2207337871,0.185002006,0.1553515542,0.1758119839,0.07684723509,0.1779946511,0.1335688742
272,0.2907617978,0.2782934324,0.2713614915,0.3138320557,0.1512103336,0.1906454467,0.2485080795,0.2452580328,0.05,0.2561098457,0.1820666127,0.1591082722,0.173957706,0.2639843136,0.3029469129,0.2452690236,0.295637092,0.2611617818,0.1544265697,0.1045680726,0.1611771026,0.1941581477,0.2336994246,0.1984931472,0.2574729026,0.2045882241,0.2158234426,0.1794471793,0.1508518,0.1701819249,0.07413172955,0.1722277226,0.1291372459
273,0.2919276873,0.27908965,0.2718921617,0.3157026821,0.1545406884,0.1946271903,0.2523901469,0.2483741376,0.05,0.2565786305,0.1848988323,0.166353253,0.1780848218,0.267552566,0.3044806951,0.2496388321,0.2976952378,0.2646877782,0.1579556516,0.1072235302,0.1650278289,0.1986884016,0.2374807573,0.2025259484,0.2608938833,0.2069011599,0.2190021927,0.1831105901,0.1565655096,0.1745921029,0.07749244236,0.1761834749,0.132524479
274,0.2968312862,0.2806245204,0.2743961419,0.3197402526,0.1544323095,0.1940913127,0.2544191953,0.2518361989,0.05,0.2590695992,0.1845541962,0.1600162493,0.178365451,0.2697475136,0.3083044882,0.251290833,0.3005796365,0.2672644961,0.1581409514,0.1074707992,0.1652713791,0.1991659572,0.2393042097,0.204035333,0.2634516109,0.2076449222,0.2195456823,0.1825232118,0.1526348434,0.1726547317,0.07622110184,0.175325192,0.1316369941
275,0.298227781,0.2843478618,0.276174533,0.3148843957,0.1538668502,0.1923444977,0.2514020487,0.2480806352,0.05,0.2560663419,0.1879849223,0.1634656037,0.1766301646,0.2672347587,0.304019358,0.248318515,0.296903765,0.264177983,0.1573855209,0.1064842791,0.1641497578,0.1951645439,0.2368049217,0.2000506053,0.2604455593,0.2075837457,0.2197224227,0.1847414496,0.155715635,0.1761837506,0.07748819194,0.1778949642,0.1338239474
276,0.3016631513,0.2873756597,0.2794576107,0.3189695368,0.157507247,0.1988901989,0.2527336243,0.2489686892,0.05,0.2591777028,0.1852922799,0.1614857924,0.1797271993,0.2676727797,0.3072955358,0.2523824721,0.300357951,0.265409213,0.1607506944,0.1085648044,0.1674573693,0.201097312,0.2396914837,0.2034151633,0.2601387574,0.2075745963,0.2199204751,0.1830128624,0.1541640759,0.1740374035,0.07663455169,0.1761054186,0.1321225876
277,0.3026412428,0.2887889891,0.2799388957,0.302725823,0.1513647867,0.1923914917,0.2416743914,0.2385616353,0.05,0.2412274646,0.1753413715,0.1545242365,0.1707545476,0.2547771731,0.2918252796,0.2384238627,0.2847902694,0.2527936317,0.1542506135,0.1036663953,0.1603233577,0.1928310582,0.2273543236,0.1948433409,0.2501223609,0.1953759361,0.2064899373,0.1726887322,0.1463002951,0.1644953168,0.07207727708,0.1663018491,0.1252952678
278,0.3041268636,0.2909251558,0.2829920271,0.307276917,0.1496244121,0.188840067,0.241925885,0.2386895366,0.05,0.2494265123,0.1770876703,0.1571748156,0.1705694431,0.2582984531,0.2956206236,0.240451195,0.2887042239,0.2543929449,0.1533064273,0.1029126171,0.1587040441,0.1904304355,0.2291591645,0.1942667345,0.2499623422,0.1995806069,0.2102254921,0.1751851253,0.1482684175,0.1666153881,0.07358219952,0.1679842212,0.1264309137
279,0.3020384399,0.2887980851,0.2818228397,0.2969056707,0.1419735707,0.1796194224,0.2311470317,0.2275929778,0.05,0.2395681095,0.1694705039,0.1504874625,0.1624221398,0.2474099225,0.283423136,0.2291254358,0.2776938486,0.2435619779,0.1446498492,0.09749417196,0.1507894104,0.1832058489,0.2174718429,0.1862401237,0.2395187266,0.1911821003,0.2011718432,0.1674583041,0.1414940016,0.1586460903,0.06938796721,0.1609455829,0.1201882859
280,0.3040306578,0.2905847072,0.2839995201,0.2858946412,0.1435887912,0.1850239312,0.2262355612,0.2228436538,0.05,0.2303512545,0.1614430019,0.149721575,0.1607214971,0.2393683754,0.2723760806,0.2216097007,0.2672374646,0.236716839,0.1473566142,0.09702954687,0.1514250499,0.1831624015,0.2125557884,0.1837407661,0.2337061872,0.183704279,0.1923864537,0.1605015925,0.138951723,0.1524949053,0.06894304194,0.1542569269,0.116769121
281,0.3078681424,0.293994212,0.2871643181,0.2983446761,0.1406133412,0.1774939282,0.2337042303,0.2306524629,0.05,0.2430823272,0.17313576,0.1547562094,0.1626545636,0.2493677702,0.2865851741,0.2328400468,0.2800939069,0.2467811192,0.143750816,0.09732121068,0.1500302609,0.1804541199,0.220744638,0.1853211173,0.2425299561,0.192957961,0.2036946191,0.1703116704,0.1458082615,0.1629305365,0.07234135709,0.1642299777,0.123598863
282,0.305680605,0.2955842401,0.287561657,0.2898060146,0.1367498287,0.1744447299,0.2262000668,0.2237912762,0.05,0.2324912323,0.1609400523,0.1467404594,0.157103345,0.2418257494,0.2766541744,0.2235532712,0.270719116,0.2386294764,0.1395875711,0.09427126722,0.1456135176,0.1765484159,0.2124787788,0.179482853,0.2348308039,0.1843149678,0.1922705117,0.1597547422,0.1367896855,0.1511368623,0.06780646275,0.1525429223,0.1144266944
283,0.3106334545,0.298963269,0.2912838161,0.2950919262,0.1385143704,0.1755870274,0.2297525693,0.2267676895,0.05,0.2409941172,0.1680112065,0.1494434118,0.1601501942,0.2456208105,0.2823354109,0.2280438743,0.2758045767,0.2419337002,0.1420607346,0.09660978195,0.1480439062,0.1777642509,0.2165458085,0.1817951545,0.2384195841,0.1893450474,0.1994169525,0.1660778364,0.1410377873,0.1579969189,0.06988181727,0.159680582,0.1199866987
284,0.3095003102,0.3011261756,0.2936892826,0.3016305698,0.1484634623,0.1903374278,0.2345521967,0.2317884929,0.05,0.2384436956,0.1605874345,0.1415392017,0.1677674148,0.2487889513,0.2860748956,0.2332165454,0.2800951342,0.2464379384,0.1521918638,0.1014933311,0.1575242973,0.1888102389,0.2218768925,0.1908951001,0.2425582271,0.1881529066,0.1956624641,0.1596692215,0.1327578973,0.1500262715,0.06629296735,0.1511617788,0.1144236632
285,0.310666722,0.3019755599,0.2943856272,0.3007367156,0.1466033892,0.1888315498,0.2342076621,0.2311583849,0.05,0.2435333319,0.1662679946,0.1437276259,0.1661596709,0.2492845133,0.287183621,0.2319642815,0.2808602391,0.2465029819,0.1500264147,0.1002392473,0.155583675,0.1893113266,0.2206786925,0.1899566524,0.2427570056,0.1904331272,0.1992375276,0.164507711,0.1367486391,0.1547823875,0.06756780466,0.1561713104,0.1172110163
286,0.3093627383,0.3024113038,0.29493525,0.2937122009,0.1416981982,0.1811578442,0.2266767006,0.2239401613,0.05,0.2349201372,0.1585339139,0.1416263511,0.1606883214,0.2420823186,0.2784659591,0.224733578,0.2727811541,0.2386093715,0.1451236005,0.09699313007,0.1500314475,0.1811157019,0.21337455,0.1828962813,0.2349869189,0.1843076571,0.1920575644,0.1571874499,0.1320814387,0.1481397852,0.06490920135,0.1498125491,0.1122108316
287,0.3092007956,0.3025310054,0.2959170802,0.2950345466,0.1408630767,0.1802880173,0.2272375813,0.2238327475,0.05,0.2332994714,0.1574244828,0.139678707,0.1597467494,0.2420710847,0.2788821411,0.2252913672,0.2731407825,0.2389634486,0.143722052,0.09624978375,0.1497346538,0.1803271871,0.214500791,0.1818576977,0.2348961737,0.1834708508,0.1902866243,0.1562179224,0.130811276,0.1471005845,0.0649625193,0.1483402134,0.1117913737
